パス名,モジュール名,種類,総ステップ数,実ステップ数,コメント[％]
"C:\Users\shinj\OneDrive\ドキュメント\Creation\ソフト開発\WindowsProject\20_SNFramework\21_Include\SNConst.h","モジュール外",h,16,6,13.9
"C:\Users\shinj\OneDrive\ドキュメント\Creation\ソフト開発\WindowsProject\20_SNFramework\21_Include\SNEnum.h","モジュール外",h,559,493,11.3
"C:\Users\shinj\OneDrive\ドキュメント\Creation\ソフト開発\WindowsProject\20_SNFramework\21_Include\SNFramework.h","モジュール外",h,6,2,25.3
"C:\Users\shinj\OneDrive\ドキュメント\Creation\ソフト開発\WindowsProject\20_SNFramework\21_Include\SNFrameworkInternal.h","モジュール外",h,13,5,28.0
"C:\Users\shinj\OneDrive\ドキュメント\Creation\ソフト開発\WindowsProject\20_SNFramework\21_Include\SNStruct.h","モジュール外",h,59,42,40.6
"C:\Users\shinj\OneDrive\ドキュメント\Creation\ソフト開発\WindowsProject\20_SNFramework\21_Include\SNTypes.h","モジュール外",h,30,21,0.0
"C:\Users\shinj\OneDrive\ドキュメント\Creation\ソフト開発\WindowsProject\20_SNFramework\22_System\Component\SNAutoResource.cpp","モジュール外",cpp,3,2,0.0
"C:\Users\shinj\OneDrive\ドキュメント\Creation\ソフト開発\WindowsProject\20_SNFramework\22_System\Component\SNAutoResource.cpp","SNAutoResource::SNAutoResource",cpp,13,9,9.4
"C:\Users\shinj\OneDrive\ドキュメント\Creation\ソフト開発\WindowsProject\20_SNFramework\22_System\Component\SNAutoResource.cpp","SNAutoResource::~SNAutoResource",cpp,10,8,11.6
"C:\Users\shinj\OneDrive\ドキュメント\Creation\ソフト開発\WindowsProject\20_SNFramework\22_System\Component\SNAutoResource.h","モジュール外",h,19,11,28.4
"C:\Users\shinj\OneDrive\ドキュメント\Creation\ソフト開発\WindowsProject\20_SNFramework\22_System\Component\SNBMString.cpp","モジュール外",cpp,6,3,29.1
"C:\Users\shinj\OneDrive\ドキュメント\Creation\ソフト開発\WindowsProject\20_SNFramework\22_System\Component\SNBMString.cpp","SNBMString::SNBMString()",cpp,11,7,21.7
"C:\Users\shinj\OneDrive\ドキュメント\Creation\ソフト開発\WindowsProject\20_SNFramework\22_System\Component\SNBMString.cpp","SNBMString::SNBMString(String str)",cpp,9,5,34.7
"C:\Users\shinj\OneDrive\ドキュメント\Creation\ソフト開発\WindowsProject\20_SNFramework\22_System\Component\SNBMString.cpp","SNBMString::SNBMString",cpp,9,5,28.9
"C:\Users\shinj\OneDrive\ドキュメント\Creation\ソフト開発\WindowsProject\20_SNFramework\22_System\Component\SNBMString.cpp","SNBMString::~SNBMString",cpp,7,5,17.4
"C:\Users\shinj\OneDrive\ドキュメント\Creation\ソフト開発\WindowsProject\20_SNFramework\22_System\Component\SNBMString.cpp","BMString SNBMString::GetString",cpp,6,4,12.6
"C:\Users\shinj\OneDrive\ドキュメント\Creation\ソフト開発\WindowsProject\20_SNFramework\22_System\Component\SNBMString.cpp","Int32 SNBMString::GetLength",cpp,6,4,20.5
"C:\Users\shinj\OneDrive\ドキュメント\Creation\ソフト開発\WindowsProject\20_SNFramework\22_System\Component\SNBMString.cpp","Int32 SNBMString::GetAllocLength",cpp,6,4,12.7
"C:\Users\shinj\OneDrive\ドキュメント\Creation\ソフト開発\WindowsProject\20_SNFramework\22_System\Component\SNBMString.cpp","Void SNBMString::SetString(String str)",cpp,21,11,17.5
"C:\Users\shinj\OneDrive\ドキュメント\Creation\ソフト開発\WindowsProject\20_SNFramework\22_System\Component\SNBMString.cpp","Void SNBMString::SetString(BMString str, Int32 length)",cpp,24,11,22.8
"C:\Users\shinj\OneDrive\ドキュメント\Creation\ソフト開発\WindowsProject\20_SNFramework\22_System\Component\SNBMString.cpp","Void SNBMString::SetString",cpp,26,13,18.6
"C:\Users\shinj\OneDrive\ドキュメント\Creation\ソフト開発\WindowsProject\20_SNFramework\22_System\Component\SNBMString.cpp","Void SNBMString::AddString",cpp,24,12,18.7
"C:\Users\shinj\OneDrive\ドキュメント\Creation\ソフト開発\WindowsProject\20_SNFramework\22_System\Component\SNBMString.cpp","Void SNBMString::Print",cpp,27,11,28.4
"C:\Users\shinj\OneDrive\ドキュメント\Creation\ソフト開発\WindowsProject\20_SNFramework\22_System\Component\SNBMString.cpp","Void SNBMString::Clear",cpp,10,7,21.2
"C:\Users\shinj\OneDrive\ドキュメント\Creation\ソフト開発\WindowsProject\20_SNFramework\22_System\Component\SNBMString.cpp","Void SNBMString::PreAllocate",cpp,10,7,32.8
"C:\Users\shinj\OneDrive\ドキュメント\Creation\ソフト開発\WindowsProject\20_SNFramework\22_System\Component\SNBMString.cpp","Void SNBMString::ReplaceCharacter",cpp,18,13,27.3
"C:\Users\shinj\OneDrive\ドキュメント\Creation\ソフト開発\WindowsProject\20_SNFramework\22_System\Component\SNBMString.cpp","SNSize SNBMString::GetStringImageSize",cpp,10,7,12.3
"C:\Users\shinj\OneDrive\ドキュメント\Creation\ソフト開発\WindowsProject\20_SNFramework\22_System\Component\SNBMString.h","モジュール外",h,64,26,41.1
"C:\Users\shinj\OneDrive\ドキュメント\Creation\ソフト開発\WindowsProject\20_SNFramework\22_System\Component\SNCriticalSection.cpp","モジュール外",cpp,5,2,27.7
"C:\Users\shinj\OneDrive\ドキュメント\Creation\ソフト開発\WindowsProject\20_SNFramework\22_System\Component\SNCriticalSection.cpp","SNCriticalSection::SNCriticalSection",cpp,8,5,15.7
"C:\Users\shinj\OneDrive\ドキュメント\Creation\ソフト開発\WindowsProject\20_SNFramework\22_System\Component\SNCriticalSection.cpp","SNCriticalSection::~SNCriticalSection",cpp,14,10,15.1
"C:\Users\shinj\OneDrive\ドキュメント\Creation\ソフト開発\WindowsProject\20_SNFramework\22_System\Component\SNCriticalSection.cpp","Void SNCriticalSection::Initialize",cpp,20,12,23.8
"C:\Users\shinj\OneDrive\ドキュメント\Creation\ソフト開発\WindowsProject\20_SNFramework\22_System\Component\SNCriticalSection.cpp","Void SNCriticalSection::Lock",cpp,13,8,28.3
"C:\Users\shinj\OneDrive\ドキュメント\Creation\ソフト開発\WindowsProject\20_SNFramework\22_System\Component\SNCriticalSection.cpp","Void SNCriticalSection::Unlock",cpp,13,8,29.3
"C:\Users\shinj\OneDrive\ドキュメント\Creation\ソフト開発\WindowsProject\20_SNFramework\22_System\Component\SNCriticalSection.cpp","Void SNCriticalSection::Acquire",cpp,8,5,25.5
"C:\Users\shinj\OneDrive\ドキュメント\Creation\ソフト開発\WindowsProject\20_SNFramework\22_System\Component\SNCriticalSection.cpp","Void SNCriticalSection::Release",cpp,7,5,25.5
"C:\Users\shinj\OneDrive\ドキュメント\Creation\ソフト開発\WindowsProject\20_SNFramework\22_System\Component\SNCriticalSection.h","モジュール外",h,35,16,33.9
"C:\Users\shinj\OneDrive\ドキュメント\Creation\ソフト開発\WindowsProject\20_SNFramework\22_System\Component\SNFPSCounter.cpp","モジュール外",cpp,8,4,17.1
"C:\Users\shinj\OneDrive\ドキュメント\Creation\ソフト開発\WindowsProject\20_SNFramework\22_System\Component\SNFPSCounter.cpp","SNFPSCounter::SNFPSCounter",cpp,20,12,8.8
"C:\Users\shinj\OneDrive\ドキュメント\Creation\ソフト開発\WindowsProject\20_SNFramework\22_System\Component\SNFPSCounter.cpp","SNFPSCounter::~SNFPSCounter",cpp,9,5,26.1
"C:\Users\shinj\OneDrive\ドキュメント\Creation\ソフト開発\WindowsProject\20_SNFramework\22_System\Component\SNFPSCounter.cpp","Void SNFPSCounter::Start",cpp,17,9,24.6
"C:\Users\shinj\OneDrive\ドキュメント\Creation\ソフト開発\WindowsProject\20_SNFramework\22_System\Component\SNFPSCounter.cpp","Void SNFPSCounter::Count",cpp,38,19,26.2
"C:\Users\shinj\OneDrive\ドキュメント\Creation\ソフト開発\WindowsProject\20_SNFramework\22_System\Component\SNFPSCounter.cpp","UInt32 SNFPSCounter::GetFPS",cpp,8,5,20.1
"C:\Users\shinj\OneDrive\ドキュメント\Creation\ソフト開発\WindowsProject\20_SNFramework\22_System\Component\SNFPSCounter.h","モジュール外",h,39,22,38.3
"C:\Users\shinj\OneDrive\ドキュメント\Creation\ソフト開発\WindowsProject\20_SNFramework\22_System\Component\SNFPSTimer.cpp","モジュール外",cpp,6,3,18.1
"C:\Users\shinj\OneDrive\ドキュメント\Creation\ソフト開発\WindowsProject\20_SNFramework\22_System\Component\SNFPSTimer.cpp","SNFPSTimer::SNFPSTimer",cpp,13,9,12.3
"C:\Users\shinj\OneDrive\ドキュメント\Creation\ソフト開発\WindowsProject\20_SNFramework\22_System\Component\SNFPSTimer.cpp","SNFPSTimer::~SNFPSTimer",cpp,7,4,23.4
"C:\Users\shinj\OneDrive\ドキュメント\Creation\ソフト開発\WindowsProject\20_SNFramework\22_System\Component\SNFPSTimer.cpp","Void SNFPSTimer::Start",cpp,12,6,34.7
"C:\Users\shinj\OneDrive\ドキュメント\Creation\ソフト開発\WindowsProject\20_SNFramework\22_System\Component\SNFPSTimer.cpp","Void SNFPSTimer::Restart",cpp,29,17,37.4
"C:\Users\shinj\OneDrive\ドキュメント\Creation\ソフト開発\WindowsProject\20_SNFramework\22_System\Component\SNFPSTimer.cpp","Boolean SNFPSTimer::CheckTimeout",cpp,10,5,36.6
"C:\Users\shinj\OneDrive\ドキュメント\Creation\ソフト開発\WindowsProject\20_SNFramework\22_System\Component\SNFPSTimer.cpp","Void SNFPSTimer::Sleep",cpp,23,14,29.3
"C:\Users\shinj\OneDrive\ドキュメント\Creation\ソフト開発\WindowsProject\20_SNFramework\22_System\Component\SNFPSTimer.cpp","Boolean SNFPSTimer::GetSkipFlag",cpp,5,4,25.3
"C:\Users\shinj\OneDrive\ドキュメント\Creation\ソフト開発\WindowsProject\20_SNFramework\22_System\Component\SNFPSTimer.h","モジュール外",h,44,22,44.1
"C:\Users\shinj\OneDrive\ドキュメント\Creation\ソフト開発\WindowsProject\20_SNFramework\22_System\Component\SNList.cpp","モジュール外",cpp,7,3,16.3
"C:\Users\shinj\OneDrive\ドキュメント\Creation\ソフト開発\WindowsProject\20_SNFramework\22_System\Component\SNList.cpp","SNList::SNList",cpp,13,10,16.8
"C:\Users\shinj\OneDrive\ドキュメント\Creation\ソフト開発\WindowsProject\20_SNFramework\22_System\Component\SNList.cpp","SNList::~SNList",cpp,7,5,18.7
"C:\Users\shinj\OneDrive\ドキュメント\Creation\ソフト開発\WindowsProject\20_SNFramework\22_System\Component\SNList.cpp","Void SNList::Allocate",cpp,39,21,23.1
"C:\Users\shinj\OneDrive\ドキュメント\Creation\ソフト開発\WindowsProject\20_SNFramework\22_System\Component\SNList.cpp","Void SNList::Free",cpp,17,11,17.4
"C:\Users\shinj\OneDrive\ドキュメント\Creation\ソフト開発\WindowsProject\20_SNFramework\22_System\Component\SNList.cpp","Void SNList::Clear",cpp,30,16,51.8
"C:\Users\shinj\OneDrive\ドキュメント\Creation\ソフト開発\WindowsProject\20_SNFramework\22_System\Component\SNList.cpp","Void SNList::Restore",cpp,42,20,40.6
"C:\Users\shinj\OneDrive\ドキュメント\Creation\ソフト開発\WindowsProject\20_SNFramework\22_System\Component\SNList.cpp","SNListContainer* SNList::DirectAccess",cpp,8,4,45.9
"C:\Users\shinj\OneDrive\ドキュメント\Creation\ソフト開発\WindowsProject\20_SNFramework\22_System\Component\SNList.cpp","SNListContainer* SNList::InsertTop",cpp,7,4,29.0
"C:\Users\shinj\OneDrive\ドキュメント\Creation\ソフト開発\WindowsProject\20_SNFramework\22_System\Component\SNList.cpp","SNListContainer* SNList::InsertLast",cpp,7,4,28.5
"C:\Users\shinj\OneDrive\ドキュメント\Creation\ソフト開発\WindowsProject\20_SNFramework\22_System\Component\SNList.cpp","SNListContainer* SNList::InsertAtIndex",cpp,56,34,37.3
"C:\Users\shinj\OneDrive\ドキュメント\Creation\ソフト開発\WindowsProject\20_SNFramework\22_System\Component\SNList.cpp","SNListContainer* SNList::InsertToBefore",cpp,43,27,30.8
"C:\Users\shinj\OneDrive\ドキュメント\Creation\ソフト開発\WindowsProject\20_SNFramework\22_System\Component\SNList.cpp","SNListContainer* SNList::InsertToAfter",cpp,44,27,30.7
"C:\Users\shinj\OneDrive\ドキュメント\Creation\ソフト開発\WindowsProject\20_SNFramework\22_System\Component\SNList.cpp","SNListContainer* SNList::GetTop",cpp,6,4,22.3
"C:\Users\shinj\OneDrive\ドキュメント\Creation\ソフト開発\WindowsProject\20_SNFramework\22_System\Component\SNList.cpp","SNListContainer* SNList::GetLast",cpp,6,4,21.7
"C:\Users\shinj\OneDrive\ドキュメント\Creation\ソフト開発\WindowsProject\20_SNFramework\22_System\Component\SNList.cpp","SNListContainer* SNList::GetAtIndex",cpp,6,4,25.4
"C:\Users\shinj\OneDrive\ドキュメント\Creation\ソフト開発\WindowsProject\20_SNFramework\22_System\Component\SNList.cpp","Void SNList::RemoveTop",cpp,9,5,28.2
"C:\Users\shinj\OneDrive\ドキュメント\Creation\ソフト開発\WindowsProject\20_SNFramework\22_System\Component\SNList.cpp","Void SNList::RemoveLast",cpp,9,5,25.4
"C:\Users\shinj\OneDrive\ドキュメント\Creation\ソフト開発\WindowsProject\20_SNFramework\22_System\Component\SNList.cpp","Void SNList::RemoveAtIndex",cpp,30,16,37.9
"C:\Users\shinj\OneDrive\ドキュメント\Creation\ソフト開発\WindowsProject\20_SNFramework\22_System\Component\SNList.cpp","Void SNList::Remove",cpp,45,26,34.3
"C:\Users\shinj\OneDrive\ドキュメント\Creation\ソフト開発\WindowsProject\20_SNFramework\22_System\Component\SNList.cpp","Void SNList::MoveAtIndex",cpp,57,31,41.9
"C:\Users\shinj\OneDrive\ドキュメント\Creation\ソフト開発\WindowsProject\20_SNFramework\22_System\Component\SNList.cpp","Void SNList::MoveToBefore",cpp,28,14,35.6
"C:\Users\shinj\OneDrive\ドキュメント\Creation\ソフト開発\WindowsProject\20_SNFramework\22_System\Component\SNList.cpp","Void SNList::MoveToAfter",cpp,28,14,35.9
"C:\Users\shinj\OneDrive\ドキュメント\Creation\ソフト開発\WindowsProject\20_SNFramework\22_System\Component\SNList.cpp","Int32 SNList::GetNum",cpp,6,4,20.0
"C:\Users\shinj\OneDrive\ドキュメント\Creation\ソフト開発\WindowsProject\20_SNFramework\22_System\Component\SNList.cpp","SNListContainer* SNList::GetFromPool",cpp,31,18,26.9
"C:\Users\shinj\OneDrive\ドキュメント\Creation\ソフト開発\WindowsProject\20_SNFramework\22_System\Component\SNList.cpp","Void SNList::ReturnToPool",cpp,25,13,27.8
"C:\Users\shinj\OneDrive\ドキュメント\Creation\ソフト開発\WindowsProject\20_SNFramework\22_System\Component\SNList.cpp","SNListContainer* SNList::SearchAtIndex",cpp,41,26,32.5
"C:\Users\shinj\OneDrive\ドキュメント\Creation\ソフト開発\WindowsProject\20_SNFramework\22_System\Component\SNList.h","モジュール外",h,114,49,37.0
"C:\Users\shinj\OneDrive\ドキュメント\Creation\ソフト開発\WindowsProject\20_SNFramework\22_System\Component\SNMath.cpp","モジュール外",cpp,8,1,57.8
"C:\Users\shinj\OneDrive\ドキュメント\Creation\ソフト開発\WindowsProject\20_SNFramework\22_System\Component\SNMath.cpp","Int64 SNMath::SelectMax",cpp,6,4,13.4
"C:\Users\shinj\OneDrive\ドキュメント\Creation\ソフト開発\WindowsProject\20_SNFramework\22_System\Component\SNMath.cpp","Int64 SNMath::SelectMin",cpp,6,4,13.4
"C:\Users\shinj\OneDrive\ドキュメント\Creation\ソフト開発\WindowsProject\20_SNFramework\22_System\Component\SNMath.cpp","Int64 SNMath::Increment",cpp,27,17,34.3
"C:\Users\shinj\OneDrive\ドキュメント\Creation\ソフト開発\WindowsProject\20_SNFramework\22_System\Component\SNMath.cpp","Int64 SNMath::Decrement",cpp,27,17,34.0
"C:\Users\shinj\OneDrive\ドキュメント\Creation\ソフト開発\WindowsProject\20_SNFramework\22_System\Component\SNMath.cpp","Int64 SNMath::SaturateInc",cpp,17,13,9.8
"C:\Users\shinj\OneDrive\ドキュメント\Creation\ソフト開発\WindowsProject\20_SNFramework\22_System\Component\SNMath.cpp","Int64 SNMath::SaturateDec",cpp,16,13,9.0
"C:\Users\shinj\OneDrive\ドキュメント\Creation\ソフト開発\WindowsProject\20_SNFramework\22_System\Component\SNMath.h","モジュール外",h,31,12,35.3
"C:\Users\shinj\OneDrive\ドキュメント\Creation\ソフト開発\WindowsProject\20_SNFramework\22_System\Component\SNMemory.cpp","モジュール外",cpp,5,2,21.1
"C:\Users\shinj\OneDrive\ドキュメント\Creation\ソフト開発\WindowsProject\20_SNFramework\22_System\Component\SNMemory.cpp","SNMemory::SNMemory",cpp,11,7,24.8
"C:\Users\shinj\OneDrive\ドキュメント\Creation\ソフト開発\WindowsProject\20_SNFramework\22_System\Component\SNMemory.cpp","SNMemory::~SNMemory",cpp,13,9,26.0
"C:\Users\shinj\OneDrive\ドキュメント\Creation\ソフト開発\WindowsProject\20_SNFramework\22_System\Component\SNMemory.cpp","Void SNMemory::Allocate",cpp,38,21,37.2
"C:\Users\shinj\OneDrive\ドキュメント\Creation\ソフト開発\WindowsProject\20_SNFramework\22_System\Component\SNMemory.cpp","Void SNMemory::Free",cpp,15,11,21.2
"C:\Users\shinj\OneDrive\ドキュメント\Creation\ソフト開発\WindowsProject\20_SNFramework\22_System\Component\SNMemory.cpp","Void* SNMemory::GetAddress",cpp,6,4,20.5
"C:\Users\shinj\OneDrive\ドキュメント\Creation\ソフト開発\WindowsProject\20_SNFramework\22_System\Component\SNMemory.cpp","UInt32 SNMemory::GetSize",cpp,6,4,19.6
"C:\Users\shinj\OneDrive\ドキュメント\Creation\ソフト開発\WindowsProject\20_SNFramework\22_System\Component\SNMemory.cpp","UInt32 SNMemory::GetAllocSize",cpp,6,4,21.2
"C:\Users\shinj\OneDrive\ドキュメント\Creation\ソフト開発\WindowsProject\20_SNFramework\22_System\Component\SNMemory.cpp","Void SNMemory::Clear",cpp,11,8,12.0
"C:\Users\shinj\OneDrive\ドキュメント\Creation\ソフト開発\WindowsProject\20_SNFramework\22_System\Component\SNMemory.cpp","Void SNMemory::Copy",cpp,22,17,16.8
"C:\Users\shinj\OneDrive\ドキュメント\Creation\ソフト開発\WindowsProject\20_SNFramework\22_System\Component\SNMemory.h","モジュール外",h,44,21,34.7
"C:\Users\shinj\OneDrive\ドキュメント\Creation\ソフト開発\WindowsProject\20_SNFramework\22_System\Component\SNMutex.cpp","モジュール外",cpp,4,2,0.0
"C:\Users\shinj\OneDrive\ドキュメント\Creation\ソフト開発\WindowsProject\20_SNFramework\22_System\Component\SNMutex.cpp","SNMutex::SNMutex",cpp,9,6,15.4
"C:\Users\shinj\OneDrive\ドキュメント\Creation\ソフト開発\WindowsProject\20_SNFramework\22_System\Component\SNMutex.cpp","SNMutex::~SNMutex",cpp,13,9,23.7
"C:\Users\shinj\OneDrive\ドキュメント\Creation\ソフト開発\WindowsProject\20_SNFramework\22_System\Component\SNMutex.cpp","Void SNMutex::Create",cpp,25,14,36.5
"C:\Users\shinj\OneDrive\ドキュメント\Creation\ソフト開発\WindowsProject\20_SNFramework\22_System\Component\SNMutex.cpp","Void SNMutex::Delete",cpp,13,9,25.6
"C:\Users\shinj\OneDrive\ドキュメント\Creation\ソフト開発\WindowsProject\20_SNFramework\22_System\Component\SNMutex.cpp","Boolean SNMutex::IsFirst",cpp,7,4,56.9
"C:\Users\shinj\OneDrive\ドキュメント\Creation\ソフト開発\WindowsProject\20_SNFramework\22_System\Component\SNMutex.h","モジュール外",h,34,16,58.5
"C:\Users\shinj\OneDrive\ドキュメント\Creation\ソフト開発\WindowsProject\20_SNFramework\22_System\Component\SNResourceIF.cpp","モジュール外",cpp,4,2,0.0
"C:\Users\shinj\OneDrive\ドキュメント\Creation\ソフト開発\WindowsProject\20_SNFramework\22_System\Component\SNResourceIF.cpp","SNResourceIF::SNResourceIF",cpp,6,4,25.3
"C:\Users\shinj\OneDrive\ドキュメント\Creation\ソフト開発\WindowsProject\20_SNFramework\22_System\Component\SNResourceIF.cpp","SNResourceIF::~SNResourceIF",cpp,5,4,23.4
"C:\Users\shinj\OneDrive\ドキュメント\Creation\ソフト開発\WindowsProject\20_SNFramework\22_System\Component\SNResourceIF.h","モジュール外",h,24,11,35.8
"C:\Users\shinj\OneDrive\ドキュメント\Creation\ソフト開発\WindowsProject\20_SNFramework\22_System\Component\SNSoftTimer.cpp","モジュール外",cpp,9,3,31.5
"C:\Users\shinj\OneDrive\ドキュメント\Creation\ソフト開発\WindowsProject\20_SNFramework\22_System\Component\SNSoftTimer.cpp","Void SNSoftTimer::Initialize",cpp,8,5,10.8
"C:\Users\shinj\OneDrive\ドキュメント\Creation\ソフト開発\WindowsProject\20_SNFramework\22_System\Component\SNSoftTimer.cpp","Void SNSoftTimer::Terminate",cpp,6,4,12.0
"C:\Users\shinj\OneDrive\ドキュメント\Creation\ソフト開発\WindowsProject\20_SNFramework\22_System\Component\SNSoftTimer.cpp","Void SNSoftTimer::Count",cpp,9,5,39.6
"C:\Users\shinj\OneDrive\ドキュメント\Creation\ソフト開発\WindowsProject\20_SNFramework\22_System\Component\SNSoftTimer.cpp","SNSoftTimer::SNSoftTimer",cpp,11,7,22.0
"C:\Users\shinj\OneDrive\ドキュメント\Creation\ソフト開発\WindowsProject\20_SNFramework\22_System\Component\SNSoftTimer.cpp","SNSoftTimer::~SNSoftTimer",cpp,6,4,23.4
"C:\Users\shinj\OneDrive\ドキュメント\Creation\ソフト開発\WindowsProject\20_SNFramework\22_System\Component\SNSoftTimer.cpp","Void SNSoftTimer::Start",cpp,16,7,45.0
"C:\Users\shinj\OneDrive\ドキュメント\Creation\ソフト開発\WindowsProject\20_SNFramework\22_System\Component\SNSoftTimer.cpp","Void SNSoftTimer::Restart",cpp,12,6,42.3
"C:\Users\shinj\OneDrive\ドキュメント\Creation\ソフト開発\WindowsProject\20_SNFramework\22_System\Component\SNSoftTimer.cpp","Void SNSoftTimer::Stop",cpp,11,7,16.1
"C:\Users\shinj\OneDrive\ドキュメント\Creation\ソフト開発\WindowsProject\20_SNFramework\22_System\Component\SNSoftTimer.cpp","Boolean SNSoftTimer::IsTimeout",cpp,19,12,42.0
"C:\Users\shinj\OneDrive\ドキュメント\Creation\ソフト開発\WindowsProject\20_SNFramework\22_System\Component\SNSoftTimer.cpp","UInt32 SNSoftTimer::ElapsedFrame",cpp,6,4,18.8
"C:\Users\shinj\OneDrive\ドキュメント\Creation\ソフト開発\WindowsProject\20_SNFramework\22_System\Component\SNSoftTimer.cpp","Boolean SNSoftTimer::IsRunning",cpp,5,4,26.2
"C:\Users\shinj\OneDrive\ドキュメント\Creation\ソフト開発\WindowsProject\20_SNFramework\22_System\Component\SNSoftTimer.h","モジュール外",h,63,24,43.9
"C:\Users\shinj\OneDrive\ドキュメント\Creation\ソフト開発\WindowsProject\20_SNFramework\22_System\Component\SNStopWatch.cpp","モジュール外",cpp,5,4,0.0
"C:\Users\shinj\OneDrive\ドキュメント\Creation\ソフト開発\WindowsProject\20_SNFramework\22_System\Component\SNStopWatch.cpp","SNStopWatch::SNStopWatch",cpp,18,13,9.1
"C:\Users\shinj\OneDrive\ドキュメント\Creation\ソフト開発\WindowsProject\20_SNFramework\22_System\Component\SNStopWatch.cpp","SNStopWatch::~SNStopWatch",cpp,8,5,27.4
"C:\Users\shinj\OneDrive\ドキュメント\Creation\ソフト開発\WindowsProject\20_SNFramework\22_System\Component\SNStopWatch.cpp","Void SNStopWatch::Start",cpp,23,14,31.6
"C:\Users\shinj\OneDrive\ドキュメント\Creation\ソフト開発\WindowsProject\20_SNFramework\22_System\Component\SNStopWatch.cpp","Void SNStopWatch::Stop",cpp,31,18,19.4
"C:\Users\shinj\OneDrive\ドキュメント\Creation\ソフト開発\WindowsProject\20_SNFramework\22_System\Component\SNStopWatch.cpp","UInt32 SNStopWatch::GetAverage",cpp,9,5,26.0
"C:\Users\shinj\OneDrive\ドキュメント\Creation\ソフト開発\WindowsProject\20_SNFramework\22_System\Component\SNStopWatch.cpp","UInt32 SNStopWatch::GetMax",cpp,6,4,30.1
"C:\Users\shinj\OneDrive\ドキュメント\Creation\ソフト開発\WindowsProject\20_SNFramework\22_System\Component\SNStopWatch.cpp","UInt32 SNStopWatch::GetMin",cpp,6,4,30.1
"C:\Users\shinj\OneDrive\ドキュメント\Creation\ソフト開発\WindowsProject\20_SNFramework\22_System\Component\SNStopWatch.h","モジュール外",h,41,22,42.3
"C:\Users\shinj\OneDrive\ドキュメント\Creation\ソフト開発\WindowsProject\20_SNFramework\22_System\Component\SNString.cpp","モジュール外",cpp,6,2,20.5
"C:\Users\shinj\OneDrive\ドキュメント\Creation\ソフト開発\WindowsProject\20_SNFramework\22_System\Component\SNString.cpp","SNString::SNString()",cpp,11,7,22.2
"C:\Users\shinj\OneDrive\ドキュメント\Creation\ソフト開発\WindowsProject\20_SNFramework\22_System\Component\SNString.cpp","SNString::SNString",cpp,15,8,35.8
"C:\Users\shinj\OneDrive\ドキュメント\Creation\ソフト開発\WindowsProject\20_SNFramework\22_System\Component\SNString.cpp","SNString::~SNString",cpp,7,5,18.2
"C:\Users\shinj\OneDrive\ドキュメント\Creation\ソフト開発\WindowsProject\20_SNFramework\22_System\Component\SNString.cpp","String SNString::GetString",cpp,6,4,13.4
"C:\Users\shinj\OneDrive\ドキュメント\Creation\ソフト開発\WindowsProject\20_SNFramework\22_System\Component\SNString.cpp","Int32 SNString::GetLength",cpp,6,4,21.1
"C:\Users\shinj\OneDrive\ドキュメント\Creation\ソフト開発\WindowsProject\20_SNFramework\22_System\Component\SNString.cpp","Int32 SNString::GetAllocLength",cpp,6,4,16.1
"C:\Users\shinj\OneDrive\ドキュメント\Creation\ソフト開発\WindowsProject\20_SNFramework\22_System\Component\SNString.cpp","Void SNString::SetString(String str)",cpp,25,12,22.1
"C:\Users\shinj\OneDrive\ドキュメント\Creation\ソフト開発\WindowsProject\20_SNFramework\22_System\Component\SNString.cpp","Void SNString::SetString",cpp,25,12,21.4
"C:\Users\shinj\OneDrive\ドキュメント\Creation\ソフト開発\WindowsProject\20_SNFramework\22_System\Component\SNString.cpp","Void SNString::AddString",cpp,25,12,19.2
"C:\Users\shinj\OneDrive\ドキュメント\Creation\ソフト開発\WindowsProject\20_SNFramework\22_System\Component\SNString.cpp","Void SNString::Print",cpp,18,8,28.0
"C:\Users\shinj\OneDrive\ドキュメント\Creation\ソフト開発\WindowsProject\20_SNFramework\22_System\Component\SNString.cpp","Void SNString::Clear",cpp,10,7,21.4
"C:\Users\shinj\OneDrive\ドキュメント\Creation\ソフト開発\WindowsProject\20_SNFramework\22_System\Component\SNString.cpp","Void SNString::PreAllocate",cpp,10,7,33.0
"C:\Users\shinj\OneDrive\ドキュメント\Creation\ソフト開発\WindowsProject\20_SNFramework\22_System\Component\SNString.cpp","Void SNString::ReplaceCharacter",cpp,17,13,28.2
"C:\Users\shinj\OneDrive\ドキュメント\Creation\ソフト開発\WindowsProject\20_SNFramework\22_System\Component\SNString.h","モジュール外",h,64,23,59.0
"C:\Users\shinj\OneDrive\ドキュメント\Creation\ソフト開発\WindowsProject\20_SNFramework\22_System\Component\SNThread.cpp","モジュール外",cpp,6,2,22.6
"C:\Users\shinj\OneDrive\ドキュメント\Creation\ソフト開発\WindowsProject\20_SNFramework\22_System\Component\SNThread.cpp","static Void EntryPoint",cpp,13,6,40.5
"C:\Users\shinj\OneDrive\ドキュメント\Creation\ソフト開発\WindowsProject\20_SNFramework\22_System\Component\SNThread.cpp","SNThread::SNThread",cpp,10,6,24.1
"C:\Users\shinj\OneDrive\ドキュメント\Creation\ソフト開発\WindowsProject\20_SNFramework\22_System\Component\SNThread.cpp","SNThread::~SNThread",cpp,16,11,34.9
"C:\Users\shinj\OneDrive\ドキュメント\Creation\ソフト開発\WindowsProject\20_SNFramework\22_System\Component\SNThread.cpp","Void SNThread::Run",cpp,18,11,38.0
"C:\Users\shinj\OneDrive\ドキュメント\Creation\ソフト開発\WindowsProject\20_SNFramework\22_System\Component\SNThread.cpp","Boolean SNThread::GetRunStatus",cpp,6,4,20.9
"C:\Users\shinj\OneDrive\ドキュメント\Creation\ソフト開発\WindowsProject\20_SNFramework\22_System\Component\SNThread.cpp","Handle SNThread::GetThreadHandle",cpp,7,4,24.4
"C:\Users\shinj\OneDrive\ドキュメント\Creation\ソフト開発\WindowsProject\20_SNFramework\22_System\Component\SNThread.cpp","Void SNThread::ThreadMain",cpp,15,7,38.3
"C:\Users\shinj\OneDrive\ドキュメント\Creation\ソフト開発\WindowsProject\20_SNFramework\22_System\Component\SNThread.cpp","Void SNThread::UserMain",cpp,7,4,62.6
"C:\Users\shinj\OneDrive\ドキュメント\Creation\ソフト開発\WindowsProject\20_SNFramework\22_System\Component\SNThread.h","モジュール外",h,37,16,53.0
"C:\Users\shinj\OneDrive\ドキュメント\Creation\ソフト開発\WindowsProject\20_SNFramework\22_System\Core\SNEntryPoint.cpp","モジュール外",cpp,3,2,0.0
"C:\Users\shinj\OneDrive\ドキュメント\Creation\ソフト開発\WindowsProject\20_SNFramework\22_System\Core\SNEntryPoint.cpp","int APIENTRY wWinMain",cpp,25,13,38.1
"C:\Users\shinj\OneDrive\ドキュメント\Creation\ソフト開発\WindowsProject\20_SNFramework\22_System\Core\SNSystem.cpp","モジュール外",cpp,19,15,18.9
"C:\Users\shinj\OneDrive\ドキュメント\Creation\ソフト開発\WindowsProject\20_SNFramework\22_System\Core\SNSystem.cpp","Void SNSystem::Initialize",cpp,37,22,31.4
"C:\Users\shinj\OneDrive\ドキュメント\Creation\ソフト開発\WindowsProject\20_SNFramework\22_System\Core\SNSystem.cpp","Void SNSystem::Startup",cpp,17,11,40.0
"C:\Users\shinj\OneDrive\ドキュメント\Creation\ソフト開発\WindowsProject\20_SNFramework\22_System\Core\SNSystem.cpp","Void SNSystem::Run",cpp,28,18,38.1
"C:\Users\shinj\OneDrive\ドキュメント\Creation\ソフト開発\WindowsProject\20_SNFramework\22_System\Core\SNSystem.cpp","Void SNSystem::BeforeTerminate",cpp,16,11,25.6
"C:\Users\shinj\OneDrive\ドキュメント\Creation\ソフト開発\WindowsProject\20_SNFramework\22_System\Core\SNSystem.cpp","Void SNSystem::Terminate",cpp,20,12,35.1
"C:\Users\shinj\OneDrive\ドキュメント\Creation\ソフト開発\WindowsProject\20_SNFramework\22_System\Core\SNSystem.cpp","Void SNSystem::NoticeExitApplication",cpp,9,5,20.0
"C:\Users\shinj\OneDrive\ドキュメント\Creation\ソフト開発\WindowsProject\20_SNFramework\22_System\Core\SNSystem.cpp","Handle SNSystem::GetApplicationHandle",cpp,6,4,28.1
"C:\Users\shinj\OneDrive\ドキュメント\Creation\ソフト開発\WindowsProject\20_SNFramework\22_System\Core\SNSystem.cpp","Void SNSystem::ScreenToClient",cpp,10,5,41.4
"C:\Users\shinj\OneDrive\ドキュメント\Creation\ソフト開発\WindowsProject\20_SNFramework\22_System\Core\SNSystem.cpp","Boolean SNSystem::CheckDuplicateInstance",cpp,15,11,32.1
"C:\Users\shinj\OneDrive\ドキュメント\Creation\ソフト開発\WindowsProject\20_SNFramework\22_System\Core\SNSystem.h","モジュール外",h,62,26,55.1
"C:\Users\shinj\OneDrive\ドキュメント\Creation\ソフト開発\WindowsProject\20_SNFramework\22_System\Core\SNWindow.cpp","モジュール外",cpp,15,11,5.9
"C:\Users\shinj\OneDrive\ドキュメント\Creation\ソフト開発\WindowsProject\20_SNFramework\22_System\Core\SNWindow.cpp","Void* __stdcall SNWindow::WindowProc",cpp,65,42,14.1
"C:\Users\shinj\OneDrive\ドキュメント\Creation\ソフト開発\WindowsProject\20_SNFramework\22_System\Core\SNWindow.cpp","Void SNWindow::Create",cpp,81,53,11.3
"C:\Users\shinj\OneDrive\ドキュメント\Creation\ソフト開発\WindowsProject\20_SNFramework\22_System\Core\SNWindow.cpp","Void* SNWindow::OnNoticeExit",cpp,9,5,21.3
"C:\Users\shinj\OneDrive\ドキュメント\Creation\ソフト開発\WindowsProject\20_SNFramework\22_System\Core\SNWindow.cpp","Void* SNWindow::OnClose",cpp,9,5,24.2
"C:\Users\shinj\OneDrive\ドキュメント\Creation\ソフト開発\WindowsProject\20_SNFramework\22_System\Core\SNWindow.cpp","Void* SNWindow::OnQueryEndSession",cpp,11,5,46.1
"C:\Users\shinj\OneDrive\ドキュメント\Creation\ソフト開発\WindowsProject\20_SNFramework\22_System\Core\SNWindow.cpp","Void* SNWindow::OnEraseBackground",cpp,12,4,63.6
"C:\Users\shinj\OneDrive\ドキュメント\Creation\ソフト開発\WindowsProject\20_SNFramework\22_System\Core\SNWindow.cpp","Void* SNWindow::OnActivate",cpp,20,13,20.4
"C:\Users\shinj\OneDrive\ドキュメント\Creation\ソフト開発\WindowsProject\20_SNFramework\22_System\Core\SNWindow.cpp","Void* SNWindow::OnMouseWheel",cpp,26,17,13.4
"C:\Users\shinj\OneDrive\ドキュメント\Creation\ソフト開発\WindowsProject\20_SNFramework\22_System\Core\SNWindow.cpp","Void* SNWindow::OnDestroy",cpp,9,5,20.2
"C:\Users\shinj\OneDrive\ドキュメント\Creation\ソフト開発\WindowsProject\20_SNFramework\22_System\Core\SNWindow.cpp","Void* SNWindow::OnSize",cpp,8,5,6.4
"C:\Users\shinj\OneDrive\ドキュメント\Creation\ソフト開発\WindowsProject\20_SNFramework\22_System\Core\SNWindow.cpp","Void* SNWindow::OnSysKeyDown",cpp,19,15,8.0
"C:\Users\shinj\OneDrive\ドキュメント\Creation\ソフト開発\WindowsProject\20_SNFramework\22_System\Core\SNWindow.cpp","Void* SNWindow::OnOtherEvent",cpp,6,4,20.0
"C:\Users\shinj\OneDrive\ドキュメント\Creation\ソフト開発\WindowsProject\20_SNFramework\22_System\Core\SNWindow.h","モジュール外",h,51,21,24.8
"C:\Users\shinj\OneDrive\ドキュメント\Creation\ソフト開発\WindowsProject\20_SNFramework\22_System\Resource\Resource.h","モジュール外",h,18,2,30.4
"C:\Users\shinj\OneDrive\ドキュメント\Creation\ソフト開発\WindowsProject\20_SNFramework\22_System\Resource\SNTargetVersion.h","モジュール外",h,6,2,89.8
"C:\Users\shinj\OneDrive\ドキュメント\Creation\ソフト開発\WindowsProject\20_SNFramework\22_System\Resource\SNWindowsAPI.h","モジュール外",h,58,35,40.6
"C:\Users\shinj\OneDrive\ドキュメント\Creation\ソフト開発\WindowsProject\20_SNFramework\23_Config\Component\SNSystemConfig.h","モジュール外",h,75,28,29.0
"C:\Users\shinj\OneDrive\ドキュメント\Creation\ソフト開発\WindowsProject\20_SNFramework\23_Config\Component\SNUserConfig.cpp","モジュール外",cpp,9,4,25.8
"C:\Users\shinj\OneDrive\ドキュメント\Creation\ソフト開発\WindowsProject\20_SNFramework\23_Config\Component\SNUserConfig.cpp","Void SNUserConfig::Initialize",cpp,13,6,30.0
"C:\Users\shinj\OneDrive\ドキュメント\Creation\ソフト開発\WindowsProject\20_SNFramework\23_Config\Component\SNUserConfig.cpp","Void SNUserConfig::Terminate",cpp,9,5,26.6
"C:\Users\shinj\OneDrive\ドキュメント\Creation\ソフト開発\WindowsProject\20_SNFramework\23_Config\Component\SNUserConfig.cpp","Void SNUserConfig::LoadUserConfig",cpp,65,34,33.1
"C:\Users\shinj\OneDrive\ドキュメント\Creation\ソフト開発\WindowsProject\20_SNFramework\23_Config\Component\SNUserConfig.cpp","Void SNUserConfig::SaveUserConfig",cpp,26,10,34.9
"C:\Users\shinj\OneDrive\ドキュメント\Creation\ソフト開発\WindowsProject\20_SNFramework\23_Config\Component\SNUserConfig.cpp","UInt32 SNUserConfig::CalcCheckSum",cpp,17,13,20.4
"C:\Users\shinj\OneDrive\ドキュメント\Creation\ソフト開発\WindowsProject\20_SNFramework\23_Config\Component\SNUserConfig.h","モジュール外",h,157,103,48.4
"C:\Users\shinj\OneDrive\ドキュメント\Creation\ソフト開発\WindowsProject\20_SNFramework\23_Config\Core\SNConfig.cpp","モジュール外",cpp,6,3,18.6
"C:\Users\shinj\OneDrive\ドキュメント\Creation\ソフト開発\WindowsProject\20_SNFramework\23_Config\Core\SNConfig.cpp","Void SNConfig::Initialize",cpp,6,4,15.5
"C:\Users\shinj\OneDrive\ドキュメント\Creation\ソフト開発\WindowsProject\20_SNFramework\23_Config\Core\SNConfig.cpp","Void SNConfig::Startup",cpp,10,5,50.0
"C:\Users\shinj\OneDrive\ドキュメント\Creation\ソフト開発\WindowsProject\20_SNFramework\23_Config\Core\SNConfig.cpp","Void SNConfig::Run",cpp,6,4,14.2
"C:\Users\shinj\OneDrive\ドキュメント\Creation\ソフト開発\WindowsProject\20_SNFramework\23_Config\Core\SNConfig.cpp","Void SNConfig::BeforeTerminate",cpp,10,5,50.2
"C:\Users\shinj\OneDrive\ドキュメント\Creation\ソフト開発\WindowsProject\20_SNFramework\23_Config\Core\SNConfig.cpp","Void SNConfig::Terminate",cpp,6,4,12.7
"C:\Users\shinj\OneDrive\ドキュメント\Creation\ソフト開発\WindowsProject\20_SNFramework\23_Config\Core\SNConfig.h","モジュール外",h,26,14,23.2
"C:\Users\shinj\OneDrive\ドキュメント\Creation\ソフト開発\WindowsProject\20_SNFramework\24_Storage\Component\SNFile.cpp","モジュール外",cpp,7,3,17.5
"C:\Users\shinj\OneDrive\ドキュメント\Creation\ソフト開発\WindowsProject\20_SNFramework\24_Storage\Component\SNFile.cpp","SNFile::SNFile",cpp,8,5,34.4
"C:\Users\shinj\OneDrive\ドキュメント\Creation\ソフト開発\WindowsProject\20_SNFramework\24_Storage\Component\SNFile.cpp","SNFile::~SNFile",cpp,7,5,20.5
"C:\Users\shinj\OneDrive\ドキュメント\Creation\ソフト開発\WindowsProject\20_SNFramework\24_Storage\Component\SNFile.cpp","Boolean SNFile::CheckFileExists",cpp,22,13,19.8
"C:\Users\shinj\OneDrive\ドキュメント\Creation\ソフト開発\WindowsProject\20_SNFramework\24_Storage\Component\SNFile.cpp","UInt32 SNFile::GetSize",cpp,23,14,22.0
"C:\Users\shinj\OneDrive\ドキュメント\Creation\ソフト開発\WindowsProject\20_SNFramework\24_Storage\Component\SNFile.cpp","Boolean SNFile::Write",cpp,22,13,21.2
"C:\Users\shinj\OneDrive\ドキュメント\Creation\ソフト開発\WindowsProject\20_SNFramework\24_Storage\Component\SNFile.cpp","Boolean SNFile::Read",cpp,22,13,21.4
"C:\Users\shinj\OneDrive\ドキュメント\Creation\ソフト開発\WindowsProject\20_SNFramework\24_Storage\Component\SNFile.cpp","Boolean SNFile::Delete",cpp,22,13,18.7
"C:\Users\shinj\OneDrive\ドキュメント\Creation\ソフト開発\WindowsProject\20_SNFramework\24_Storage\Component\SNFile.cpp","Void* SNFile::GetDataAddress",cpp,6,4,22.1
"C:\Users\shinj\OneDrive\ドキュメント\Creation\ソフト開発\WindowsProject\20_SNFramework\24_Storage\Component\SNFile.cpp","SNMemory* SNFile::GetMemoryObject",cpp,6,4,27.1
"C:\Users\shinj\OneDrive\ドキュメント\Creation\ソフト開発\WindowsProject\20_SNFramework\24_Storage\Component\SNFile.cpp","Void SNFile::ReleaseMemory",cpp,7,5,15.8
"C:\Users\shinj\OneDrive\ドキュメント\Creation\ソフト開発\WindowsProject\20_SNFramework\24_Storage\Component\SNFile.cpp","Void SNFile::Callback",cpp,87,61,14.8
"C:\Users\shinj\OneDrive\ドキュメント\Creation\ソフト開発\WindowsProject\20_SNFramework\24_Storage\Component\SNFile.h","モジュール外",h,56,22,49.7
"C:\Users\shinj\OneDrive\ドキュメント\Creation\ソフト開発\WindowsProject\20_SNFramework\24_Storage\Component\SNFolder.cpp","モジュール外",cpp,7,3,17.1
"C:\Users\shinj\OneDrive\ドキュメント\Creation\ソフト開発\WindowsProject\20_SNFramework\24_Storage\Component\SNFolder.cpp","SNFolder::SNFolder",cpp,12,8,10.3
"C:\Users\shinj\OneDrive\ドキュメント\Creation\ソフト開発\WindowsProject\20_SNFramework\24_Storage\Component\SNFolder.cpp","SNFolder::~SNFolder",cpp,8,5,20.2
"C:\Users\shinj\OneDrive\ドキュメント\Creation\ソフト開発\WindowsProject\20_SNFramework\24_Storage\Component\SNFolder.cpp","Boolean SNFolder::CheckFolderExists",cpp,22,13,20.4
"C:\Users\shinj\OneDrive\ドキュメント\Creation\ソフト開発\WindowsProject\20_SNFramework\24_Storage\Component\SNFolder.cpp","Boolean SNFolder::CreateFolder",cpp,18,13,8.8
"C:\Users\shinj\OneDrive\ドキュメント\Creation\ソフト開発\WindowsProject\20_SNFramework\24_Storage\Component\SNFolder.cpp","Boolean SNFolder::RemoveFolder",cpp,18,13,8.8
"C:\Users\shinj\OneDrive\ドキュメント\Creation\ソフト開発\WindowsProject\20_SNFramework\24_Storage\Component\SNFolder.cpp","Void SNFolder::CreateFolderAndFileList",cpp,31,16,22.7
"C:\Users\shinj\OneDrive\ドキュメント\Creation\ソフト開発\WindowsProject\20_SNFramework\24_Storage\Component\SNFolder.cpp","UInt32 SNFolder::GetFolderNum",cpp,6,4,25.0
"C:\Users\shinj\OneDrive\ドキュメント\Creation\ソフト開発\WindowsProject\20_SNFramework\24_Storage\Component\SNFolder.cpp","SNString* SNFolder::GetFolderName",cpp,6,4,19.2
"C:\Users\shinj\OneDrive\ドキュメント\Creation\ソフト開発\WindowsProject\20_SNFramework\24_Storage\Component\SNFolder.cpp","UInt32 SNFolder::GetFileNum",cpp,6,4,22.3
"C:\Users\shinj\OneDrive\ドキュメント\Creation\ソフト開発\WindowsProject\20_SNFramework\24_Storage\Component\SNFolder.cpp","SNString* SNFolder::GetFileName",cpp,6,4,16.8
"C:\Users\shinj\OneDrive\ドキュメント\Creation\ソフト開発\WindowsProject\20_SNFramework\24_Storage\Component\SNFolder.cpp","Void SNFolder::AllocateList",cpp,15,9,10.6
"C:\Users\shinj\OneDrive\ドキュメント\Creation\ソフト開発\WindowsProject\20_SNFramework\24_Storage\Component\SNFolder.cpp","Void SNFolder::FreeList",cpp,20,16,4.9
"C:\Users\shinj\OneDrive\ドキュメント\Creation\ソフト開発\WindowsProject\20_SNFramework\24_Storage\Component\SNFolder.cpp","Void SNFolder::Callback",cpp,77,52,13.5
"C:\Users\shinj\OneDrive\ドキュメント\Creation\ソフト開発\WindowsProject\20_SNFramework\24_Storage\Component\SNFolder.h","モジュール外",h,59,28,31.0
"C:\Users\shinj\OneDrive\ドキュメント\Creation\ソフト開発\WindowsProject\20_SNFramework\24_Storage\Component\SNImageFile.cpp","モジュール外",cpp,8,4,13.6
"C:\Users\shinj\OneDrive\ドキュメント\Creation\ソフト開発\WindowsProject\20_SNFramework\24_Storage\Component\SNImageFile.cpp","SNImageFile::SNImageFile",cpp,13,7,24.8
"C:\Users\shinj\OneDrive\ドキュメント\Creation\ソフト開発\WindowsProject\20_SNFramework\24_Storage\Component\SNImageFile.cpp","SNImageFile::~SNImageFile",cpp,13,7,23.6
"C:\Users\shinj\OneDrive\ドキュメント\Creation\ソフト開発\WindowsProject\20_SNFramework\24_Storage\Component\SNImageFile.cpp","Boolean SNImageFile::Load",cpp,30,19,22.1
"C:\Users\shinj\OneDrive\ドキュメント\Creation\ソフト開発\WindowsProject\20_SNFramework\24_Storage\Component\SNImageFile.cpp","Boolean SNImageFile::Save",cpp,18,13,8.8
"C:\Users\shinj\OneDrive\ドキュメント\Creation\ソフト開発\WindowsProject\20_SNFramework\24_Storage\Component\SNImageFile.cpp","Void SNImageFile::CreateSurface",cpp,9,5,28.7
"C:\Users\shinj\OneDrive\ドキュメント\Creation\ソフト開発\WindowsProject\20_SNFramework\24_Storage\Component\SNImageFile.cpp","Void SNImageFile::DeleteSurface",cpp,7,4,46.2
"C:\Users\shinj\OneDrive\ドキュメント\Creation\ソフト開発\WindowsProject\20_SNFramework\24_Storage\Component\SNImageFile.cpp","Int32 SNImageFile::GetWidth",cpp,6,4,12.6
"C:\Users\shinj\OneDrive\ドキュメント\Creation\ソフト開発\WindowsProject\20_SNFramework\24_Storage\Component\SNImageFile.cpp","Int32 SNImageFile::GetHeight",cpp,7,4,14.2
"C:\Users\shinj\OneDrive\ドキュメント\Creation\ソフト開発\WindowsProject\20_SNFramework\24_Storage\Component\SNImageFile.cpp","Void SNImageFile::AllocImage",cpp,22,10,30.4
"C:\Users\shinj\OneDrive\ドキュメント\Creation\ソフト開発\WindowsProject\20_SNFramework\24_Storage\Component\SNImageFile.cpp","Void SNImageFile::Free",cpp,15,10,18.4
"C:\Users\shinj\OneDrive\ドキュメント\Creation\ソフト開発\WindowsProject\20_SNFramework\24_Storage\Component\SNImageFile.cpp","Handle SNImageFile::GetHandle",cpp,6,4,20.2
"C:\Users\shinj\OneDrive\ドキュメント\Creation\ソフト開発\WindowsProject\20_SNFramework\24_Storage\Component\SNImageFile.cpp","SNSize SNImageFile::GetSize",cpp,6,4,18.8
"C:\Users\shinj\OneDrive\ドキュメント\Creation\ソフト開発\WindowsProject\20_SNFramework\24_Storage\Component\SNImageFile.cpp","Void SNImageFile::Callback",cpp,52,37,16.3
"C:\Users\shinj\OneDrive\ドキュメント\Creation\ソフト開発\WindowsProject\20_SNFramework\24_Storage\Component\SNImageFile.h","モジュール外",h,54,25,34.6
"C:\Users\shinj\OneDrive\ドキュメント\Creation\ソフト開発\WindowsProject\20_SNFramework\24_Storage\Core\SNStorage.cpp","モジュール外",cpp,17,11,27.4
"C:\Users\shinj\OneDrive\ドキュメント\Creation\ソフト開発\WindowsProject\20_SNFramework\24_Storage\Core\SNStorage.cpp","Void SNStorage::Initialize",cpp,26,11,30.6
"C:\Users\shinj\OneDrive\ドキュメント\Creation\ソフト開発\WindowsProject\20_SNFramework\24_Storage\Core\SNStorage.cpp","Void SNStorage::Startup",cpp,6,4,18.9
"C:\Users\shinj\OneDrive\ドキュメント\Creation\ソフト開発\WindowsProject\20_SNFramework\24_Storage\Core\SNStorage.cpp","Void SNStorage::Run",cpp,12,6,33.5
"C:\Users\shinj\OneDrive\ドキュメント\Creation\ソフト開発\WindowsProject\20_SNFramework\24_Storage\Core\SNStorage.cpp","Void SNStorage::BeforeTerminate",cpp,16,9,26.3
"C:\Users\shinj\OneDrive\ドキュメント\Creation\ソフト開発\WindowsProject\20_SNFramework\24_Storage\Core\SNStorage.cpp","Void SNStorage::Terminate",cpp,12,6,28.0
"C:\Users\shinj\OneDrive\ドキュメント\Creation\ソフト開発\WindowsProject\20_SNFramework\24_Storage\Core\SNStorage.cpp","Void SNStorage::UserMain",cpp,28,18,32.3
"C:\Users\shinj\OneDrive\ドキュメント\Creation\ソフト開発\WindowsProject\20_SNFramework\24_Storage\Core\SNStorage.cpp","Void SNStorage::Request",cpp,19,13,15.0
"C:\Users\shinj\OneDrive\ドキュメント\Creation\ソフト開発\WindowsProject\20_SNFramework\24_Storage\Core\SNStorage.cpp","SNStorageAccessor* SNStorage::GetRequest",cpp,22,15,15.9
"C:\Users\shinj\OneDrive\ドキュメント\Creation\ソフト開発\WindowsProject\20_SNFramework\24_Storage\Core\SNStorage.cpp","Boolean SNStorage::CheckFolderExists",cpp,15,10,25.8
"C:\Users\shinj\OneDrive\ドキュメント\Creation\ソフト開発\WindowsProject\20_SNFramework\24_Storage\Core\SNStorage.cpp","Boolean SNStorage::CreateFolder",cpp,22,16,18.2
"C:\Users\shinj\OneDrive\ドキュメント\Creation\ソフト開発\WindowsProject\20_SNFramework\24_Storage\Core\SNStorage.cpp","Boolean SNStorage::RemoveFolder",cpp,14,9,14.2
"C:\Users\shinj\OneDrive\ドキュメント\Creation\ソフト開発\WindowsProject\20_SNFramework\24_Storage\Core\SNStorage.cpp","UInt32 SNStorage::GetFolderNum",cpp,44,29,17.2
"C:\Users\shinj\OneDrive\ドキュメント\Creation\ソフト開発\WindowsProject\20_SNFramework\24_Storage\Core\SNStorage.cpp","UInt32 SNStorage::GetFileNum",cpp,44,29,16.7
"C:\Users\shinj\OneDrive\ドキュメント\Creation\ソフト開発\WindowsProject\20_SNFramework\24_Storage\Core\SNStorage.cpp","Void SNStorage::CreateFolderList",cpp,46,30,16.6
"C:\Users\shinj\OneDrive\ドキュメント\Creation\ソフト開発\WindowsProject\20_SNFramework\24_Storage\Core\SNStorage.cpp","Void SNStorage::CreateFileList",cpp,47,30,16.5
"C:\Users\shinj\OneDrive\ドキュメント\Creation\ソフト開発\WindowsProject\20_SNFramework\24_Storage\Core\SNStorage.cpp","Boolean SNStorage::CheckFileExists",cpp,15,10,26.6
"C:\Users\shinj\OneDrive\ドキュメント\Creation\ソフト開発\WindowsProject\20_SNFramework\24_Storage\Core\SNStorage.cpp","UInt32 SNStorage::GetFileSize",cpp,28,16,17.1
"C:\Users\shinj\OneDrive\ドキュメント\Creation\ソフト開発\WindowsProject\20_SNFramework\24_Storage\Core\SNStorage.cpp","Boolean SNStorage::WriteFile",cpp,31,19,16.8
"C:\Users\shinj\OneDrive\ドキュメント\Creation\ソフト開発\WindowsProject\20_SNFramework\24_Storage\Core\SNStorage.cpp","Boolean SNStorage::ReadFile",cpp,37,21,18.4
"C:\Users\shinj\OneDrive\ドキュメント\Creation\ソフト開発\WindowsProject\20_SNFramework\24_Storage\Core\SNStorage.cpp","Boolean SNStorage::RemoveFile",cpp,15,9,15.7
"C:\Users\shinj\OneDrive\ドキュメント\Creation\ソフト開発\WindowsProject\20_SNFramework\24_Storage\Core\SNStorage.cpp","Boolean SNStorage::LoadImageFile",cpp,24,17,8.8
"C:\Users\shinj\OneDrive\ドキュメント\Creation\ソフト開発\WindowsProject\20_SNFramework\24_Storage\Core\SNStorage.cpp","Boolean SNStorage::SaveImageFile",cpp,10,7,8.9
"C:\Users\shinj\OneDrive\ドキュメント\Creation\ソフト開発\WindowsProject\20_SNFramework\24_Storage\Core\SNStorage.h","モジュール外",h,97,39,29.2
"C:\Users\shinj\OneDrive\ドキュメント\Creation\ソフト開発\WindowsProject\20_SNFramework\24_Storage\Core\SNStorageAccessor.cpp","モジュール外",cpp,6,3,20.5
"C:\Users\shinj\OneDrive\ドキュメント\Creation\ソフト開発\WindowsProject\20_SNFramework\24_Storage\Core\SNStorageAccessor.cpp","SNStorageAccessor::SNStorageAccessor",cpp,11,7,26.3
"C:\Users\shinj\OneDrive\ドキュメント\Creation\ソフト開発\WindowsProject\20_SNFramework\24_Storage\Core\SNStorageAccessor.cpp","SNStorageAccessor::~SNStorageAccessor",cpp,6,4,19.7
"C:\Users\shinj\OneDrive\ドキュメント\Creation\ソフト開発\WindowsProject\20_SNFramework\24_Storage\Core\SNStorageAccessor.cpp","Void SNStorageAccessor::SetFolderPath",cpp,25,14,30.3
"C:\Users\shinj\OneDrive\ドキュメント\Creation\ソフト開発\WindowsProject\20_SNFramework\24_Storage\Core\SNStorageAccessor.cpp","Void SNStorageAccessor::SetFolderFileName",cpp,18,10,27.6
"C:\Users\shinj\OneDrive\ドキュメント\Creation\ソフト開発\WindowsProject\20_SNFramework\24_Storage\Core\SNStorageAccessor.cpp","Void SNStorageAccessor::SetAsyncMode",cpp,18,12,26.1
"C:\Users\shinj\OneDrive\ドキュメント\Creation\ソフト開発\WindowsProject\20_SNFramework\24_Storage\Core\SNStorageAccessor.cpp","SNStorageResult SNStorageAccessor::GetResult",cpp,6,4,21.8
"C:\Users\shinj\OneDrive\ドキュメント\Creation\ソフト開発\WindowsProject\20_SNFramework\24_Storage\Core\SNStorageAccessor.cpp","Void SNStorageAccessor::Callback",cpp,6,4,21.1
"C:\Users\shinj\OneDrive\ドキュメント\Creation\ソフト開発\WindowsProject\20_SNFramework\24_Storage\Core\SNStorageAccessor.cpp","Void SNStorageAccessor::RequestOperation",cpp,14,7,29.7
"C:\Users\shinj\OneDrive\ドキュメント\Creation\ソフト開発\WindowsProject\20_SNFramework\24_Storage\Core\SNStorageAccessor.cpp","Void SNStorageAccessor::ClearOperation",cpp,9,6,20.3
"C:\Users\shinj\OneDrive\ドキュメント\Creation\ソフト開発\WindowsProject\20_SNFramework\24_Storage\Core\SNStorageAccessor.h","モジュール外",h,55,23,32.0
"C:\Users\shinj\OneDrive\ドキュメント\Creation\ソフト開発\WindowsProject\20_SNFramework\24_Storage\Core\SNStorageThread.cpp","モジュール外",cpp,4,2,0.0
"C:\Users\shinj\OneDrive\ドキュメント\Creation\ソフト開発\WindowsProject\20_SNFramework\24_Storage\Core\SNStorageThread.cpp","Void SNStorageThread::UserMain",cpp,9,5,40.8
"C:\Users\shinj\OneDrive\ドキュメント\Creation\ソフト開発\WindowsProject\20_SNFramework\24_Storage\Core\SNStorageThread.h","モジュール外",h,12,8,26.2
"C:\Users\shinj\OneDrive\ドキュメント\Creation\ソフト開発\WindowsProject\20_SNFramework\25_Input\Component\SNGamePad.cpp","モジュール外",cpp,13,6,17.4
"C:\Users\shinj\OneDrive\ドキュメント\Creation\ソフト開発\WindowsProject\20_SNFramework\25_Input\Component\SNGamePad.cpp","Void SNGamePad::Initialize",cpp,8,6,7.5
"C:\Users\shinj\OneDrive\ドキュメント\Creation\ソフト開発\WindowsProject\20_SNFramework\25_Input\Component\SNGamePad.cpp","Void SNGamePad::Terminate",cpp,8,6,9.3
"C:\Users\shinj\OneDrive\ドキュメント\Creation\ソフト開発\WindowsProject\20_SNFramework\25_Input\Component\SNGamePad.cpp","Void SNGamePad::Update",cpp,9,6,6.5
"C:\Users\shinj\OneDrive\ドキュメント\Creation\ソフト開発\WindowsProject\20_SNFramework\25_Input\Component\SNGamePad.cpp","Void SNGamePad::OnInitialize",cpp,17,10,17.4
"C:\Users\shinj\OneDrive\ドキュメント\Creation\ソフト開発\WindowsProject\20_SNFramework\25_Input\Component\SNGamePad.cpp","void SNGamePad::OnTerminate",cpp,6,4,10.6
"C:\Users\shinj\OneDrive\ドキュメント\Creation\ソフト開発\WindowsProject\20_SNFramework\25_Input\Component\SNGamePad.cpp","void SNGamePad::OnUpdate",cpp,135,86,24.4
"C:\Users\shinj\OneDrive\ドキュメント\Creation\ソフト開発\WindowsProject\20_SNFramework\25_Input\Component\SNGamePad.cpp","void SNGamePad::GamePadInfoUpdate",cpp,103,63,9.8
"C:\Users\shinj\OneDrive\ドキュメント\Creation\ソフト開発\WindowsProject\20_SNFramework\25_Input\Component\SNGamePad.h","モジュール外",h,83,42,45.3
"C:\Users\shinj\OneDrive\ドキュメント\Creation\ソフト開発\WindowsProject\20_SNFramework\25_Input\Component\SNKeyboard.cpp","モジュール外",cpp,18,6,20.6
"C:\Users\shinj\OneDrive\ドキュメント\Creation\ソフト開発\WindowsProject\20_SNFramework\25_Input\Component\SNKeyboard.cpp","Void SNKeyboard::Initialize",cpp,27,16,32.4
"C:\Users\shinj\OneDrive\ドキュメント\Creation\ソフト開発\WindowsProject\20_SNFramework\25_Input\Component\SNKeyboard.cpp","Void SNKeyboard::Terminate",cpp,9,5,46.8
"C:\Users\shinj\OneDrive\ドキュメント\Creation\ソフト開発\WindowsProject\20_SNFramework\25_Input\Component\SNKeyboard.cpp","Void SNKeyboard::Update",cpp,14,9,23.8
"C:\Users\shinj\OneDrive\ドキュメント\Creation\ソフト開発\WindowsProject\20_SNFramework\25_Input\Component\SNKeyboard.h","モジュール外",h,291,272,61.9
"C:\Users\shinj\OneDrive\ドキュメント\Creation\ソフト開発\WindowsProject\20_SNFramework\25_Input\Component\SNMouse.cpp","モジュール外",cpp,15,10,26.9
"C:\Users\shinj\OneDrive\ドキュメント\Creation\ソフト開発\WindowsProject\20_SNFramework\25_Input\Component\SNMouse.cpp","Void SNMouse::Initialize",cpp,20,11,25.2
"C:\Users\shinj\OneDrive\ドキュメント\Creation\ソフト開発\WindowsProject\20_SNFramework\25_Input\Component\SNMouse.cpp","Void SNMouse::Terminate",cpp,6,4,18.9
"C:\Users\shinj\OneDrive\ドキュメント\Creation\ソフト開発\WindowsProject\20_SNFramework\25_Input\Component\SNMouse.cpp","Void SNMouse::Update",cpp,10,6,11.3
"C:\Users\shinj\OneDrive\ドキュメント\Creation\ソフト開発\WindowsProject\20_SNFramework\25_Input\Component\SNMouse.cpp","Void SNMouse::UpdatePos",cpp,21,9,43.2
"C:\Users\shinj\OneDrive\ドキュメント\Creation\ソフト開発\WindowsProject\20_SNFramework\25_Input\Component\SNMouse.cpp","Void SNMouse::UpdateButtonState",cpp,30,21,12.4
"C:\Users\shinj\OneDrive\ドキュメント\Creation\ソフト開発\WindowsProject\20_SNFramework\25_Input\Component\SNMouse.h","モジュール外",h,38,16,43.4
"C:\Users\shinj\OneDrive\ドキュメント\Creation\ソフト開発\WindowsProject\20_SNFramework\25_Input\Component\SNVirtualDirectGamePad.cpp","モジュール外",cpp,6,4,0.0
"C:\Users\shinj\OneDrive\ドキュメント\Creation\ソフト開発\WindowsProject\20_SNFramework\25_Input\Component\SNVirtualDirectGamePad.cpp","Void SNVirtualDirectGamePad::Initialize",cpp,12,7,10.9
"C:\Users\shinj\OneDrive\ドキュメント\Creation\ソフト開発\WindowsProject\20_SNFramework\25_Input\Component\SNVirtualDirectGamePad.cpp","Void SNVirtualDirectGamePad::Terminate",cpp,6,4,15.0
"C:\Users\shinj\OneDrive\ドキュメント\Creation\ソフト開発\WindowsProject\20_SNFramework\25_Input\Component\SNVirtualDirectGamePad.cpp","Void SNVirtualDirectGamePad::Update",cpp,8,4,43.8
"C:\Users\shinj\OneDrive\ドキュメント\Creation\ソフト開発\WindowsProject\20_SNFramework\25_Input\Component\SNVirtualDirectGamePad.cpp","Void SNVirtualDirectGamePad::Activate",cpp,6,5,8.9
"C:\Users\shinj\OneDrive\ドキュメント\Creation\ソフト開発\WindowsProject\20_SNFramework\25_Input\Component\SNVirtualDirectGamePad.h","モジュール外",h,27,13,36.7
"C:\Users\shinj\OneDrive\ドキュメント\Creation\ソフト開発\WindowsProject\20_SNFramework\25_Input\Component\SNVirtualDirectKeyboard.cpp","モジュール外",cpp,7,4,6.2
"C:\Users\shinj\OneDrive\ドキュメント\Creation\ソフト開発\WindowsProject\20_SNFramework\25_Input\Component\SNVirtualDirectKeyboard.cpp","Void SNVirtualDirectKeyboard::Initialize",cpp,11,6,17.6
"C:\Users\shinj\OneDrive\ドキュメント\Creation\ソフト開発\WindowsProject\20_SNFramework\25_Input\Component\SNVirtualDirectKeyboard.cpp","Void SNVirtualDirectKeyboard::Terminate",cpp,6,4,14.8
"C:\Users\shinj\OneDrive\ドキュメント\Creation\ソフト開発\WindowsProject\20_SNFramework\25_Input\Component\SNVirtualDirectKeyboard.cpp","Void SNVirtualDirectKeyboard::Update",cpp,8,4,43.4
"C:\Users\shinj\OneDrive\ドキュメント\Creation\ソフト開発\WindowsProject\20_SNFramework\25_Input\Component\SNVirtualDirectKeyboard.cpp","Void SNVirtualDirectKeyboard::Activate",cpp,6,5,8.8
"C:\Users\shinj\OneDrive\ドキュメント\Creation\ソフト開発\WindowsProject\20_SNFramework\25_Input\Component\SNVirtualDirectKeyboard.h","モジュール外",h,27,13,37.8
"C:\Users\shinj\OneDrive\ドキュメント\Creation\ソフト開発\WindowsProject\20_SNFramework\25_Input\Component\SNVirtualGamePad.cpp","モジュール外",cpp,11,8,0.0
"C:\Users\shinj\OneDrive\ドキュメント\Creation\ソフト開発\WindowsProject\20_SNFramework\25_Input\Component\SNVirtualGamePad.cpp","Void SNVirtualGamePad::Initialize",cpp,29,22,4.1
"C:\Users\shinj\OneDrive\ドキュメント\Creation\ソフト開発\WindowsProject\20_SNFramework\25_Input\Component\SNVirtualGamePad.cpp","Void SNVirtualGamePad::Terminate",cpp,6,4,16.4
"C:\Users\shinj\OneDrive\ドキュメント\Creation\ソフト開発\WindowsProject\20_SNFramework\25_Input\Component\SNVirtualGamePad.cpp","Void SNVirtualGamePad::Update",cpp,15,7,31.4
"C:\Users\shinj\OneDrive\ドキュメント\Creation\ソフト開発\WindowsProject\20_SNFramework\25_Input\Component\SNVirtualGamePad.cpp","Void SNVirtualGamePad::UpdateButtonState",cpp,12,6,33.1
"C:\Users\shinj\OneDrive\ドキュメント\Creation\ソフト開発\WindowsProject\20_SNFramework\25_Input\Component\SNVirtualGamePad.cpp","Void SNVirtualGamePad::UpdatePrevState",cpp,32,20,12.5
"C:\Users\shinj\OneDrive\ドキュメント\Creation\ソフト開発\WindowsProject\20_SNFramework\25_Input\Component\SNVirtualGamePad.cpp","Void SNVirtualGamePad::UpdateButtonStateFromGamePad",cpp,34,23,17.2
"C:\Users\shinj\OneDrive\ドキュメント\Creation\ソフト開発\WindowsProject\20_SNFramework\25_Input\Component\SNVirtualGamePad.cpp","Void SNVirtualGamePad::UpdateButtonStateKeyboard",cpp,27,18,14.4
"C:\Users\shinj\OneDrive\ドキュメント\Creation\ソフト開発\WindowsProject\20_SNFramework\25_Input\Component\SNVirtualGamePad.cpp","Void SNVirtualGamePad::UpdateButtonEvent",cpp,15,10,11.5
"C:\Users\shinj\OneDrive\ドキュメント\Creation\ソフト開発\WindowsProject\20_SNFramework\25_Input\Component\SNVirtualGamePad.cpp","Void SNVirtualGamePad::UpdateEventPadID",cpp,79,51,13.4
"C:\Users\shinj\OneDrive\ドキュメント\Creation\ソフト開発\WindowsProject\20_SNFramework\25_Input\Component\SNVirtualGamePad.h","モジュール外",h,61,27,38.2
"C:\Users\shinj\OneDrive\ドキュメント\Creation\ソフト開発\WindowsProject\20_SNFramework\25_Input\Component\SNVirtualPointingDevice.cpp","モジュール外",cpp,13,8,17.8
"C:\Users\shinj\OneDrive\ドキュメント\Creation\ソフト開発\WindowsProject\20_SNFramework\25_Input\Component\SNVirtualPointingDevice.cpp","Void SNVirtualPointingDevice::Initialize",cpp,29,19,8.8
"C:\Users\shinj\OneDrive\ドキュメント\Creation\ソフト開発\WindowsProject\20_SNFramework\25_Input\Component\SNVirtualPointingDevice.cpp","Void SNVirtualPointingDevice::Terminate",cpp,6,4,14.8
"C:\Users\shinj\OneDrive\ドキュメント\Creation\ソフト開発\WindowsProject\20_SNFramework\25_Input\Component\SNVirtualPointingDevice.cpp","Void SNVirtualPointingDevice::Update",cpp,37,13,50.3
"C:\Users\shinj\OneDrive\ドキュメント\Creation\ソフト開発\WindowsProject\20_SNFramework\25_Input\Component\SNVirtualPointingDevice.cpp","Void SNVirtualPointingDevice::UpdatePrevProc",cpp,36,22,9.5
"C:\Users\shinj\OneDrive\ドキュメント\Creation\ソフト開発\WindowsProject\20_SNFramework\25_Input\Component\SNVirtualPointingDevice.cpp","Void SNVirtualPointingDevice::UpdateDecide",cpp,29,17,30.0
"C:\Users\shinj\OneDrive\ドキュメント\Creation\ソフト開発\WindowsProject\20_SNFramework\25_Input\Component\SNVirtualPointingDevice.cpp","Void SNVirtualPointingDevice::UpdateCancel",cpp,15,9,34.2
"C:\Users\shinj\OneDrive\ドキュメント\Creation\ソフト開発\WindowsProject\20_SNFramework\25_Input\Component\SNVirtualPointingDevice.cpp","Void SNVirtualPointingDevice::UpdateWheel",cpp,15,10,18.2
"C:\Users\shinj\OneDrive\ドキュメント\Creation\ソフト開発\WindowsProject\20_SNFramework\25_Input\Component\SNVirtualPointingDevice.cpp","Void SNVirtualPointingDevice::UpdateMove",cpp,16,10,27.9
"C:\Users\shinj\OneDrive\ドキュメント\Creation\ソフト開発\WindowsProject\20_SNFramework\25_Input\Component\SNVirtualPointingDevice.cpp","Void SNVirtualPointingDevice::UpdateDrag",cpp,19,12,26.6
"C:\Users\shinj\OneDrive\ドキュメント\Creation\ソフト開発\WindowsProject\20_SNFramework\25_Input\Component\SNVirtualPointingDevice.cpp","Void SNVirtualPointingDevice::UpdateDrop",cpp,17,11,27.1
"C:\Users\shinj\OneDrive\ドキュメント\Creation\ソフト開発\WindowsProject\20_SNFramework\25_Input\Component\SNVirtualPointingDevice.cpp","Void SNVirtualPointingDevice::UpdateFlick",cpp,62,43,14.2
"C:\Users\shinj\OneDrive\ドキュメント\Creation\ソフト開発\WindowsProject\20_SNFramework\25_Input\Component\SNVirtualPointingDevice.cpp","Void SNVirtualPointingDevice::UpdateExBtn",cpp,14,9,34.7
"C:\Users\shinj\OneDrive\ドキュメント\Creation\ソフト開発\WindowsProject\20_SNFramework\25_Input\Component\SNVirtualPointingDevice.h","モジュール外",h,74,37,33.4
"C:\Users\shinj\OneDrive\ドキュメント\Creation\ソフト開発\WindowsProject\20_SNFramework\25_Input\Core\SNInput.cpp","モジュール外",cpp,13,10,5.4
"C:\Users\shinj\OneDrive\ドキュメント\Creation\ソフト開発\WindowsProject\20_SNFramework\25_Input\Core\SNInput.cpp","Void SNInput::Initialize",cpp,17,11,16.2
"C:\Users\shinj\OneDrive\ドキュメント\Creation\ソフト開発\WindowsProject\20_SNFramework\25_Input\Core\SNInput.cpp","Void SNInput::Startup",cpp,6,4,19.6
"C:\Users\shinj\OneDrive\ドキュメント\Creation\ソフト開発\WindowsProject\20_SNFramework\25_Input\Core\SNInput.cpp","Void SNInput::Run",cpp,6,4,14.5
"C:\Users\shinj\OneDrive\ドキュメント\Creation\ソフト開発\WindowsProject\20_SNFramework\25_Input\Core\SNInput.cpp","Void SNInput::BeforeTerminate",cpp,6,4,19.6
"C:\Users\shinj\OneDrive\ドキュメント\Creation\ソフト開発\WindowsProject\20_SNFramework\25_Input\Core\SNInput.cpp","Void SNInput::Terminate",cpp,17,11,16.1
"C:\Users\shinj\OneDrive\ドキュメント\Creation\ソフト開発\WindowsProject\20_SNFramework\25_Input\Core\SNInput.cpp","Void SNInput::Update",cpp,15,7,32.0
"C:\Users\shinj\OneDrive\ドキュメント\Creation\ソフト開発\WindowsProject\20_SNFramework\25_Input\Core\SNInput.cpp","Void SNInput::UpdateState",cpp,6,4,18.3
"C:\Users\shinj\OneDrive\ドキュメント\Creation\ソフト開発\WindowsProject\20_SNFramework\25_Input\Core\SNInput.cpp","Void SNInput::UpdateDevice",cpp,16,7,39.4
"C:\Users\shinj\OneDrive\ドキュメント\Creation\ソフト開発\WindowsProject\20_SNFramework\25_Input\Core\SNInput.cpp","Void SNInput::UpdateVirtualDevice",cpp,17,8,39.2
"C:\Users\shinj\OneDrive\ドキュメント\Creation\ソフト開発\WindowsProject\20_SNFramework\25_Input\Core\SNInput.h","モジュール外",h,58,17,53.8
"C:\Users\shinj\OneDrive\ドキュメント\Creation\ソフト開発\WindowsProject\20_SNFramework\26_Graphics\Component\SNBitmapFont.cpp","モジュール外",cpp,279,269,1.3
"C:\Users\shinj\OneDrive\ドキュメント\Creation\ソフト開発\WindowsProject\20_SNFramework\26_Graphics\Component\SNBitmapFont.cpp","Void SNBitmapFont::Initialize",cpp,51,26,19.6
"C:\Users\shinj\OneDrive\ドキュメント\Creation\ソフト開発\WindowsProject\20_SNFramework\26_Graphics\Component\SNBitmapFont.cpp","Void SNBitmapFont::Terminate",cpp,17,10,20.9
"C:\Users\shinj\OneDrive\ドキュメント\Creation\ソフト開発\WindowsProject\20_SNFramework\26_Graphics\Component\SNBitmapFont.cpp","SNSurface* SNBitmapFont::GetFontSurface",cpp,6,4,21.1
"C:\Users\shinj\OneDrive\ドキュメント\Creation\ソフト開発\WindowsProject\20_SNFramework\26_Graphics\Component\SNBitmapFont.cpp","SNSurface* SNBitmapFont::GetMaskSurface",cpp,6,4,23.9
"C:\Users\shinj\OneDrive\ドキュメント\Creation\ソフト開発\WindowsProject\20_SNFramework\26_Graphics\Component\SNBitmapFont.cpp","Void SNBitmapFont::Draw",cpp,26,16,14.3
"C:\Users\shinj\OneDrive\ドキュメント\Creation\ソフト開発\WindowsProject\20_SNFramework\26_Graphics\Component\SNBitmapFont.cpp","BMChar SNBitmapFont::CharToBMChar",cpp,362,353,0.4
"C:\Users\shinj\OneDrive\ドキュメント\Creation\ソフト開発\WindowsProject\20_SNFramework\26_Graphics\Component\SNBitmapFont.cpp","Void SNBitmapFont::StringToBMString",cpp,15,10,16.0
"C:\Users\shinj\OneDrive\ドキュメント\Creation\ソフト開発\WindowsProject\20_SNFramework\26_Graphics\Component\SNBitmapFont.cpp","Char SNBitmapFont::BMCharToChar",cpp,6,4,16.8
"C:\Users\shinj\OneDrive\ドキュメント\Creation\ソフト開発\WindowsProject\20_SNFramework\26_Graphics\Component\SNBitmapFont.cpp","Void SNBitmapFont::BMStringToString",cpp,15,10,17.1
"C:\Users\shinj\OneDrive\ドキュメント\Creation\ソフト開発\WindowsProject\20_SNFramework\26_Graphics\Component\SNBitmapFont.cpp","SNPoint SNBitmapFont::GetBMCharPoint",cpp,5,4,25.0
"C:\Users\shinj\OneDrive\ドキュメント\Creation\ソフト開発\WindowsProject\20_SNFramework\26_Graphics\Component\SNBitmapFont.h","モジュール外",h,71,32,31.2
"C:\Users\shinj\OneDrive\ドキュメント\Creation\ソフト開発\WindowsProject\20_SNFramework\26_Graphics\Component\SNBrush.cpp","モジュール外",cpp,3,2,0.0
"C:\Users\shinj\OneDrive\ドキュメント\Creation\ソフト開発\WindowsProject\20_SNFramework\26_Graphics\Component\SNBrush.cpp","SNBrush::SNBrush",cpp,8,5,21.7
"C:\Users\shinj\OneDrive\ドキュメント\Creation\ソフト開発\WindowsProject\20_SNFramework\26_Graphics\Component\SNBrush.cpp","SNBrush::~SNBrush",cpp,12,9,11.3
"C:\Users\shinj\OneDrive\ドキュメント\Creation\ソフト開発\WindowsProject\20_SNFramework\26_Graphics\Component\SNBrush.cpp","Void SNBrush::CreateBrush",cpp,14,9,21.0
"C:\Users\shinj\OneDrive\ドキュメント\Creation\ソフト開発\WindowsProject\20_SNFramework\26_Graphics\Component\SNBrush.cpp","Void SNBrush::DeleteBrush",cpp,13,10,8.2
"C:\Users\shinj\OneDrive\ドキュメント\Creation\ソフト開発\WindowsProject\20_SNFramework\26_Graphics\Component\SNBrush.cpp","Handle SNBrush::GetHandle",cpp,6,4,21.4
"C:\Users\shinj\OneDrive\ドキュメント\Creation\ソフト開発\WindowsProject\20_SNFramework\26_Graphics\Component\SNBrush.cpp","Void SNBrush::Fill",cpp,9,6,7.5
"C:\Users\shinj\OneDrive\ドキュメント\Creation\ソフト開発\WindowsProject\20_SNFramework\26_Graphics\Component\SNBrush.h","モジュール外",h,30,15,25.6
"C:\Users\shinj\OneDrive\ドキュメント\Creation\ソフト開発\WindowsProject\20_SNFramework\26_Graphics\Component\SNDDB.cpp","モジュール外",cpp,7,4,18.6
"C:\Users\shinj\OneDrive\ドキュメント\Creation\ソフト開発\WindowsProject\20_SNFramework\26_Graphics\Component\SNDDB.cpp","SNDDB::SNDDB",cpp,11,7,24.7
"C:\Users\shinj\OneDrive\ドキュメント\Creation\ソフト開発\WindowsProject\20_SNFramework\26_Graphics\Component\SNDDB.cpp","SNDDB::~SNDDB",cpp,16,12,17.2
"C:\Users\shinj\OneDrive\ドキュメント\Creation\ソフト開発\WindowsProject\20_SNFramework\26_Graphics\Component\SNDDB.cpp","Void SNDDB::CreateDDB",cpp,17,11,13.6
"C:\Users\shinj\OneDrive\ドキュメント\Creation\ソフト開発\WindowsProject\20_SNFramework\26_Graphics\Component\SNDDB.cpp","Void SNDDB::DeleteDDB",cpp,16,12,14.7
"C:\Users\shinj\OneDrive\ドキュメント\Creation\ソフト開発\WindowsProject\20_SNFramework\26_Graphics\Component\SNDDB.cpp","Handle SNDDB::GetDDB",cpp,6,4,21.7
"C:\Users\shinj\OneDrive\ドキュメント\Creation\ソフト開発\WindowsProject\20_SNFramework\26_Graphics\Component\SNDDB.cpp","Int32 SNDDB::GetWidth",cpp,6,4,15.0
"C:\Users\shinj\OneDrive\ドキュメント\Creation\ソフト開発\WindowsProject\20_SNFramework\26_Graphics\Component\SNDDB.cpp","Int32 SNDDB::GetHeight",cpp,5,4,17.7
"C:\Users\shinj\OneDrive\ドキュメント\Creation\ソフト開発\WindowsProject\20_SNFramework\26_Graphics\Component\SNDDB.h","モジュール外",h,35,17,26.3
"C:\Users\shinj\OneDrive\ドキュメント\Creation\ソフト開発\WindowsProject\20_SNFramework\26_Graphics\Component\SNDeviceContext.cpp","モジュール外",cpp,9,6,15.5
"C:\Users\shinj\OneDrive\ドキュメント\Creation\ソフト開発\WindowsProject\20_SNFramework\26_Graphics\Component\SNDeviceContext.cpp","SNDeviceContext::SNDeviceContext",cpp,12,8,17.4
"C:\Users\shinj\OneDrive\ドキュメント\Creation\ソフト開発\WindowsProject\20_SNFramework\26_Graphics\Component\SNDeviceContext.cpp","SNDeviceContext::~SNDeviceContext",cpp,25,16,30.1
"C:\Users\shinj\OneDrive\ドキュメント\Creation\ソフト開発\WindowsProject\20_SNFramework\26_Graphics\Component\SNDeviceContext.cpp","Void SNDeviceContext::CreateDeviceContext",cpp,22,12,22.5
"C:\Users\shinj\OneDrive\ドキュメント\Creation\ソフト開発\WindowsProject\20_SNFramework\26_Graphics\Component\SNDeviceContext.cpp","Void SNDeviceContext::DeleteDeviceContext",cpp,21,13,27.3
"C:\Users\shinj\OneDrive\ドキュメント\Creation\ソフト開発\WindowsProject\20_SNFramework\26_Graphics\Component\SNDeviceContext.cpp","Handle SNDeviceContext::GetDC",cpp,7,4,22.2
"C:\Users\shinj\OneDrive\ドキュメント\Creation\ソフト開発\WindowsProject\20_SNFramework\26_Graphics\Component\SNDeviceContext.cpp","Void SNDeviceContext::SetBitmap",cpp,25,13,29.4
"C:\Users\shinj\OneDrive\ドキュメント\Creation\ソフト開発\WindowsProject\20_SNFramework\26_Graphics\Component\SNDeviceContext.cpp","Void SNDeviceContext::ReleaseBitmap",cpp,20,14,23.5
"C:\Users\shinj\OneDrive\ドキュメント\Creation\ソフト開発\WindowsProject\20_SNFramework\26_Graphics\Component\SNDeviceContext.cpp","Void SNDeviceContext::BitBlt",cpp,12,8,3.8
"C:\Users\shinj\OneDrive\ドキュメント\Creation\ソフト開発\WindowsProject\20_SNFramework\26_Graphics\Component\SNDeviceContext.cpp","Void SNDeviceContext::AndBlt",cpp,12,8,3.5
"C:\Users\shinj\OneDrive\ドキュメント\Creation\ソフト開発\WindowsProject\20_SNFramework\26_Graphics\Component\SNDeviceContext.cpp","Void SNDeviceContext::InvertBlt",cpp,12,8,3.8
"C:\Users\shinj\OneDrive\ドキュメント\Creation\ソフト開発\WindowsProject\20_SNFramework\26_Graphics\Component\SNDeviceContext.cpp","Void SNDeviceContext::MaskBlt",cpp,19,10,38.7
"C:\Users\shinj\OneDrive\ドキュメント\Creation\ソフト開発\WindowsProject\20_SNFramework\26_Graphics\Component\SNDeviceContext.cpp","Void SNDeviceContext::StretchBlt",cpp,13,8,8.1
"C:\Users\shinj\OneDrive\ドキュメント\Creation\ソフト開発\WindowsProject\20_SNFramework\26_Graphics\Component\SNDeviceContext.cpp","Void SNDeviceContext::TransparentBlt",cpp,9,6,4.4
"C:\Users\shinj\OneDrive\ドキュメント\Creation\ソフト開発\WindowsProject\20_SNFramework\26_Graphics\Component\SNDeviceContext.cpp","Void SNDeviceContext::AlphaBlend",cpp,11,6,5.8
"C:\Users\shinj\OneDrive\ドキュメント\Creation\ソフト開発\WindowsProject\20_SNFramework\26_Graphics\Component\SNDeviceContext.cpp","Void SNDeviceContext::Clear",cpp,11,6,15.2
"C:\Users\shinj\OneDrive\ドキュメント\Creation\ソフト開発\WindowsProject\20_SNFramework\26_Graphics\Component\SNDeviceContext.cpp","Void SNDeviceContext::ClearWhite",cpp,10,6,16.1
"C:\Users\shinj\OneDrive\ドキュメント\Creation\ソフト開発\WindowsProject\20_SNFramework\26_Graphics\Component\SNDeviceContext.h","モジュール外",h,77,38,22.5
"C:\Users\shinj\OneDrive\ドキュメント\Creation\ソフト開発\WindowsProject\20_SNFramework\26_Graphics\Component\SNDIBSection.cpp","モジュール外",cpp,7,4,17.6
"C:\Users\shinj\OneDrive\ドキュメント\Creation\ソフト開発\WindowsProject\20_SNFramework\26_Graphics\Component\SNDIBSection.cpp","SNDIBSection::SNDIBSection",cpp,28,21,5.0
"C:\Users\shinj\OneDrive\ドキュメント\Creation\ソフト開発\WindowsProject\20_SNFramework\26_Graphics\Component\SNDIBSection.cpp","SNDIBSection::~SNDIBSection",cpp,19,14,13.9
"C:\Users\shinj\OneDrive\ドキュメント\Creation\ソフト開発\WindowsProject\20_SNFramework\26_Graphics\Component\SNDIBSection.cpp","Void SNDIBSection::CreateDIBSection",cpp,22,15,13.0
"C:\Users\shinj\OneDrive\ドキュメント\Creation\ソフト開発\WindowsProject\20_SNFramework\26_Graphics\Component\SNDIBSection.cpp","Void SNDIBSection::DeleteDIBSection",cpp,20,14,14.8
"C:\Users\shinj\OneDrive\ドキュメント\Creation\ソフト開発\WindowsProject\20_SNFramework\26_Graphics\Component\SNDIBSection.cpp","Handle SNDIBSection::GetDIBSection",cpp,6,4,17.8
"C:\Users\shinj\OneDrive\ドキュメント\Creation\ソフト開発\WindowsProject\20_SNFramework\26_Graphics\Component\SNDIBSection.cpp","SNColor* SNDIBSection::GetPixelData",cpp,6,4,23.3
"C:\Users\shinj\OneDrive\ドキュメント\Creation\ソフト開発\WindowsProject\20_SNFramework\26_Graphics\Component\SNDIBSection.cpp","Int32 SNDIBSection::GetWidth",cpp,5,4,0.0
"C:\Users\shinj\OneDrive\ドキュメント\Creation\ソフト開発\WindowsProject\20_SNFramework\26_Graphics\Component\SNDIBSection.cpp","Int32 SNDIBSection::GetHeight",cpp,4,4,0.0
"C:\Users\shinj\OneDrive\ドキュメント\Creation\ソフト開発\WindowsProject\20_SNFramework\26_Graphics\Component\SNDIBSection.h","モジュール外",h,39,18,33.1
"C:\Users\shinj\OneDrive\ドキュメント\Creation\ソフト開発\WindowsProject\20_SNFramework\26_Graphics\Component\SNPen.cpp","モジュール外",cpp,5,3,15.4
"C:\Users\shinj\OneDrive\ドキュメント\Creation\ソフト開発\WindowsProject\20_SNFramework\26_Graphics\Component\SNPen.cpp","SNPen::SNPen",cpp,8,5,23.6
"C:\Users\shinj\OneDrive\ドキュメント\Creation\ソフト開発\WindowsProject\20_SNFramework\26_Graphics\Component\SNPen.cpp","SNPen::~SNPen",cpp,12,9,12.0
"C:\Users\shinj\OneDrive\ドキュメント\Creation\ソフト開発\WindowsProject\20_SNFramework\26_Graphics\Component\SNPen.cpp","Void SNPen::CreatePen",cpp,13,9,18.0
"C:\Users\shinj\OneDrive\ドキュメント\Creation\ソフト開発\WindowsProject\20_SNFramework\26_Graphics\Component\SNPen.cpp","Void SNPen::DeletePen",cpp,13,10,7.5
"C:\Users\shinj\OneDrive\ドキュメント\Creation\ソフト開発\WindowsProject\20_SNFramework\26_Graphics\Component\SNPen.cpp","Handle SNPen::GetHandle",cpp,6,4,22.7
"C:\Users\shinj\OneDrive\ドキュメント\Creation\ソフト開発\WindowsProject\20_SNFramework\26_Graphics\Component\SNPen.cpp","Void SNPen::DrawLine",cpp,9,6,7.2
"C:\Users\shinj\OneDrive\ドキュメント\Creation\ソフト開発\WindowsProject\20_SNFramework\26_Graphics\Component\SNPen.h","モジュール外",h,31,15,24.8
"C:\Users\shinj\OneDrive\ドキュメント\Creation\ソフト開発\WindowsProject\20_SNFramework\26_Graphics\Component\SNSurface.cpp","モジュール外",cpp,4,1,38.7
"C:\Users\shinj\OneDrive\ドキュメント\Creation\ソフト開発\WindowsProject\20_SNFramework\26_Graphics\Component\SNSurface.cpp","SNSurface::SNSurface",cpp,6,4,27.8
"C:\Users\shinj\OneDrive\ドキュメント\Creation\ソフト開発\WindowsProject\20_SNFramework\26_Graphics\Component\SNSurface.cpp","SNSurface::~SNSurface",cpp,9,5,35.8
"C:\Users\shinj\OneDrive\ドキュメント\Creation\ソフト開発\WindowsProject\20_SNFramework\26_Graphics\Component\SNSurface.h","モジュール外",h,26,13,22.1
"C:\Users\shinj\OneDrive\ドキュメント\Creation\ソフト開発\WindowsProject\20_SNFramework\26_Graphics\Component\SNSurfaceD3D.cpp","モジュール外",cpp,6,3,18.8
"C:\Users\shinj\OneDrive\ドキュメント\Creation\ソフト開発\WindowsProject\20_SNFramework\26_Graphics\Component\SNSurfaceD3D.cpp","SNSurfaceD3D::SNSurfaceD3D",cpp,6,4,25.0
"C:\Users\shinj\OneDrive\ドキュメント\Creation\ソフト開発\WindowsProject\20_SNFramework\26_Graphics\Component\SNSurfaceD3D.cpp","SNSurfaceD3D::~SNSurfaceD3D",cpp,8,5,16.1
"C:\Users\shinj\OneDrive\ドキュメント\Creation\ソフト開発\WindowsProject\20_SNFramework\26_Graphics\Component\SNSurfaceD3D.cpp","Void SNSurfaceD3D::CreateSurface",cpp,8,4,41.8
"C:\Users\shinj\OneDrive\ドキュメント\Creation\ソフト開発\WindowsProject\20_SNFramework\26_Graphics\Component\SNSurfaceD3D.cpp","Void SNSurfaceD3D::DeleteSurface",cpp,8,4,50.4
"C:\Users\shinj\OneDrive\ドキュメント\Creation\ソフト開発\WindowsProject\20_SNFramework\26_Graphics\Component\SNSurfaceD3D.cpp","Int32 SNSurfaceD3D::GetWidth",cpp,7,4,32.8
"C:\Users\shinj\OneDrive\ドキュメント\Creation\ソフト開発\WindowsProject\20_SNFramework\26_Graphics\Component\SNSurfaceD3D.cpp","Int32 SNSurfaceD3D::GetHeight",cpp,8,4,33.0
"C:\Users\shinj\OneDrive\ドキュメント\Creation\ソフト開発\WindowsProject\20_SNFramework\26_Graphics\Component\SNSurfaceD3D.cpp","Void SNSurfaceD3D::CreateDeviceContext",cpp,8,6,6.9
"C:\Users\shinj\OneDrive\ドキュメント\Creation\ソフト開発\WindowsProject\20_SNFramework\26_Graphics\Component\SNSurfaceD3D.cpp","Void SNSurfaceD3D::DeleteDeviceContext",cpp,11,9,5.5
"C:\Users\shinj\OneDrive\ドキュメント\Creation\ソフト開発\WindowsProject\20_SNFramework\26_Graphics\Component\SNSurfaceD3D.cpp","Void SNSurfaceD3D::SetBitmap",cpp,8,4,47.7
"C:\Users\shinj\OneDrive\ドキュメント\Creation\ソフト開発\WindowsProject\20_SNFramework\26_Graphics\Component\SNSurfaceD3D.cpp","Void SNSurfaceD3D::ReleaseBitmap",cpp,7,4,53.5
"C:\Users\shinj\OneDrive\ドキュメント\Creation\ソフト開発\WindowsProject\20_SNFramework\26_Graphics\Component\SNSurfaceD3D.h","モジュール外",h,40,18,23.1
"C:\Users\shinj\OneDrive\ドキュメント\Creation\ソフト開発\WindowsProject\20_SNFramework\26_Graphics\Component\SNSurfaceDDB.cpp","モジュール外",cpp,6,1,39.3
"C:\Users\shinj\OneDrive\ドキュメント\Creation\ソフト開発\WindowsProject\20_SNFramework\26_Graphics\Component\SNSurfaceDDB.cpp","SNSurfaceDDB::SNSurfaceDDB() : SNSurface",cpp,6,4,20.9
"C:\Users\shinj\OneDrive\ドキュメント\Creation\ソフト開発\WindowsProject\20_SNFramework\26_Graphics\Component\SNSurfaceDDB.cpp","SNSurfaceDDB::~SNSurfaceDDB",cpp,15,7,35.2
"C:\Users\shinj\OneDrive\ドキュメント\Creation\ソフト開発\WindowsProject\20_SNFramework\26_Graphics\Component\SNSurfaceDDB.cpp","Void SNSurfaceDDB::CreateSurface",cpp,15,7,27.7
"C:\Users\shinj\OneDrive\ドキュメント\Creation\ソフト開発\WindowsProject\20_SNFramework\26_Graphics\Component\SNSurfaceDDB.cpp","Void SNSurfaceDDB::DeleteSurface",cpp,15,7,35.0
"C:\Users\shinj\OneDrive\ドキュメント\Creation\ソフト開発\WindowsProject\20_SNFramework\26_Graphics\Component\SNSurfaceDDB.cpp","Int32 SNSurfaceDDB::GetWidth",cpp,6,4,11.3
"C:\Users\shinj\OneDrive\ドキュメント\Creation\ソフト開発\WindowsProject\20_SNFramework\26_Graphics\Component\SNSurfaceDDB.cpp","Int32 SNSurfaceDDB::GetHeight",cpp,7,4,12.9
"C:\Users\shinj\OneDrive\ドキュメント\Creation\ソフト開発\WindowsProject\20_SNFramework\26_Graphics\Component\SNSurfaceDDB.h","モジュール外",h,28,15,21.5
"C:\Users\shinj\OneDrive\ドキュメント\Creation\ソフト開発\WindowsProject\20_SNFramework\26_Graphics\Component\SNSurfaceDIB.cpp","モジュール外",cpp,6,1,39.3
"C:\Users\shinj\OneDrive\ドキュメント\Creation\ソフト開発\WindowsProject\20_SNFramework\26_Graphics\Component\SNSurfaceDIB.cpp","SNSurfaceDIB::SNSurfaceDIB() : SNSurface",cpp,6,4,20.9
"C:\Users\shinj\OneDrive\ドキュメント\Creation\ソフト開発\WindowsProject\20_SNFramework\26_Graphics\Component\SNSurfaceDIB.cpp","SNSurfaceDIB::~SNSurfaceDIB",cpp,15,7,34.0
"C:\Users\shinj\OneDrive\ドキュメント\Creation\ソフト開発\WindowsProject\20_SNFramework\26_Graphics\Component\SNSurfaceDIB.cpp","Void SNSurfaceDIB::CreateSurface",cpp,15,7,26.1
"C:\Users\shinj\OneDrive\ドキュメント\Creation\ソフト開発\WindowsProject\20_SNFramework\26_Graphics\Component\SNSurfaceDIB.cpp","Void SNSurfaceDIB::DeleteSurface",cpp,15,7,33.8
"C:\Users\shinj\OneDrive\ドキュメント\Creation\ソフト開発\WindowsProject\20_SNFramework\26_Graphics\Component\SNSurfaceDIB.cpp","Int32 SNSurfaceDIB::GetWidth",cpp,6,4,10.4
"C:\Users\shinj\OneDrive\ドキュメント\Creation\ソフト開発\WindowsProject\20_SNFramework\26_Graphics\Component\SNSurfaceDIB.cpp","Int32 SNSurfaceDIB::GetHeight",cpp,5,4,12.5
"C:\Users\shinj\OneDrive\ドキュメント\Creation\ソフト開発\WindowsProject\20_SNFramework\26_Graphics\Component\SNSurfaceDIB.h","モジュール外",h,28,15,20.9
"C:\Users\shinj\OneDrive\ドキュメント\Creation\ソフト開発\WindowsProject\20_SNFramework\26_Graphics\Component\SNSystemBrush.cpp","モジュール外",cpp,9,3,15.3
"C:\Users\shinj\OneDrive\ドキュメント\Creation\ソフト開発\WindowsProject\20_SNFramework\26_Graphics\Component\SNSystemBrush.cpp","Void SNSystemBrush::Initialize",cpp,14,9,9.9
"C:\Users\shinj\OneDrive\ドキュメント\Creation\ソフト開発\WindowsProject\20_SNFramework\26_Graphics\Component\SNSystemBrush.cpp","Void SNSystemBrush::Terminate",cpp,11,9,4.6
"C:\Users\shinj\OneDrive\ドキュメント\Creation\ソフト開発\WindowsProject\20_SNFramework\26_Graphics\Component\SNSystemBrush.h","モジュール外",h,19,11,9.2
"C:\Users\shinj\OneDrive\ドキュメント\Creation\ソフト開発\WindowsProject\20_SNFramework\26_Graphics\Component\SNSystemColorTable.cpp","モジュール外",cpp,24,19,28.2
"C:\Users\shinj\OneDrive\ドキュメント\Creation\ソフト開発\WindowsProject\20_SNFramework\26_Graphics\Component\SNSystemColorTable.cpp","Void SNSystemColorTable::Initialize",cpp,5,4,0.0
"C:\Users\shinj\OneDrive\ドキュメント\Creation\ソフト開発\WindowsProject\20_SNFramework\26_Graphics\Component\SNSystemColorTable.cpp","Void SNSystemColorTable::Terminate",cpp,5,4,0.0
"C:\Users\shinj\OneDrive\ドキュメント\Creation\ソフト開発\WindowsProject\20_SNFramework\26_Graphics\Component\SNSystemColorTable.h","モジュール外",h,15,9,14.2
"C:\Users\shinj\OneDrive\ドキュメント\Creation\ソフト開発\WindowsProject\20_SNFramework\26_Graphics\Component\SNSystemPen.cpp","モジュール外",cpp,9,3,14.9
"C:\Users\shinj\OneDrive\ドキュメント\Creation\ソフト開発\WindowsProject\20_SNFramework\26_Graphics\Component\SNSystemPen.cpp","Void SNSystemPen::Initialize",cpp,14,9,9.3
"C:\Users\shinj\OneDrive\ドキュメント\Creation\ソフト開発\WindowsProject\20_SNFramework\26_Graphics\Component\SNSystemPen.cpp","Void SNSystemPen::Terminate",cpp,11,9,4.8
"C:\Users\shinj\OneDrive\ドキュメント\Creation\ソフト開発\WindowsProject\20_SNFramework\26_Graphics\Component\SNSystemPen.h","モジュール外",h,16,10,9.3
"C:\Users\shinj\OneDrive\ドキュメント\Creation\ソフト開発\WindowsProject\20_SNFramework\26_Graphics\Component\SNSystemSurface.cpp","モジュール外",cpp,10,5,9.4
"C:\Users\shinj\OneDrive\ドキュメント\Creation\ソフト開発\WindowsProject\20_SNFramework\26_Graphics\Component\SNSystemSurface.cpp","Void SNSystemSurface::Initialize",cpp,18,12,11.0
"C:\Users\shinj\OneDrive\ドキュメント\Creation\ソフト開発\WindowsProject\20_SNFramework\26_Graphics\Component\SNSystemSurface.cpp","Void SNSystemSurface::Terminate",cpp,11,9,4.4
"C:\Users\shinj\OneDrive\ドキュメント\Creation\ソフト開発\WindowsProject\20_SNFramework\26_Graphics\Component\SNSystemSurface.h","モジュール外",h,18,11,13.4
"C:\Users\shinj\OneDrive\ドキュメント\Creation\ソフト開発\WindowsProject\20_SNFramework\26_Graphics\Core\SND2D.cpp","モジュール外",cpp,11,9,0.0
"C:\Users\shinj\OneDrive\ドキュメント\Creation\ソフト開発\WindowsProject\20_SNFramework\26_Graphics\Core\SND2D.cpp","Void SND2D::Initialize",cpp,85,69,7.0
"C:\Users\shinj\OneDrive\ドキュメント\Creation\ソフト開発\WindowsProject\20_SNFramework\26_Graphics\Core\SND2D.cpp","Void SND2D::Terminate",cpp,41,34,1.3
"C:\Users\shinj\OneDrive\ドキュメント\Creation\ソフト開発\WindowsProject\20_SNFramework\26_Graphics\Core\SND2D.cpp","Void SND2D::Draw",cpp,36,26,4.3
"C:\Users\shinj\OneDrive\ドキュメント\Creation\ソフト開発\WindowsProject\20_SNFramework\26_Graphics\Core\SND2D.h","モジュール外",h,28,16,6.8
"C:\Users\shinj\OneDrive\ドキュメント\Creation\ソフト開発\WindowsProject\20_SNFramework\26_Graphics\Core\SND3D.cpp","モジュール外",cpp,28,23,0.0
"C:\Users\shinj\OneDrive\ドキュメント\Creation\ソフト開発\WindowsProject\20_SNFramework\26_Graphics\Core\SND3D.cpp","Void SND3D::CreateDevice",cpp,21,17,7.4
"C:\Users\shinj\OneDrive\ドキュメント\Creation\ソフト開発\WindowsProject\20_SNFramework\26_Graphics\Core\SND3D.cpp","Void SND3D::CreateSwapChain",cpp,32,25,3.8
"C:\Users\shinj\OneDrive\ドキュメント\Creation\ソフト開発\WindowsProject\20_SNFramework\26_Graphics\Core\SND3D.cpp","Void SND3D::CreateRTV",cpp,16,12,2.4
"C:\Users\shinj\OneDrive\ドキュメント\Creation\ソフト開発\WindowsProject\20_SNFramework\26_Graphics\Core\SND3D.cpp","Void SND3D::CreateSurface",cpp,32,24,4.3
"C:\Users\shinj\OneDrive\ドキュメント\Creation\ソフト開発\WindowsProject\20_SNFramework\26_Graphics\Core\SND3D.cpp","Void SND3D::CreateSRV",cpp,15,9,3.5
"C:\Users\shinj\OneDrive\ドキュメント\Creation\ソフト開発\WindowsProject\20_SNFramework\26_Graphics\Core\SND3D.cpp","Void SND3D::CreateFullscreenQuad",cpp,41,30,9.6
"C:\Users\shinj\OneDrive\ドキュメント\Creation\ソフト開発\WindowsProject\20_SNFramework\26_Graphics\Core\SND3D.cpp","Void SND3D::CreateShaders",cpp,34,28,3.1
"C:\Users\shinj\OneDrive\ドキュメント\Creation\ソフト開発\WindowsProject\20_SNFramework\26_Graphics\Core\SND3D.cpp","Void SND3D::CreateSampler",cpp,24,20,2.3
"C:\Users\shinj\OneDrive\ドキュメント\Creation\ソフト開発\WindowsProject\20_SNFramework\26_Graphics\Core\SND3D.cpp","Void SND3D::ReleaseDevice",cpp,16,14,0.0
"C:\Users\shinj\OneDrive\ドキュメント\Creation\ソフト開発\WindowsProject\20_SNFramework\26_Graphics\Core\SND3D.cpp","Void SND3D::ReleaseSwapChain",cpp,10,9,0.0
"C:\Users\shinj\OneDrive\ドキュメント\Creation\ソフト開発\WindowsProject\20_SNFramework\26_Graphics\Core\SND3D.cpp","Void SND3D::ReleaseRTV",cpp,10,9,0.0
"C:\Users\shinj\OneDrive\ドキュメント\Creation\ソフト開発\WindowsProject\20_SNFramework\26_Graphics\Core\SND3D.cpp","Void SND3D::ReleaseSurface",cpp,16,14,0.0
"C:\Users\shinj\OneDrive\ドキュメント\Creation\ソフト開発\WindowsProject\20_SNFramework\26_Graphics\Core\SND3D.cpp","Void SND3D::ReleaseSRV",cpp,10,9,0.0
"C:\Users\shinj\OneDrive\ドキュメント\Creation\ソフト開発\WindowsProject\20_SNFramework\26_Graphics\Core\SND3D.cpp","Void SND3D::ReleaseFullscreenQuad",cpp,10,9,0.0
"C:\Users\shinj\OneDrive\ドキュメント\Creation\ソフト開発\WindowsProject\20_SNFramework\26_Graphics\Core\SND3D.cpp","Void SND3D::ReleaseShaders",cpp,22,19,0.0
"C:\Users\shinj\OneDrive\ドキュメント\Creation\ソフト開発\WindowsProject\20_SNFramework\26_Graphics\Core\SND3D.cpp","Void SND3D::ReleaseSampler",cpp,10,9,0.0
"C:\Users\shinj\OneDrive\ドキュメント\Creation\ソフト開発\WindowsProject\20_SNFramework\26_Graphics\Core\SND3D.cpp","Handle SND3D::GetDC",cpp,22,17,2.4
"C:\Users\shinj\OneDrive\ドキュメント\Creation\ソフト開発\WindowsProject\20_SNFramework\26_Graphics\Core\SND3D.cpp","Void SND3D::ReleaseDC",cpp,8,5,7.8
"C:\Users\shinj\OneDrive\ドキュメント\Creation\ソフト開発\WindowsProject\20_SNFramework\26_Graphics\Core\SND3D.cpp","Void SND3D::Flip",cpp,59,34,14.3
"C:\Users\shinj\OneDrive\ドキュメント\Creation\ソフト開発\WindowsProject\20_SNFramework\26_Graphics\Core\SND3D.cpp","Void SND3D::SetFullScreen",cpp,12,9,0.0
"C:\Users\shinj\OneDrive\ドキュメント\Creation\ソフト開発\WindowsProject\20_SNFramework\26_Graphics\Core\SND3D.cpp","Void SND3D::ResizeBuffer",cpp,13,9,15.5
"C:\Users\shinj\OneDrive\ドキュメント\Creation\ソフト開発\WindowsProject\20_SNFramework\26_Graphics\Core\SND3D.cpp","Void SND3D::GetScreenRect",cpp,23,20,0.0
"C:\Users\shinj\OneDrive\ドキュメント\Creation\ソフト開発\WindowsProject\20_SNFramework\26_Graphics\Core\SND3D.h","モジュール外",h,98,41,28.9
"C:\Users\shinj\OneDrive\ドキュメント\Creation\ソフト開発\WindowsProject\20_SNFramework\26_Graphics\Core\SND3DShaderPS.h","モジュール外",h,2478,2425,0.0
"C:\Users\shinj\OneDrive\ドキュメント\Creation\ソフト開発\WindowsProject\20_SNFramework\26_Graphics\Core\SND3DShaderVS.h","モジュール外",h,2835,2777,0.0
"C:\Users\shinj\OneDrive\ドキュメント\Creation\ソフト開発\WindowsProject\20_SNFramework\26_Graphics\Core\SNGDI.cpp","モジュール外",cpp,16,8,12.5
"C:\Users\shinj\OneDrive\ドキュメント\Creation\ソフト開発\WindowsProject\20_SNFramework\26_Graphics\Core\SNGDI.cpp","Void SNGDI::Initialize",cpp,19,11,18.0
"C:\Users\shinj\OneDrive\ドキュメント\Creation\ソフト開発\WindowsProject\20_SNFramework\26_Graphics\Core\SNGDI.cpp","Void SNGDI::Terminate",cpp,13,8,10.9
"C:\Users\shinj\OneDrive\ドキュメント\Creation\ソフト開発\WindowsProject\20_SNFramework\26_Graphics\Core\SNGDI.cpp","Int SNGDI::GetEncoderClsid",cpp,34,26,6.0
"C:\Users\shinj\OneDrive\ドキュメント\Creation\ソフト開発\WindowsProject\20_SNFramework\26_Graphics\Core\SNGDI.cpp","SNGDI::SNGDI() : SNAutoResource",cpp,7,4,6.7
"C:\Users\shinj\OneDrive\ドキュメント\Creation\ソフト開発\WindowsProject\20_SNFramework\26_Graphics\Core\SNGDI.cpp","SNGDI::~SNGDI",cpp,7,4,13.3
"C:\Users\shinj\OneDrive\ドキュメント\Creation\ソフト開発\WindowsProject\20_SNFramework\26_Graphics\Core\SNGDI.cpp","Handle SNGDI::LoadImageFile",cpp,24,19,10.3
"C:\Users\shinj\OneDrive\ドキュメント\Creation\ソフト開発\WindowsProject\20_SNFramework\26_Graphics\Core\SNGDI.cpp","Boolean SNGDI::SaveImageFile",cpp,22,14,22.2
"C:\Users\shinj\OneDrive\ドキュメント\Creation\ソフト開発\WindowsProject\20_SNFramework\26_Graphics\Core\SNGDI.cpp","Void SNGDI::InitDC",cpp,10,7,5.7
"C:\Users\shinj\OneDrive\ドキュメント\Creation\ソフト開発\WindowsProject\20_SNFramework\26_Graphics\Core\SNGDI.cpp","Handle SNGDI::CreateMemoryDC",cpp,6,4,12.2
"C:\Users\shinj\OneDrive\ドキュメント\Creation\ソフト開発\WindowsProject\20_SNFramework\26_Graphics\Core\SNGDI.cpp","Void SNGDI::DeleteDC",cpp,7,5,10.5
"C:\Users\shinj\OneDrive\ドキュメント\Creation\ソフト開発\WindowsProject\20_SNFramework\26_Graphics\Core\SNGDI.cpp","Handle SNGDI::CreateBitmap",cpp,6,4,7.8
"C:\Users\shinj\OneDrive\ドキュメント\Creation\ソフト開発\WindowsProject\20_SNFramework\26_Graphics\Core\SNGDI.cpp","Handle SNGDI::CreateDIBSection",cpp,17,12,11.8
"C:\Users\shinj\OneDrive\ドキュメント\Creation\ソフト開発\WindowsProject\20_SNFramework\26_Graphics\Core\SNGDI.cpp","Handle SNGDI::SetBitmap",cpp,7,4,30.8
"C:\Users\shinj\OneDrive\ドキュメント\Creation\ソフト開発\WindowsProject\20_SNFramework\26_Graphics\Core\SNGDI.cpp","Void SNGDI::GetBitmapSize",cpp,12,8,11.5
"C:\Users\shinj\OneDrive\ドキュメント\Creation\ソフト開発\WindowsProject\20_SNFramework\26_Graphics\Core\SNGDI.cpp","Void SNGDI::PatBlt",cpp,8,5,0.0
"C:\Users\shinj\OneDrive\ドキュメント\Creation\ソフト開発\WindowsProject\20_SNFramework\26_Graphics\Core\SNGDI.cpp","Void SNGDI::BitBlt",cpp,13,11,0.0
"C:\Users\shinj\OneDrive\ドキュメント\Creation\ソフト開発\WindowsProject\20_SNFramework\26_Graphics\Core\SNGDI.cpp","Void SNGDI::StretchBlt",cpp,13,11,0.0
"C:\Users\shinj\OneDrive\ドキュメント\Creation\ソフト開発\WindowsProject\20_SNFramework\26_Graphics\Core\SNGDI.cpp","Void SNGDI::TransparentBlt",cpp,12,11,0.0
"C:\Users\shinj\OneDrive\ドキュメント\Creation\ソフト開発\WindowsProject\20_SNFramework\26_Graphics\Core\SNGDI.cpp","Void SNGDI::AlphaBlend",cpp,19,13,0.0
"C:\Users\shinj\OneDrive\ドキュメント\Creation\ソフト開発\WindowsProject\20_SNFramework\26_Graphics\Core\SNGDI.cpp","Handle SNGDI::CreateBrush",cpp,10,6,7.3
"C:\Users\shinj\OneDrive\ドキュメント\Creation\ソフト開発\WindowsProject\20_SNFramework\26_Graphics\Core\SNGDI.cpp","Void SNGDI::Fill",cpp,14,8,8.3
"C:\Users\shinj\OneDrive\ドキュメント\Creation\ソフト開発\WindowsProject\20_SNFramework\26_Graphics\Core\SNGDI.cpp","Handle SNGDI::CreatePen",cpp,10,6,5.0
"C:\Users\shinj\OneDrive\ドキュメント\Creation\ソフト開発\WindowsProject\20_SNFramework\26_Graphics\Core\SNGDI.cpp","Void SNGDI::DrawLine",cpp,36,19,16.1
"C:\Users\shinj\OneDrive\ドキュメント\Creation\ソフト開発\WindowsProject\20_SNFramework\26_Graphics\Core\SNGDI.cpp","Void SNGDI::DeleteObject",cpp,9,5,15.7
"C:\Users\shinj\OneDrive\ドキュメント\Creation\ソフト開発\WindowsProject\20_SNFramework\26_Graphics\Core\SNGDI.cpp","Void SNGDI::DrawString",cpp,9,6,6.3
"C:\Users\shinj\OneDrive\ドキュメント\Creation\ソフト開発\WindowsProject\20_SNFramework\26_Graphics\Core\SNGDI.cpp","Void SNGDI::DrawCircle",cpp,14,9,2.5
"C:\Users\shinj\OneDrive\ドキュメント\Creation\ソフト開発\WindowsProject\20_SNFramework\26_Graphics\Core\SNGDI.h","モジュール外",h,123,52,24.9
"C:\Users\shinj\OneDrive\ドキュメント\Creation\ソフト開発\WindowsProject\20_SNFramework\26_Graphics\Core\SNGraphics.cpp","モジュール外",cpp,30,18,21.5
"C:\Users\shinj\OneDrive\ドキュメント\Creation\ソフト開発\WindowsProject\20_SNFramework\26_Graphics\Core\SNGraphics.cpp","Void SNGraphics::Initialize",cpp,9,5,24.0
"C:\Users\shinj\OneDrive\ドキュメント\Creation\ソフト開発\WindowsProject\20_SNFramework\26_Graphics\Core\SNGraphics.cpp","Void SNGraphics::Startup",cpp,25,17,13.7
"C:\Users\shinj\OneDrive\ドキュメント\Creation\ソフト開発\WindowsProject\20_SNFramework\26_Graphics\Core\SNGraphics.cpp","Void SNGraphics::Run",cpp,6,4,13.7
"C:\Users\shinj\OneDrive\ドキュメント\Creation\ソフト開発\WindowsProject\20_SNFramework\26_Graphics\Core\SNGraphics.cpp","Void SNGraphics::BeforeTerminate",cpp,25,17,15.0
"C:\Users\shinj\OneDrive\ドキュメント\Creation\ソフト開発\WindowsProject\20_SNFramework\26_Graphics\Core\SNGraphics.cpp","Void SNGraphics::Terminate",cpp,9,5,18.0
"C:\Users\shinj\OneDrive\ドキュメント\Creation\ソフト開発\WindowsProject\20_SNFramework\26_Graphics\Core\SNGraphics.cpp","Void SNGraphics::LoadSystemResource",cpp,14,8,37.9
"C:\Users\shinj\OneDrive\ドキュメント\Creation\ソフト開発\WindowsProject\20_SNFramework\26_Graphics\Core\SNGraphics.cpp","Void SNGraphics::Update",cpp,59,36,21.2
"C:\Users\shinj\OneDrive\ドキュメント\Creation\ソフト開発\WindowsProject\20_SNFramework\26_Graphics\Core\SNGraphics.cpp","Void SNGraphics::FlipSurface",cpp,9,5,31.6
"C:\Users\shinj\OneDrive\ドキュメント\Creation\ソフト開発\WindowsProject\20_SNFramework\26_Graphics\Core\SNGraphics.cpp","SNSurfaceD3D* SNGraphics::GetSurface",cpp,5,4,0.0
"C:\Users\shinj\OneDrive\ドキュメント\Creation\ソフト開発\WindowsProject\20_SNFramework\26_Graphics\Core\SNGraphics.cpp","Void SNGraphics::UpdateDrawRect",cpp,37,24,13.9
"C:\Users\shinj\OneDrive\ドキュメント\Creation\ソフト開発\WindowsProject\20_SNFramework\26_Graphics\Core\SNGraphics.cpp","Boolean SNGraphics::ClientToSurface",cpp,45,31,23.9
"C:\Users\shinj\OneDrive\ドキュメント\Creation\ソフト開発\WindowsProject\20_SNFramework\26_Graphics\Core\SNGraphics.cpp","Boolean SNGraphics::IsFullScreen",cpp,5,4,15.5
"C:\Users\shinj\OneDrive\ドキュメント\Creation\ソフト開発\WindowsProject\20_SNFramework\26_Graphics\Core\SNGraphics.h","モジュール外",h,68,29,37.3
"C:\Users\shinj\OneDrive\ドキュメント\Creation\ソフト開発\WindowsProject\20_SNFramework\27_AudioVideo\Core\SNAudioVideo.cpp","モジュール外",cpp,4,1,43.1
"C:\Users\shinj\OneDrive\ドキュメント\Creation\ソフト開発\WindowsProject\20_SNFramework\27_AudioVideo\Core\SNAudioVideo.cpp","Void SNAudioVideo::Initialize",cpp,7,4,19.1
"C:\Users\shinj\OneDrive\ドキュメント\Creation\ソフト開発\WindowsProject\20_SNFramework\27_AudioVideo\Core\SNAudioVideo.cpp","Void SNAudioVideo::Startup",cpp,8,4,16.9
"C:\Users\shinj\OneDrive\ドキュメント\Creation\ソフト開発\WindowsProject\20_SNFramework\27_AudioVideo\Core\SNAudioVideo.cpp","Void SNAudioVideo::Run",cpp,6,4,13.2
"C:\Users\shinj\OneDrive\ドキュメント\Creation\ソフト開発\WindowsProject\20_SNFramework\27_AudioVideo\Core\SNAudioVideo.cpp","Void SNAudioVideo::BeforeTerminate",cpp,8,4,17.3
"C:\Users\shinj\OneDrive\ドキュメント\Creation\ソフト開発\WindowsProject\20_SNFramework\27_AudioVideo\Core\SNAudioVideo.cpp","Void SNAudioVideo::Terminate",cpp,7,4,11.4
"C:\Users\shinj\OneDrive\ドキュメント\Creation\ソフト開発\WindowsProject\20_SNFramework\27_AudioVideo\Core\SNAudioVideo.h","モジュール外",h,23,11,23.3
"C:\Users\shinj\OneDrive\ドキュメント\Creation\ソフト開発\WindowsProject\20_SNFramework\27_AudioVideo\Core\SNSoundThread.cpp","モジュール外",cpp,4,1,43.1
"C:\Users\shinj\OneDrive\ドキュメント\Creation\ソフト開発\WindowsProject\20_SNFramework\27_AudioVideo\Core\SNSoundThread.cpp","Void SNAudioVideo::Initialize",cpp,7,4,19.1
"C:\Users\shinj\OneDrive\ドキュメント\Creation\ソフト開発\WindowsProject\20_SNFramework\27_AudioVideo\Core\SNSoundThread.cpp","Void SNAudioVideo::Startup",cpp,8,4,16.9
"C:\Users\shinj\OneDrive\ドキュメント\Creation\ソフト開発\WindowsProject\20_SNFramework\27_AudioVideo\Core\SNSoundThread.cpp","Void SNAudioVideo::Run",cpp,6,4,13.2
"C:\Users\shinj\OneDrive\ドキュメント\Creation\ソフト開発\WindowsProject\20_SNFramework\27_AudioVideo\Core\SNSoundThread.cpp","Void SNAudioVideo::BeforeTerminate",cpp,8,4,17.3
"C:\Users\shinj\OneDrive\ドキュメント\Creation\ソフト開発\WindowsProject\20_SNFramework\27_AudioVideo\Core\SNSoundThread.cpp","Void SNAudioVideo::Terminate",cpp,7,4,11.4
"C:\Users\shinj\OneDrive\ドキュメント\Creation\ソフト開発\WindowsProject\20_SNFramework\27_AudioVideo\Core\SNSoundThread.h","モジュール外",h,23,11,23.3
"C:\Users\shinj\OneDrive\ドキュメント\Creation\ソフト開発\WindowsProject\20_SNFramework\28_Application\Component\SNLayerController.cpp","モジュール外",cpp,5,2,23.7
"C:\Users\shinj\OneDrive\ドキュメント\Creation\ソフト開発\WindowsProject\20_SNFramework\28_Application\Component\SNLayerController.cpp","SNLayerController::SNLayerController",cpp,6,4,22.0
"C:\Users\shinj\OneDrive\ドキュメント\Creation\ソフト開発\WindowsProject\20_SNFramework\28_Application\Component\SNLayerController.cpp","SNLayerController::~SNLayerController",cpp,6,4,19.7
"C:\Users\shinj\OneDrive\ドキュメント\Creation\ソフト開発\WindowsProject\20_SNFramework\28_Application\Component\SNLayerController.cpp","Void SNLayerController::Initialize",cpp,21,12,19.4
"C:\Users\shinj\OneDrive\ドキュメント\Creation\ソフト開発\WindowsProject\20_SNFramework\28_Application\Component\SNLayerController.cpp","Void SNLayerController::Terminate",cpp,21,12,19.8
"C:\Users\shinj\OneDrive\ドキュメント\Creation\ソフト開発\WindowsProject\20_SNFramework\28_Application\Component\SNLayerController.cpp","Void SNLayerController::Entry",cpp,21,12,18.8
"C:\Users\shinj\OneDrive\ドキュメント\Creation\ソフト開発\WindowsProject\20_SNFramework\28_Application\Component\SNLayerController.cpp","Void SNLayerController::Exit",cpp,21,12,18.5
"C:\Users\shinj\OneDrive\ドキュメント\Creation\ソフト開発\WindowsProject\20_SNFramework\28_Application\Component\SNLayerController.cpp","Void SNLayerController::Step",cpp,25,15,22.2
"C:\Users\shinj\OneDrive\ドキュメント\Creation\ソフト開発\WindowsProject\20_SNFramework\28_Application\Component\SNLayerController.cpp","Void SNLayerController::Draw",cpp,28,18,19.4
"C:\Users\shinj\OneDrive\ドキュメント\Creation\ソフト開発\WindowsProject\20_SNFramework\28_Application\Component\SNLayerController.h","モジュール外",h,36,16,20.4
"C:\Users\shinj\OneDrive\ドキュメント\Creation\ソフト開発\WindowsProject\20_SNFramework\28_Application\Component\SNPhase.cpp","モジュール外",cpp,3,1,0.0
"C:\Users\shinj\OneDrive\ドキュメント\Creation\ソフト開発\WindowsProject\20_SNFramework\28_Application\Component\SNPhase.cpp","SNPhaseResult SNPhase::SequenceCallback",cpp,13,9,11.0
"C:\Users\shinj\OneDrive\ドキュメント\Creation\ソフト開発\WindowsProject\20_SNFramework\28_Application\Component\SNPhase.cpp","SNPhase::SNPhase",cpp,5,4,0.0
"C:\Users\shinj\OneDrive\ドキュメント\Creation\ソフト開発\WindowsProject\20_SNFramework\28_Application\Component\SNPhase.cpp","SNPhase::~SNPhase",cpp,5,4,0.0
"C:\Users\shinj\OneDrive\ドキュメント\Creation\ソフト開発\WindowsProject\20_SNFramework\28_Application\Component\SNPhase.cpp","SNPhaseResult SNPhase::PhaseStepFunc",cpp,5,4,20.6
"C:\Users\shinj\OneDrive\ドキュメント\Creation\ソフト開発\WindowsProject\20_SNFramework\28_Application\Component\SNPhase.h","モジュール外",h,20,12,26.7
"C:\Users\shinj\OneDrive\ドキュメント\Creation\ソフト開発\WindowsProject\20_SNFramework\28_Application\Component\SNScene.cpp","モジュール外",cpp,5,2,22.7
"C:\Users\shinj\OneDrive\ドキュメント\Creation\ソフト開発\WindowsProject\20_SNFramework\28_Application\Component\SNScene.cpp","SNScene::SNScene",cpp,17,15,4.6
"C:\Users\shinj\OneDrive\ドキュメント\Creation\ソフト開発\WindowsProject\20_SNFramework\28_Application\Component\SNScene.cpp","SNScene::~SNScene",cpp,6,4,26.7
"C:\Users\shinj\OneDrive\ドキュメント\Creation\ソフト開発\WindowsProject\20_SNFramework\28_Application\Component\SNScene.cpp","Void SNScene::Initialize",cpp,7,5,12.0
"C:\Users\shinj\OneDrive\ドキュメント\Creation\ソフト開発\WindowsProject\20_SNFramework\28_Application\Component\SNScene.cpp","Void SNScene::Terminate",cpp,7,5,14.6
"C:\Users\shinj\OneDrive\ドキュメント\Creation\ソフト開発\WindowsProject\20_SNFramework\28_Application\Component\SNScene.cpp","Void SNScene::Entry",cpp,7,5,12.5
"C:\Users\shinj\OneDrive\ドキュメント\Creation\ソフト開発\WindowsProject\20_SNFramework\28_Application\Component\SNScene.cpp","Void SNScene::Exit",cpp,7,5,11.4
"C:\Users\shinj\OneDrive\ドキュメント\Creation\ソフト開発\WindowsProject\20_SNFramework\28_Application\Component\SNScene.cpp","Void SNScene::Step",cpp,36,24,21.6
"C:\Users\shinj\OneDrive\ドキュメント\Creation\ソフト開発\WindowsProject\20_SNFramework\28_Application\Component\SNScene.cpp","Boolean SNScene::EventProc",cpp,40,33,7.8
"C:\Users\shinj\OneDrive\ドキュメント\Creation\ソフト開発\WindowsProject\20_SNFramework\28_Application\Component\SNScene.cpp","Void SNScene::Draw",cpp,16,11,27.6
"C:\Users\shinj\OneDrive\ドキュメント\Creation\ソフト開発\WindowsProject\20_SNFramework\28_Application\Component\SNScene.cpp","Void SNScene::SetRect",cpp,12,8,18.1
"C:\Users\shinj\OneDrive\ドキュメント\Creation\ソフト開発\WindowsProject\20_SNFramework\28_Application\Component\SNScene.cpp","SNRect SNScene::GetRect",cpp,14,9,22.5
"C:\Users\shinj\OneDrive\ドキュメント\Creation\ソフト開発\WindowsProject\20_SNFramework\28_Application\Component\SNScene.cpp","Void SNScene::SetParentRect",cpp,12,8,17.2
"C:\Users\shinj\OneDrive\ドキュメント\Creation\ソフト開発\WindowsProject\20_SNFramework\28_Application\Component\SNScene.cpp","SNRect SNScene::GetParentRect",cpp,14,9,18.4
"C:\Users\shinj\OneDrive\ドキュメント\Creation\ソフト開発\WindowsProject\20_SNFramework\28_Application\Component\SNScene.cpp","Void SNScene::Move",cpp,11,6,31.9
"C:\Users\shinj\OneDrive\ドキュメント\Creation\ソフト開発\WindowsProject\20_SNFramework\28_Application\Component\SNScene.cpp","Void SNScene::Resize",cpp,9,6,10.0
"C:\Users\shinj\OneDrive\ドキュメント\Creation\ソフト開発\WindowsProject\20_SNFramework\28_Application\Component\SNScene.cpp","Void SNScene::Centering",cpp,18,12,15.1
"C:\Users\shinj\OneDrive\ドキュメント\Creation\ソフト開発\WindowsProject\20_SNFramework\28_Application\Component\SNScene.cpp","SNRect SNScene::CalcGlobalRect",cpp,14,9,17.4
"C:\Users\shinj\OneDrive\ドキュメント\Creation\ソフト開発\WindowsProject\20_SNFramework\28_Application\Component\SNScene.cpp","Void SNScene::OnInitialize",cpp,6,4,15.2
"C:\Users\shinj\OneDrive\ドキュメント\Creation\ソフト開発\WindowsProject\20_SNFramework\28_Application\Component\SNScene.cpp","Void SNScene::OnTerminate",cpp,6,4,18.3
"C:\Users\shinj\OneDrive\ドキュメント\Creation\ソフト開発\WindowsProject\20_SNFramework\28_Application\Component\SNScene.cpp","Void SNScene::OnEntry",cpp,6,4,15.0
"C:\Users\shinj\OneDrive\ドキュメント\Creation\ソフト開発\WindowsProject\20_SNFramework\28_Application\Component\SNScene.cpp","Void SNScene::OnExit",cpp,6,4,13.7
"C:\Users\shinj\OneDrive\ドキュメント\Creation\ソフト開発\WindowsProject\20_SNFramework\28_Application\Component\SNScene.cpp","Boolean SNScene::OnNotifyEvent",cpp,6,4,17.8
"C:\Users\shinj\OneDrive\ドキュメント\Creation\ソフト開発\WindowsProject\20_SNFramework\28_Application\Component\SNScene.cpp","Boolean SNScene::OnInternalEvent",cpp,6,4,19.4
"C:\Users\shinj\OneDrive\ドキュメント\Creation\ソフト開発\WindowsProject\20_SNFramework\28_Application\Component\SNScene.cpp","Boolean SNScene::OnGamePad1",cpp,6,4,20.8
"C:\Users\shinj\OneDrive\ドキュメント\Creation\ソフト開発\WindowsProject\20_SNFramework\28_Application\Component\SNScene.cpp","Boolean SNScene::OnGamePad2",cpp,6,4,20.8
"C:\Users\shinj\OneDrive\ドキュメント\Creation\ソフト開発\WindowsProject\20_SNFramework\28_Application\Component\SNScene.cpp","Boolean SNScene::OnPointingDevice",cpp,6,4,28.4
"C:\Users\shinj\OneDrive\ドキュメント\Creation\ソフト開発\WindowsProject\20_SNFramework\28_Application\Component\SNScene.cpp","Boolean SNScene::OnDirectKeyboard",cpp,6,4,26.7
"C:\Users\shinj\OneDrive\ドキュメント\Creation\ソフト開発\WindowsProject\20_SNFramework\28_Application\Component\SNScene.cpp","Boolean SNScene::OnDirectGamePad",cpp,7,4,28.0
"C:\Users\shinj\OneDrive\ドキュメント\Creation\ソフト開発\WindowsProject\20_SNFramework\28_Application\Component\SNScene.cpp","Void SNScene::OnCycle",cpp,6,4,26.2
"C:\Users\shinj\OneDrive\ドキュメント\Creation\ソフト開発\WindowsProject\20_SNFramework\28_Application\Component\SNScene.cpp","Void SNScene::OnDraw",cpp,5,4,15.4
"C:\Users\shinj\OneDrive\ドキュメント\Creation\ソフト開発\WindowsProject\20_SNFramework\28_Application\Component\SNScene.h","モジュール外",h,119,47,40.9
"C:\Users\shinj\OneDrive\ドキュメント\Creation\ソフト開発\WindowsProject\20_SNFramework\28_Application\Component\SNSceneController.cpp","モジュール外",cpp,5,2,23.7
"C:\Users\shinj\OneDrive\ドキュメント\Creation\ソフト開発\WindowsProject\20_SNFramework\28_Application\Component\SNSceneController.cpp","SNSceneController::SNSceneController",cpp,6,4,22.0
"C:\Users\shinj\OneDrive\ドキュメント\Creation\ソフト開発\WindowsProject\20_SNFramework\28_Application\Component\SNSceneController.cpp","SNSceneController::~SNSceneController",cpp,8,5,15.3
"C:\Users\shinj\OneDrive\ドキュメント\Creation\ソフト開発\WindowsProject\20_SNFramework\28_Application\Component\SNSceneController.cpp","Void SNSceneController::SetSceneNum",cpp,9,5,19.8
"C:\Users\shinj\OneDrive\ドキュメント\Creation\ソフト開発\WindowsProject\20_SNFramework\28_Application\Component\SNSceneController.cpp","Void SNSceneController::SetScene",cpp,15,7,19.7
"C:\Users\shinj\OneDrive\ドキュメント\Creation\ソフト開発\WindowsProject\20_SNFramework\28_Application\Component\SNSceneController.cpp","Void SNSceneController::SetRect",cpp,15,9,19.7
"C:\Users\shinj\OneDrive\ドキュメント\Creation\ソフト開発\WindowsProject\20_SNFramework\28_Application\Component\SNSceneController.cpp","SNRect SNSceneController::GetRect",cpp,14,9,21.6
"C:\Users\shinj\OneDrive\ドキュメント\Creation\ソフト開発\WindowsProject\20_SNFramework\28_Application\Component\SNSceneController.cpp","Void SNSceneController::SetParentRect",cpp,15,9,18.9
"C:\Users\shinj\OneDrive\ドキュメント\Creation\ソフト開発\WindowsProject\20_SNFramework\28_Application\Component\SNSceneController.cpp","SNRect SNSceneController::GetParentRect",cpp,14,9,17.8
"C:\Users\shinj\OneDrive\ドキュメント\Creation\ソフト開発\WindowsProject\20_SNFramework\28_Application\Component\SNSceneController.cpp","Void SNSceneController::Move",cpp,14,7,30.6
"C:\Users\shinj\OneDrive\ドキュメント\Creation\ソフト開発\WindowsProject\20_SNFramework\28_Application\Component\SNSceneController.cpp","Void SNSceneController::Resize",cpp,13,7,21.1
"C:\Users\shinj\OneDrive\ドキュメント\Creation\ソフト開発\WindowsProject\20_SNFramework\28_Application\Component\SNSceneController.cpp","Void SNSceneController::Centering",cpp,21,13,16.9
"C:\Users\shinj\OneDrive\ドキュメント\Creation\ソフト開発\WindowsProject\20_SNFramework\28_Application\Component\SNSceneController.cpp","SNRect SNSceneController::CalcGlobalRect",cpp,14,9,16.8
"C:\Users\shinj\OneDrive\ドキュメント\Creation\ソフト開発\WindowsProject\20_SNFramework\28_Application\Component\SNSceneController.cpp","Void SNSceneController::UpdateChildRect",cpp,17,12,10.1
"C:\Users\shinj\OneDrive\ドキュメント\Creation\ソフト開発\WindowsProject\20_SNFramework\28_Application\Component\SNSceneController.h","モジュール外",h,57,23,29.9
"C:\Users\shinj\OneDrive\ドキュメント\Creation\ソフト開発\WindowsProject\20_SNFramework\28_Application\Component\SNSequencer.cpp","モジュール外",cpp,4,3,0.0
"C:\Users\shinj\OneDrive\ドキュメント\Creation\ソフト開発\WindowsProject\20_SNFramework\28_Application\Component\SNSequencer.cpp","SNSequencer::SNSequencer",cpp,12,10,8.5
"C:\Users\shinj\OneDrive\ドキュメント\Creation\ソフト開発\WindowsProject\20_SNFramework\28_Application\Component\SNSequencer.cpp","SNSequencer::~SNSequencer",cpp,9,6,14.1
"C:\Users\shinj\OneDrive\ドキュメント\Creation\ソフト開発\WindowsProject\20_SNFramework\28_Application\Component\SNSequencer.cpp","Void SNSequencer::Initialize",cpp,27,19,8.1
"C:\Users\shinj\OneDrive\ドキュメント\Creation\ソフト開発\WindowsProject\20_SNFramework\28_Application\Component\SNSequencer.cpp","Void SNSequencer::SetWait",cpp,19,13,4.1
"C:\Users\shinj\OneDrive\ドキュメント\Creation\ソフト開発\WindowsProject\20_SNFramework\28_Application\Component\SNSequencer.cpp","Void SNSequencer::Start",cpp,17,11,9.0
"C:\Users\shinj\OneDrive\ドキュメント\Creation\ソフト開発\WindowsProject\20_SNFramework\28_Application\Component\SNSequencer.cpp","Void SNSequencer::Stop",cpp,11,8,7.2
"C:\Users\shinj\OneDrive\ドキュメント\Creation\ソフト開発\WindowsProject\20_SNFramework\28_Application\Component\SNSequencer.cpp","Void SNSequencer::Step",cpp,56,39,15.4
"C:\Users\shinj\OneDrive\ドキュメント\Creation\ソフト開発\WindowsProject\20_SNFramework\28_Application\Component\SNSequencer.cpp","Void SNSequencer::Clear",cpp,16,11,4.1
"C:\Users\shinj\OneDrive\ドキュメント\Creation\ソフト開発\WindowsProject\20_SNFramework\28_Application\Component\SNSequencer.cpp","Boolean SNSequencer::IsProc",cpp,6,4,13.0
"C:\Users\shinj\OneDrive\ドキュメント\Creation\ソフト開発\WindowsProject\20_SNFramework\28_Application\Component\SNSequencer.cpp","Boolean SNSequencer::IsEnd",cpp,6,4,9.2
"C:\Users\shinj\OneDrive\ドキュメント\Creation\ソフト開発\WindowsProject\20_SNFramework\28_Application\Component\SNSequencer.cpp","Boolean SNSequencer::IsError",cpp,6,4,11.0
"C:\Users\shinj\OneDrive\ドキュメント\Creation\ソフト開発\WindowsProject\20_SNFramework\28_Application\Component\SNSequencer.cpp","Void SNSequencer::OnTimerStart",cpp,6,4,20.7
"C:\Users\shinj\OneDrive\ドキュメント\Creation\ソフト開発\WindowsProject\20_SNFramework\28_Application\Component\SNSequencer.cpp","Void SNSequencer::OnTimerStop",cpp,6,4,24.2
"C:\Users\shinj\OneDrive\ドキュメント\Creation\ソフト開発\WindowsProject\20_SNFramework\28_Application\Component\SNSequencer.cpp","Void SNSequencer::OnTimerRestart",cpp,6,4,25.3
"C:\Users\shinj\OneDrive\ドキュメント\Creation\ソフト開発\WindowsProject\20_SNFramework\28_Application\Component\SNSequencer.cpp","Boolean SNSequencer::IsTimeout",cpp,5,4,24.6
"C:\Users\shinj\OneDrive\ドキュメント\Creation\ソフト開発\WindowsProject\20_SNFramework\28_Application\Component\SNSequencer.h","モジュール外",h,80,43,22.9
"C:\Users\shinj\OneDrive\ドキュメント\Creation\ソフト開発\WindowsProject\20_SNFramework\28_Application\Component\SNStateController.cpp","モジュール外",cpp,10,5,28.6
"C:\Users\shinj\OneDrive\ドキュメント\Creation\ソフト開発\WindowsProject\20_SNFramework\28_Application\Component\SNStateController.cpp","SNStateController::SNStateController",cpp,9,5,27.0
"C:\Users\shinj\OneDrive\ドキュメント\Creation\ソフト開発\WindowsProject\20_SNFramework\28_Application\Component\SNStateController.cpp","SNStateController::~SNStateController",cpp,6,4,19.7
"C:\Users\shinj\OneDrive\ドキュメント\Creation\ソフト開発\WindowsProject\20_SNFramework\28_Application\Component\SNStateController.cpp","Void SNStateController::SetSceneNum",cpp,12,6,35.0
"C:\Users\shinj\OneDrive\ドキュメント\Creation\ソフト開発\WindowsProject\20_SNFramework\28_Application\Component\SNStateController.cpp","Void SNStateController::Initialize",cpp,21,12,21.0
"C:\Users\shinj\OneDrive\ドキュメント\Creation\ソフト開発\WindowsProject\20_SNFramework\28_Application\Component\SNStateController.cpp","Void SNStateController::Terminate",cpp,21,12,21.5
"C:\Users\shinj\OneDrive\ドキュメント\Creation\ソフト開発\WindowsProject\20_SNFramework\28_Application\Component\SNStateController.cpp","Void SNStateController::Entry",cpp,12,6,27.5
"C:\Users\shinj\OneDrive\ドキュメント\Creation\ソフト開発\WindowsProject\20_SNFramework\28_Application\Component\SNStateController.cpp","Void SNStateController::Exit",cpp,12,6,26.8
"C:\Users\shinj\OneDrive\ドキュメント\Creation\ソフト開発\WindowsProject\20_SNFramework\28_Application\Component\SNStateController.cpp","Void SNStateController::Step",cpp,57,33,26.4
"C:\Users\shinj\OneDrive\ドキュメント\Creation\ソフト開発\WindowsProject\20_SNFramework\28_Application\Component\SNStateController.cpp","Void SNStateController::Draw",cpp,19,12,28.5
"C:\Users\shinj\OneDrive\ドキュメント\Creation\ソフト開発\WindowsProject\20_SNFramework\28_Application\Component\SNStateController.cpp","Void SNStateController::SetScene",cpp,24,11,42.8
"C:\Users\shinj\OneDrive\ドキュメント\Creation\ソフト開発\WindowsProject\20_SNFramework\28_Application\Component\SNStateController.cpp","Void SNStateController::CompleteSceneSet",cpp,11,6,45.2
"C:\Users\shinj\OneDrive\ドキュメント\Creation\ソフト開発\WindowsProject\20_SNFramework\28_Application\Component\SNStateController.h","モジュール外",h,57,22,39.1
"C:\Users\shinj\OneDrive\ドキュメント\Creation\ソフト開発\WindowsProject\20_SNFramework\28_Application\Component\SNThreadSequencer.cpp","モジュール外",cpp,3,2,0.0
"C:\Users\shinj\OneDrive\ドキュメント\Creation\ソフト開発\WindowsProject\20_SNFramework\28_Application\Component\SNThreadSequencer.cpp","SNThreadSequencer::SNThreadSequencer",cpp,9,6,13.4
"C:\Users\shinj\OneDrive\ドキュメント\Creation\ソフト開発\WindowsProject\20_SNFramework\28_Application\Component\SNThreadSequencer.cpp","SNThreadSequencer::~SNThreadSequencer",cpp,7,4,19.2
"C:\Users\shinj\OneDrive\ドキュメント\Creation\ソフト開発\WindowsProject\20_SNFramework\28_Application\Component\SNThreadSequencer.cpp","Void SNThreadSequencer::OnTimerStart",cpp,10,6,24.2
"C:\Users\shinj\OneDrive\ドキュメント\Creation\ソフト開発\WindowsProject\20_SNFramework\28_Application\Component\SNThreadSequencer.cpp","Void SNThreadSequencer::OnTimerStop",cpp,9,5,35.2
"C:\Users\shinj\OneDrive\ドキュメント\Creation\ソフト開発\WindowsProject\20_SNFramework\28_Application\Component\SNThreadSequencer.cpp","Void SNThreadSequencer::OnTimerRestart",cpp,9,5,31.1
"C:\Users\shinj\OneDrive\ドキュメント\Creation\ソフト開発\WindowsProject\20_SNFramework\28_Application\Component\SNThreadSequencer.cpp","Boolean SNThreadSequencer::IsTimeout",cpp,12,6,23.3
"C:\Users\shinj\OneDrive\ドキュメント\Creation\ソフト開発\WindowsProject\20_SNFramework\28_Application\Component\SNThreadSequencer.cpp","Void SNThreadSequencer::UserMain",cpp,16,10,26.5
"C:\Users\shinj\OneDrive\ドキュメント\Creation\ソフト開発\WindowsProject\20_SNFramework\28_Application\Component\SNThreadSequencer.h","モジュール外",h,35,18,34.9
"C:\Users\shinj\OneDrive\ドキュメント\Creation\ソフト開発\WindowsProject\20_SNFramework\28_Application\Component\SNTimerSequencer.cpp","モジュール外",cpp,3,1,0.0
"C:\Users\shinj\OneDrive\ドキュメント\Creation\ソフト開発\WindowsProject\20_SNFramework\28_Application\Component\SNTimerSequencer.cpp","SNTimerSequencer::SNTimerSequencer",cpp,8,5,16.5
"C:\Users\shinj\OneDrive\ドキュメント\Creation\ソフト開発\WindowsProject\20_SNFramework\28_Application\Component\SNTimerSequencer.cpp","SNTimerSequencer::~SNTimerSequencer",cpp,7,4,19.7
"C:\Users\shinj\OneDrive\ドキュメント\Creation\ソフト開発\WindowsProject\20_SNFramework\28_Application\Component\SNTimerSequencer.cpp","Void SNTimerSequencer::OnTimerStart",cpp,8,5,15.3
"C:\Users\shinj\OneDrive\ドキュメント\Creation\ソフト開発\WindowsProject\20_SNFramework\28_Application\Component\SNTimerSequencer.cpp","Void SNTimerSequencer::OnTimerStop",cpp,8,5,18.0
"C:\Users\shinj\OneDrive\ドキュメント\Creation\ソフト開発\WindowsProject\20_SNFramework\28_Application\Component\SNTimerSequencer.cpp","Void SNTimerSequencer::OnTimerRestart",cpp,8,5,18.6
"C:\Users\shinj\OneDrive\ドキュメント\Creation\ソフト開発\WindowsProject\20_SNFramework\28_Application\Component\SNTimerSequencer.cpp","Boolean SNTimerSequencer::IsTimeout",cpp,5,4,20.2
"C:\Users\shinj\OneDrive\ドキュメント\Creation\ソフト開発\WindowsProject\20_SNFramework\28_Application\Component\SNTimerSequencer.h","モジュール外",h,30,16,26.7
"C:\Users\shinj\OneDrive\ドキュメント\Creation\ソフト開発\WindowsProject\20_SNFramework\28_Application\Component\SNUserAppBase.cpp","モジュール外",cpp,7,2,42.3
"C:\Users\shinj\OneDrive\ドキュメント\Creation\ソフト開発\WindowsProject\20_SNFramework\28_Application\Component\SNUserAppBase.cpp","SNUserAppBase::SNUserAppBase",cpp,8,5,27.0
"C:\Users\shinj\OneDrive\ドキュメント\Creation\ソフト開発\WindowsProject\20_SNFramework\28_Application\Component\SNUserAppBase.cpp","SNUserAppBase::~SNUserAppBase",cpp,5,4,22.7
"C:\Users\shinj\OneDrive\ドキュメント\Creation\ソフト開発\WindowsProject\20_SNFramework\28_Application\Component\SNUserAppBase.h","モジュール外",h,26,13,41.3
"C:\Users\shinj\OneDrive\ドキュメント\Creation\ソフト開発\WindowsProject\20_SNFramework\28_Application\Core\SNApplication.cpp","モジュール外",cpp,54,34,22.0
"C:\Users\shinj\OneDrive\ドキュメント\Creation\ソフト開発\WindowsProject\20_SNFramework\28_Application\Core\SNApplication.cpp","Void SNApplication::Initialize",cpp,18,11,17.8
"C:\Users\shinj\OneDrive\ドキュメント\Creation\ソフト開発\WindowsProject\20_SNFramework\28_Application\Core\SNApplication.cpp","Void SNApplication::Startup",cpp,59,35,23.4
"C:\Users\shinj\OneDrive\ドキュメント\Creation\ソフト開発\WindowsProject\20_SNFramework\28_Application\Core\SNApplication.cpp","Void SNApplication::Run",cpp,9,5,40.2
"C:\Users\shinj\OneDrive\ドキュメント\Creation\ソフト開発\WindowsProject\20_SNFramework\28_Application\Core\SNApplication.cpp","Void SNApplication::BeforeTerminate",cpp,15,7,33.4
"C:\Users\shinj\OneDrive\ドキュメント\Creation\ソフト開発\WindowsProject\20_SNFramework\28_Application\Core\SNApplication.cpp","Void SNApplication::Terminate",cpp,9,5,24.5
"C:\Users\shinj\OneDrive\ドキュメント\Creation\ソフト開発\WindowsProject\20_SNFramework\28_Application\Core\SNApplication.cpp","Boolean SNApplication::GetEventInfo",cpp,6,4,15.4
"C:\Users\shinj\OneDrive\ドキュメント\Creation\ソフト開発\WindowsProject\20_SNFramework\28_Application\Core\SNApplication.cpp","Void SNApplication::NotifyEvent",cpp,8,5,11.6
"C:\Users\shinj\OneDrive\ドキュメント\Creation\ソフト開発\WindowsProject\20_SNFramework\28_Application\Core\SNApplication.cpp","UInt32 SNApplication::GetFPS",cpp,6,4,12.1
"C:\Users\shinj\OneDrive\ドキュメント\Creation\ソフト開発\WindowsProject\20_SNFramework\28_Application\Core\SNApplication.cpp","UInt32 SNApplication::GetProcTime",cpp,6,4,13.8
"C:\Users\shinj\OneDrive\ドキュメント\Creation\ソフト開発\WindowsProject\20_SNFramework\28_Application\Core\SNApplication.cpp","Void SNApplication::UserMain",cpp,89,43,31.8
"C:\Users\shinj\OneDrive\ドキュメント\Creation\ソフト開発\WindowsProject\20_SNFramework\28_Application\Core\SNApplication.cpp","Void SNApplication::Update",cpp,46,28,36.4
"C:\Users\shinj\OneDrive\ドキュメント\Creation\ソフト開発\WindowsProject\20_SNFramework\28_Application\Core\SNApplication.cpp","Boolean SNApplication::EventResultProc",cpp,19,12,29.7
"C:\Users\shinj\OneDrive\ドキュメント\Creation\ソフト開発\WindowsProject\20_SNFramework\28_Application\Core\SNApplication.h","モジュール外",h,122,63,28.9
"C:\Users\shinj\OneDrive\ドキュメント\Creation\ソフト開発\WindowsProject\20_SNFramework\28_Application\Core\SNApplicationThread.cpp","モジュール外",cpp,3,2,0.0
"C:\Users\shinj\OneDrive\ドキュメント\Creation\ソフト開発\WindowsProject\20_SNFramework\28_Application\Core\SNApplicationThread.cpp","Void SNApplicationThread::UserMain",cpp,6,5,27.9
"C:\Users\shinj\OneDrive\ドキュメント\Creation\ソフト開発\WindowsProject\20_SNFramework\28_Application\Core\SNApplicationThread.h","モジュール外",h,14,8,46.4
"C:\Users\shinj\OneDrive\ドキュメント\Creation\ソフト開発\WindowsProject\20_SNFramework\28_Application\Core\SNEvent.cpp","モジュール外",cpp,13,10,11.6
"C:\Users\shinj\OneDrive\ドキュメント\Creation\ソフト開発\WindowsProject\20_SNFramework\28_Application\Core\SNEvent.cpp","Void SNEvent::Initialize",cpp,24,17,5.2
"C:\Users\shinj\OneDrive\ドキュメント\Creation\ソフト開発\WindowsProject\20_SNFramework\28_Application\Core\SNEvent.cpp","Void SNEvent::Terminate",cpp,6,4,18.9
"C:\Users\shinj\OneDrive\ドキュメント\Creation\ソフト開発\WindowsProject\20_SNFramework\28_Application\Core\SNEvent.cpp","Void SNEvent::Update",cpp,68,46,16.1
"C:\Users\shinj\OneDrive\ドキュメント\Creation\ソフト開発\WindowsProject\20_SNFramework\28_Application\Core\SNEvent.h","モジュール外",h,52,34,43.2
"C:\Users\shinj\OneDrive\ドキュメント\Creation\ソフト開発\WindowsProject\20_SNFramework\28_Application\FrameworkApp\SNBgApp.cpp","モジュール外",cpp,8,5,19.8
"C:\Users\shinj\OneDrive\ドキュメント\Creation\ソフト開発\WindowsProject\20_SNFramework\28_Application\FrameworkApp\SNBgApp.cpp","SNBgApp::SNBgApp",cpp,6,4,29.8
"C:\Users\shinj\OneDrive\ドキュメント\Creation\ソフト開発\WindowsProject\20_SNFramework\28_Application\FrameworkApp\SNBgApp.cpp","SNBgApp::~SNBgApp",cpp,6,4,26.7
"C:\Users\shinj\OneDrive\ドキュメント\Creation\ソフト開発\WindowsProject\20_SNFramework\28_Application\FrameworkApp\SNBgApp.cpp","Boolean SNBgApp::OnNotifyEvent",cpp,28,20,8.4
"C:\Users\shinj\OneDrive\ドキュメント\Creation\ソフト開発\WindowsProject\20_SNFramework\28_Application\FrameworkApp\SNBgApp.h","モジュール外",h,23,12,31.8
"C:\Users\shinj\OneDrive\ドキュメント\Creation\ソフト開発\WindowsProject\20_SNFramework\28_Application\FrameworkApp\SNDebugAppOff.cpp","モジュール外",cpp,7,4,15.6
"C:\Users\shinj\OneDrive\ドキュメント\Creation\ソフト開発\WindowsProject\20_SNFramework\28_Application\FrameworkApp\SNDebugAppOff.cpp","SNDebugAppOff::SNDebugAppOff",cpp,6,4,24.6
"C:\Users\shinj\OneDrive\ドキュメント\Creation\ソフト開発\WindowsProject\20_SNFramework\28_Application\FrameworkApp\SNDebugAppOff.cpp","SNDebugAppOff::~SNDebugAppOff",cpp,6,4,22.0
"C:\Users\shinj\OneDrive\ドキュメント\Creation\ソフト開発\WindowsProject\20_SNFramework\28_Application\FrameworkApp\SNDebugAppOff.cpp","Void SNDebugAppOff::OnCycle",cpp,14,11,20.9
"C:\Users\shinj\OneDrive\ドキュメント\Creation\ソフト開発\WindowsProject\20_SNFramework\28_Application\FrameworkApp\SNDebugAppOff.h","モジュール外",h,24,12,24.9
"C:\Users\shinj\OneDrive\ドキュメント\Creation\ソフト開発\WindowsProject\20_SNFramework\28_Application\FrameworkApp\SNDebugAppRun.cpp","モジュール外",cpp,8,5,13.3
"C:\Users\shinj\OneDrive\ドキュメント\Creation\ソフト開発\WindowsProject\20_SNFramework\28_Application\FrameworkApp\SNDebugAppRun.cpp","SNDebugAppRun::SNDebugAppRun",cpp,6,4,24.6
"C:\Users\shinj\OneDrive\ドキュメント\Creation\ソフト開発\WindowsProject\20_SNFramework\28_Application\FrameworkApp\SNDebugAppRun.cpp","SNDebugAppRun::~SNDebugAppRun",cpp,6,4,22.0
"C:\Users\shinj\OneDrive\ドキュメント\Creation\ソフト開発\WindowsProject\20_SNFramework\28_Application\FrameworkApp\SNDebugAppRun.cpp","Void SNDebugAppRun::OnInitialize",cpp,23,15,13.8
"C:\Users\shinj\OneDrive\ドキュメント\Creation\ソフト開発\WindowsProject\20_SNFramework\28_Application\FrameworkApp\SNDebugAppRun.cpp","Void SNDebugAppRun::OnTerminate",cpp,8,5,11.7
"C:\Users\shinj\OneDrive\ドキュメント\Creation\ソフト開発\WindowsProject\20_SNFramework\28_Application\FrameworkApp\SNDebugAppRun.cpp","Void SNDebugAppRun::OnEntry",cpp,8,5,9.6
"C:\Users\shinj\OneDrive\ドキュメント\Creation\ソフト開発\WindowsProject\20_SNFramework\28_Application\FrameworkApp\SNDebugAppRun.cpp","Void SNDebugAppRun::OnExit",cpp,8,5,8.7
"C:\Users\shinj\OneDrive\ドキュメント\Creation\ソフト開発\WindowsProject\20_SNFramework\28_Application\FrameworkApp\SNDebugAppRun.cpp","Void SNDebugAppRun::OnCycle",cpp,31,23,16.9
"C:\Users\shinj\OneDrive\ドキュメント\Creation\ソフト開発\WindowsProject\20_SNFramework\28_Application\FrameworkApp\SNDebugAppRun.cpp","Void SNDebugAppRun::OnDraw",cpp,8,5,10.0
"C:\Users\shinj\OneDrive\ドキュメント\Creation\ソフト開発\WindowsProject\20_SNFramework\28_Application\FrameworkApp\SNDebugAppRun.h","モジュール外",h,45,23,24.4
"C:\Users\shinj\OneDrive\ドキュメント\Creation\ソフト開発\WindowsProject\20_SNFramework\28_Application\FrameworkApp\SNSysAppConfig.cpp","モジュール外",cpp,6,3,19.8
"C:\Users\shinj\OneDrive\ドキュメント\Creation\ソフト開発\WindowsProject\20_SNFramework\28_Application\FrameworkApp\SNSysAppConfig.cpp","SNSysAppConfig::SNSysAppConfig",cpp,6,4,23.9
"C:\Users\shinj\OneDrive\ドキュメント\Creation\ソフト開発\WindowsProject\20_SNFramework\28_Application\FrameworkApp\SNSysAppConfig.cpp","SNSysAppConfig::~SNSysAppConfig",cpp,5,4,22.0
"C:\Users\shinj\OneDrive\ドキュメント\Creation\ソフト開発\WindowsProject\20_SNFramework\28_Application\FrameworkApp\SNSysAppConfig.h","モジュール外",h,20,11,20.5
"C:\Users\shinj\OneDrive\ドキュメント\Creation\ソフト開発\WindowsProject\20_SNFramework\28_Application\FrameworkApp\SNSysAppIdle.cpp","モジュール外",cpp,6,3,20.0
"C:\Users\shinj\OneDrive\ドキュメント\Creation\ソフト開発\WindowsProject\20_SNFramework\28_Application\FrameworkApp\SNSysAppIdle.cpp","SNSysAppIdle::SNSysAppIdle",cpp,6,4,25.3
"C:\Users\shinj\OneDrive\ドキュメント\Creation\ソフト開発\WindowsProject\20_SNFramework\28_Application\FrameworkApp\SNSysAppIdle.cpp","SNSysAppIdle::~SNSysAppIdle",cpp,5,4,23.4
"C:\Users\shinj\OneDrive\ドキュメント\Creation\ソフト開発\WindowsProject\20_SNFramework\28_Application\FrameworkApp\SNSysAppIdle.h","モジュール外",h,20,11,21.0
"C:\Users\shinj\OneDrive\ドキュメント\Creation\ソフト開発\WindowsProject\20_SNFramework\28_Application\FrameworkApp\SNSysAppInputConfig.cpp","モジュール外",cpp,6,3,18.9
"C:\Users\shinj\OneDrive\ドキュメント\Creation\ソフト開発\WindowsProject\20_SNFramework\28_Application\FrameworkApp\SNSysAppInputConfig.cpp","SNSysAppInputConfig::SNSysAppInputConfig",cpp,6,4,20.9
"C:\Users\shinj\OneDrive\ドキュメント\Creation\ソフト開発\WindowsProject\20_SNFramework\28_Application\FrameworkApp\SNSysAppInputConfig.cpp","SNSysAppInputConfig::~SNSysAppInputConfig",cpp,5,4,19.2
"C:\Users\shinj\OneDrive\ドキュメント\Creation\ソフト開発\WindowsProject\20_SNFramework\28_Application\FrameworkApp\SNSysAppInputConfig.h","モジュール外",h,20,11,19.5
"C:\Users\shinj\OneDrive\ドキュメント\Creation\ソフト開発\WindowsProject\20_SNFramework\28_Application\FrameworkApp\SNSysAppNoApp.cpp","モジュール外",cpp,6,3,20.0
"C:\Users\shinj\OneDrive\ドキュメント\Creation\ソフト開発\WindowsProject\20_SNFramework\28_Application\FrameworkApp\SNSysAppNoApp.cpp","SNSysAppNoApp::SNSysAppNoApp",cpp,6,4,24.6
"C:\Users\shinj\OneDrive\ドキュメント\Creation\ソフト開発\WindowsProject\20_SNFramework\28_Application\FrameworkApp\SNSysAppNoApp.cpp","SNSysAppNoApp::~SNSysAppNoApp",cpp,5,4,22.7
"C:\Users\shinj\OneDrive\ドキュメント\Creation\ソフト開発\WindowsProject\20_SNFramework\28_Application\FrameworkApp\SNSysAppNoApp.h","モジュール外",h,20,11,20.7
"C:\Users\shinj\OneDrive\ドキュメント\Creation\ソフト開発\WindowsProject\20_SNFramework\28_Application\FrameworkApp\SNSysAppPreEnd.cpp","モジュール外",cpp,6,3,18.9
"C:\Users\shinj\OneDrive\ドキュメント\Creation\ソフト開発\WindowsProject\20_SNFramework\28_Application\FrameworkApp\SNSysAppPreEnd.cpp","SNSysAppPreEnd::SNSysAppPreEnd",cpp,6,4,23.9
"C:\Users\shinj\OneDrive\ドキュメント\Creation\ソフト開発\WindowsProject\20_SNFramework\28_Application\FrameworkApp\SNSysAppPreEnd.cpp","SNSysAppPreEnd::~SNSysAppPreEnd",cpp,5,4,22.0
"C:\Users\shinj\OneDrive\ドキュメント\Creation\ソフト開発\WindowsProject\20_SNFramework\28_Application\FrameworkApp\SNSysAppPreEnd.h","モジュール外",h,20,11,20.5
"C:\Users\shinj\OneDrive\ドキュメント\Creation\ソフト開発\WindowsProject\20_SNFramework\28_Application\FrameworkApp\SNSysAppPreStart.cpp","モジュール外",cpp,9,6,11.3
"C:\Users\shinj\OneDrive\ドキュメント\Creation\ソフト開発\WindowsProject\20_SNFramework\28_Application\FrameworkApp\SNSysAppPreStart.cpp","SNSysAppPreStart::SNSysAppPreStart",cpp,6,4,22.6
"C:\Users\shinj\OneDrive\ドキュメント\Creation\ソフト開発\WindowsProject\20_SNFramework\28_Application\FrameworkApp\SNSysAppPreStart.cpp","SNSysAppPreStart::~SNSysAppPreStart",cpp,6,4,20.2
"C:\Users\shinj\OneDrive\ドキュメント\Creation\ソフト開発\WindowsProject\20_SNFramework\28_Application\FrameworkApp\SNSysAppPreStart.cpp","Void SNSysAppPreStart::OnInitialize",cpp,33,25,1.1
"C:\Users\shinj\OneDrive\ドキュメント\Creation\ソフト開発\WindowsProject\20_SNFramework\28_Application\FrameworkApp\SNSysAppPreStart.cpp","Void SNSysAppPreStart::OnTerminate",cpp,6,4,15.9
"C:\Users\shinj\OneDrive\ドキュメント\Creation\ソフト開発\WindowsProject\20_SNFramework\28_Application\FrameworkApp\SNSysAppPreStart.cpp","Void SNSysAppPreStart::OnEntry",cpp,10,6,20.3
"C:\Users\shinj\OneDrive\ドキュメント\Creation\ソフト開発\WindowsProject\20_SNFramework\28_Application\FrameworkApp\SNSysAppPreStart.cpp","Void SNSysAppPreStart::OnExit",cpp,14,9,23.1
"C:\Users\shinj\OneDrive\ドキュメント\Creation\ソフト開発\WindowsProject\20_SNFramework\28_Application\FrameworkApp\SNSysAppPreStart.cpp","Void SNSysAppPreStart::OnCycle",cpp,24,17,18.7
"C:\Users\shinj\OneDrive\ドキュメント\Creation\ソフト開発\WindowsProject\20_SNFramework\28_Application\FrameworkApp\SNSysAppPreStart.cpp","Void SNSysAppPreStart::OnDraw",cpp,10,5,48.9
"C:\Users\shinj\OneDrive\ドキュメント\Creation\ソフト開発\WindowsProject\20_SNFramework\28_Application\FrameworkApp\SNSysAppPreStart.cpp","SNPhaseResult SNSysAppPreStart::PhaseStepFunc",cpp,22,14,6.0
"C:\Users\shinj\OneDrive\ドキュメント\Creation\ソフト開発\WindowsProject\20_SNFramework\28_Application\FrameworkApp\SNSysAppPreStart.cpp","SNPhaseResult SNSysAppPreStart::TimerSeqPhase",cpp,78,66,9.7
"C:\Users\shinj\OneDrive\ドキュメント\Creation\ソフト開発\WindowsProject\20_SNFramework\28_Application\FrameworkApp\SNSysAppPreStart.cpp","SNPhaseResult SNSysAppPreStart::ThreadSeqPhase",cpp,6,5,13.8
"C:\Users\shinj\OneDrive\ドキュメント\Creation\ソフト開発\WindowsProject\20_SNFramework\28_Application\FrameworkApp\SNSysAppPreStart.h","モジュール外",h,64,33,20.7
"C:\Users\shinj\OneDrive\ドキュメント\Creation\ソフト開発\WindowsProject\20_SNFramework\28_Application\FrameworkApp\SNSysAppScreenGamePad.cpp","モジュール外",cpp,6,3,18.5
"C:\Users\shinj\OneDrive\ドキュメント\Creation\ソフト開発\WindowsProject\20_SNFramework\28_Application\FrameworkApp\SNSysAppScreenGamePad.cpp","SNSysAppScreenGamePad::SNSysAppScreenGamePad",cpp,6,4,20.0
"C:\Users\shinj\OneDrive\ドキュメント\Creation\ソフト開発\WindowsProject\20_SNFramework\28_Application\FrameworkApp\SNSysAppScreenGamePad.cpp","SNSysAppScreenGamePad::~SNSysAppScreenGamePad",cpp,5,4,18.2
"C:\Users\shinj\OneDrive\ドキュメント\Creation\ソフト開発\WindowsProject\20_SNFramework\28_Application\FrameworkApp\SNSysAppScreenGamePad.h","モジュール外",h,20,11,19.1
"C:\Users\shinj\OneDrive\ドキュメント\Creation\ソフト開発\WindowsProject\20_SNFramework\28_Application\FrameworkApp\SNSysAppScreenKeyboard.cpp","モジュール外",cpp,6,3,18.4
"C:\Users\shinj\OneDrive\ドキュメント\Creation\ソフト開発\WindowsProject\20_SNFramework\28_Application\FrameworkApp\SNSysAppScreenKeyboard.cpp","SNSysAppScreenKeyboard::SNSysAppScreenKeyboard",cpp,6,4,19.5
"C:\Users\shinj\OneDrive\ドキュメント\Creation\ソフト開発\WindowsProject\20_SNFramework\28_Application\FrameworkApp\SNSysAppScreenKeyboard.cpp","SNSysAppScreenKeyboard::~SNSysAppScreenKeyboard",cpp,5,4,17.8
"C:\Users\shinj\OneDrive\ドキュメント\Creation\ソフト開発\WindowsProject\20_SNFramework\28_Application\FrameworkApp\SNSysAppScreenKeyboard.h","モジュール外",h,20,11,18.9
"C:\Users\shinj\OneDrive\ドキュメント\Creation\ソフト開発\WindowsProject\20_SNFramework\28_Application\FrameworkApp\SNSysAppStartup.cpp","モジュール外",cpp,6,3,19.6
"C:\Users\shinj\OneDrive\ドキュメント\Creation\ソフト開発\WindowsProject\20_SNFramework\28_Application\FrameworkApp\SNSysAppStartup.cpp","SNSysAppStartup::SNSysAppStartup",cpp,6,4,23.2
"C:\Users\shinj\OneDrive\ドキュメント\Creation\ソフト開発\WindowsProject\20_SNFramework\28_Application\FrameworkApp\SNSysAppStartup.cpp","SNSysAppStartup::~SNSysAppStartup",cpp,6,4,20.8
"C:\Users\shinj\OneDrive\ドキュメント\Creation\ソフト開発\WindowsProject\20_SNFramework\28_Application\FrameworkApp\SNSysAppStartup.cpp","Void SNSysAppStartup::OnInitialize",cpp,21,12,3.0
"C:\Users\shinj\OneDrive\ドキュメント\Creation\ソフト開発\WindowsProject\20_SNFramework\28_Application\FrameworkApp\SNSysAppStartup.h","モジュール外",h,27,17,14.0
"C:\Users\shinj\OneDrive\ドキュメント\Creation\ソフト開発\WindowsProject\20_SNFramework\28_Application\FrameworkApp\SNUserAppOff.cpp","モジュール外",cpp,6,3,20.1
"C:\Users\shinj\OneDrive\ドキュメント\Creation\ソフト開発\WindowsProject\20_SNFramework\28_Application\FrameworkApp\SNUserAppOff.cpp","SNUserAppOff::SNUserAppOff",cpp,6,4,25.3
"C:\Users\shinj\OneDrive\ドキュメント\Creation\ソフト開発\WindowsProject\20_SNFramework\28_Application\FrameworkApp\SNUserAppOff.cpp","SNUserAppOff::~SNUserAppOff",cpp,6,4,22.7
"C:\Users\shinj\OneDrive\ドキュメント\Creation\ソフト開発\WindowsProject\20_SNFramework\28_Application\FrameworkApp\SNUserAppOff.h","モジュール外",h,21,12,17.9
"C:\Users\shinj\OneDrive\ドキュメント\Creation\ソフト開発\WindowsProject\20_SNFramework\28_Application\Layer\SNApplicationLayer.cpp","モジュール外",cpp,6,3,23.3
"C:\Users\shinj\OneDrive\ドキュメント\Creation\ソフト開発\WindowsProject\20_SNFramework\28_Application\Layer\SNApplicationLayer.cpp","SNApplicationLayer::SNApplicationLayer",cpp,6,4,21.5
"C:\Users\shinj\OneDrive\ドキュメント\Creation\ソフト開発\WindowsProject\20_SNFramework\28_Application\Layer\SNApplicationLayer.cpp","SNApplicationLayer::~SNApplicationLayer",cpp,6,4,19.2
"C:\Users\shinj\OneDrive\ドキュメント\Creation\ソフト開発\WindowsProject\20_SNFramework\28_Application\Layer\SNApplicationLayer.cpp","Void SNApplicationLayer::OnInitialize",cpp,34,21,31.3
"C:\Users\shinj\OneDrive\ドキュメント\Creation\ソフト開発\WindowsProject\20_SNFramework\28_Application\Layer\SNApplicationLayer.cpp","Void SNApplicationLayer::OnTerminate",cpp,6,4,15.4
"C:\Users\shinj\OneDrive\ドキュメント\Creation\ソフト開発\WindowsProject\20_SNFramework\28_Application\Layer\SNApplicationLayer.cpp","Void SNApplicationLayer::OnEntry",cpp,6,4,12.5
"C:\Users\shinj\OneDrive\ドキュメント\Creation\ソフト開発\WindowsProject\20_SNFramework\28_Application\Layer\SNApplicationLayer.cpp","Void SNApplicationLayer::OnExit",cpp,6,4,11.2
"C:\Users\shinj\OneDrive\ドキュメント\Creation\ソフト開発\WindowsProject\20_SNFramework\28_Application\Layer\SNApplicationLayer.cpp","SNTransitionCode SNApplicationLayer::OnStep",cpp,9,4,51.5
"C:\Users\shinj\OneDrive\ドキュメント\Creation\ソフト開発\WindowsProject\20_SNFramework\28_Application\Layer\SNApplicationLayer.cpp","Void SNApplicationLayer::OnDraw",cpp,5,4,13.4
"C:\Users\shinj\OneDrive\ドキュメント\Creation\ソフト開発\WindowsProject\20_SNFramework\28_Application\Layer\SNApplicationLayer.h","モジュール外",h,42,21,22.0
"C:\Users\shinj\OneDrive\ドキュメント\Creation\ソフト開発\WindowsProject\20_SNFramework\28_Application\Layer\SNApplicationLoading.cpp","モジュール外",cpp,8,3,25.7
"C:\Users\shinj\OneDrive\ドキュメント\Creation\ソフト開発\WindowsProject\20_SNFramework\28_Application\Layer\SNApplicationLoading.cpp","SNApplicationLoading::SNApplicationLoading",cpp,14,9,14.9
"C:\Users\shinj\OneDrive\ドキュメント\Creation\ソフト開発\WindowsProject\20_SNFramework\28_Application\Layer\SNApplicationLoading.cpp","SNApplicationLoading::~SNApplicationLoading",cpp,6,4,18.2
"C:\Users\shinj\OneDrive\ドキュメント\Creation\ソフト開発\WindowsProject\20_SNFramework\28_Application\Layer\SNApplicationLoading.cpp","Void SNApplicationLoading::OnInitialize",cpp,23,14,7.2
"C:\Users\shinj\OneDrive\ドキュメント\Creation\ソフト開発\WindowsProject\20_SNFramework\28_Application\Layer\SNApplicationLoading.cpp","Void SNApplicationLoading::OnTerminate",cpp,6,4,15.0
"C:\Users\shinj\OneDrive\ドキュメント\Creation\ソフト開発\WindowsProject\20_SNFramework\28_Application\Layer\SNApplicationLoading.cpp","Void SNApplicationLoading::OnEntry",cpp,6,4,12.1
"C:\Users\shinj\OneDrive\ドキュメント\Creation\ソフト開発\WindowsProject\20_SNFramework\28_Application\Layer\SNApplicationLoading.cpp","Void SNApplicationLoading::OnExit",cpp,6,4,10.9
"C:\Users\shinj\OneDrive\ドキュメント\Creation\ソフト開発\WindowsProject\20_SNFramework\28_Application\Layer\SNApplicationLoading.cpp","SNTransitionCode SNApplicationLoading::OnStep",cpp,65,47,21.4
"C:\Users\shinj\OneDrive\ドキュメント\Creation\ソフト開発\WindowsProject\20_SNFramework\28_Application\Layer\SNApplicationLoading.cpp","Void SNApplicationLoading::OnDraw",cpp,5,4,13.0
"C:\Users\shinj\OneDrive\ドキュメント\Creation\ソフト開発\WindowsProject\20_SNFramework\28_Application\Layer\SNApplicationLoading.h","モジュール外",h,52,32,17.2
"C:\Users\shinj\OneDrive\ドキュメント\Creation\ソフト開発\WindowsProject\20_SNFramework\28_Application\Layer\SNApplicationNoUserApp.cpp","モジュール外",cpp,7,4,21.5
"C:\Users\shinj\OneDrive\ドキュメント\Creation\ソフト開発\WindowsProject\20_SNFramework\28_Application\Layer\SNApplicationNoUserApp.cpp","SNApplicationNoUserApp::SNApplicationNoUserApp",cpp,11,7,17.6
"C:\Users\shinj\OneDrive\ドキュメント\Creation\ソフト開発\WindowsProject\20_SNFramework\28_Application\Layer\SNApplicationNoUserApp.cpp","SNApplicationNoUserApp::~SNApplicationNoUserApp",cpp,6,4,17.4
"C:\Users\shinj\OneDrive\ドキュメント\Creation\ソフト開発\WindowsProject\20_SNFramework\28_Application\Layer\SNApplicationNoUserApp.cpp","Void SNApplicationNoUserApp::OnInitialize",cpp,21,12,5.4
"C:\Users\shinj\OneDrive\ドキュメント\Creation\ソフト開発\WindowsProject\20_SNFramework\28_Application\Layer\SNApplicationNoUserApp.cpp","Void SNApplicationNoUserApp::OnTerminate",cpp,6,4,14.6
"C:\Users\shinj\OneDrive\ドキュメント\Creation\ソフト開発\WindowsProject\20_SNFramework\28_Application\Layer\SNApplicationNoUserApp.cpp","Void SNApplicationNoUserApp::OnEntry",cpp,6,4,11.7
"C:\Users\shinj\OneDrive\ドキュメント\Creation\ソフト開発\WindowsProject\20_SNFramework\28_Application\Layer\SNApplicationNoUserApp.cpp","Void SNApplicationNoUserApp::OnExit",cpp,6,4,10.6
"C:\Users\shinj\OneDrive\ドキュメント\Creation\ソフト開発\WindowsProject\20_SNFramework\28_Application\Layer\SNApplicationNoUserApp.cpp","SNTransitionCode SNApplicationNoUserApp::OnStep",cpp,9,4,50.4
"C:\Users\shinj\OneDrive\ドキュメント\Creation\ソフト開発\WindowsProject\20_SNFramework\28_Application\Layer\SNApplicationNoUserApp.cpp","Void SNApplicationNoUserApp::OnDraw",cpp,5,4,12.7
"C:\Users\shinj\OneDrive\ドキュメント\Creation\ソフト開発\WindowsProject\20_SNFramework\28_Application\Layer\SNApplicationNoUserApp.h","モジュール外",h,42,22,21.2
"C:\Users\shinj\OneDrive\ドキュメント\Creation\ソフト開発\WindowsProject\20_SNFramework\28_Application\Layer\SNBackgroundLayer.cpp","モジュール外",cpp,6,3,26.0
"C:\Users\shinj\OneDrive\ドキュメント\Creation\ソフト開発\WindowsProject\20_SNFramework\28_Application\Layer\SNBackgroundLayer.cpp","SNBackgroundLayer::SNBackgroundLayer",cpp,6,4,22.0
"C:\Users\shinj\OneDrive\ドキュメント\Creation\ソフト開発\WindowsProject\20_SNFramework\28_Application\Layer\SNBackgroundLayer.cpp","SNBackgroundLayer::~SNBackgroundLayer",cpp,6,4,19.7
"C:\Users\shinj\OneDrive\ドキュメント\Creation\ソフト開発\WindowsProject\20_SNFramework\28_Application\Layer\SNBackgroundLayer.cpp","Boolean SNBackgroundLayer::OnNotifyEvent",cpp,15,10,14.7
"C:\Users\shinj\OneDrive\ドキュメント\Creation\ソフト開発\WindowsProject\20_SNFramework\28_Application\Layer\SNBackgroundLayer.h","モジュール外",h,23,12,31.5
"C:\Users\shinj\OneDrive\ドキュメント\Creation\ソフト開発\WindowsProject\20_SNFramework\28_Application\Layer\SNDebugLayer.cpp","モジュール外",cpp,49,42,2.0
"C:\Users\shinj\OneDrive\ドキュメント\Creation\ソフト開発\WindowsProject\20_SNFramework\28_Application\Layer\SNDebugLayer.cpp","SNDebugLayer::SNDebugLayer",cpp,6,4,25.3
"C:\Users\shinj\OneDrive\ドキュメント\Creation\ソフト開発\WindowsProject\20_SNFramework\28_Application\Layer\SNDebugLayer.cpp","SNDebugLayer::~SNDebugLayer",cpp,6,4,22.7
"C:\Users\shinj\OneDrive\ドキュメント\Creation\ソフト開発\WindowsProject\20_SNFramework\28_Application\Layer\SNDebugLayer.cpp","Void SNDebugLayer::OnInitialize",cpp,24,15,13.6
"C:\Users\shinj\OneDrive\ドキュメント\Creation\ソフト開発\WindowsProject\20_SNFramework\28_Application\Layer\SNDebugLayer.cpp","Void SNDebugLayer::OnTerminate",cpp,7,4,16.4
"C:\Users\shinj\OneDrive\ドキュメント\Creation\ソフト開発\WindowsProject\20_SNFramework\28_Application\Layer\SNDebugLayer.cpp","Void SNDebugLayer::OnEntry",cpp,8,5,8.7
"C:\Users\shinj\OneDrive\ドキュメント\Creation\ソフト開発\WindowsProject\20_SNFramework\28_Application\Layer\SNDebugLayer.cpp","Void SNDebugLayer::OnExit",cpp,8,5,7.9
"C:\Users\shinj\OneDrive\ドキュメント\Creation\ソフト開発\WindowsProject\20_SNFramework\28_Application\Layer\SNDebugLayer.cpp","SNTransitionCode SNDebugLayer::OnStep",cpp,15,7,35.4
"C:\Users\shinj\OneDrive\ドキュメント\Creation\ソフト開発\WindowsProject\20_SNFramework\28_Application\Layer\SNDebugLayer.cpp","Void SNDebugLayer::OnDraw",cpp,7,5,9.5
"C:\Users\shinj\OneDrive\ドキュメント\Creation\ソフト開発\WindowsProject\20_SNFramework\28_Application\Layer\SNDebugLayer.h","モジュール外",h,53,30,28.6
"C:\Users\shinj\OneDrive\ドキュメント\Creation\ソフト開発\WindowsProject\20_SNFramework\28_Application\Layer\SNSystemLayer.cpp","モジュール外",cpp,5,2,28.7
"C:\Users\shinj\OneDrive\ドキュメント\Creation\ソフト開発\WindowsProject\20_SNFramework\28_Application\Layer\SNSystemLayer.cpp","SNSystemLayer::SNSystemLayer",cpp,6,4,24.6
"C:\Users\shinj\OneDrive\ドキュメント\Creation\ソフト開発\WindowsProject\20_SNFramework\28_Application\Layer\SNSystemLayer.cpp","SNSystemLayer::~SNSystemLayer",cpp,6,4,22.0
"C:\Users\shinj\OneDrive\ドキュメント\Creation\ソフト開発\WindowsProject\20_SNFramework\28_Application\Layer\SNSystemLayer.cpp","Void SNSystemLayer::OnInitialize",cpp,6,4,13.8
"C:\Users\shinj\OneDrive\ドキュメント\Creation\ソフト開発\WindowsProject\20_SNFramework\28_Application\Layer\SNSystemLayer.cpp","Void SNSystemLayer::OnTerminate",cpp,6,4,16.6
"C:\Users\shinj\OneDrive\ドキュメント\Creation\ソフト開発\WindowsProject\20_SNFramework\28_Application\Layer\SNSystemLayer.cpp","Void SNSystemLayer::OnEntry",cpp,6,4,13.5
"C:\Users\shinj\OneDrive\ドキュメント\Creation\ソフト開発\WindowsProject\20_SNFramework\28_Application\Layer\SNSystemLayer.cpp","Void SNSystemLayer::OnExit",cpp,6,4,12.2
"C:\Users\shinj\OneDrive\ドキュメント\Creation\ソフト開発\WindowsProject\20_SNFramework\28_Application\Layer\SNSystemLayer.cpp","SNTransitionCode SNSystemLayer::OnStep",cpp,29,16,32.9
"C:\Users\shinj\OneDrive\ドキュメント\Creation\ソフト開発\WindowsProject\20_SNFramework\28_Application\Layer\SNSystemLayer.cpp","Void SNSystemLayer::OnDraw",cpp,5,4,14.2
"C:\Users\shinj\OneDrive\ドキュメント\Creation\ソフト開発\WindowsProject\20_SNFramework\28_Application\Layer\SNSystemLayer.h","モジュール外",h,38,17,23.6
"C:\Users\shinj\OneDrive\ドキュメント\Creation\ソフト開発\WindowsProject\20_SNFramework\29_GUI\Component\SNGUIBMTextLabel.cpp","モジュール外",cpp,7,4,10.2
"C:\Users\shinj\OneDrive\ドキュメント\Creation\ソフト開発\WindowsProject\20_SNFramework\29_GUI\Component\SNGUIBMTextLabel.cpp","SNGUIBMTextLabel::SNGUIBMTextLabel",cpp,12,8,15.3
"C:\Users\shinj\OneDrive\ドキュメント\Creation\ソフト開発\WindowsProject\20_SNFramework\29_GUI\Component\SNGUIBMTextLabel.cpp","SNGUIBMTextLabel::~SNGUIBMTextLabel",cpp,6,4,20.2
"C:\Users\shinj\OneDrive\ドキュメント\Creation\ソフト開発\WindowsProject\20_SNFramework\29_GUI\Component\SNGUIBMTextLabel.cpp","Void SNGUIBMTextLabel::OnInitialize",cpp,15,9,18.9
"C:\Users\shinj\OneDrive\ドキュメント\Creation\ソフト開発\WindowsProject\20_SNFramework\29_GUI\Component\SNGUIBMTextLabel.cpp","Void SNGUIBMTextLabel::OnTerminate",cpp,7,5,12.9
"C:\Users\shinj\OneDrive\ドキュメント\Creation\ソフト開発\WindowsProject\20_SNFramework\29_GUI\Component\SNGUIBMTextLabel.cpp","Void SNGUIBMTextLabel::OnDraw",cpp,33,23,8.6
"C:\Users\shinj\OneDrive\ドキュメント\Creation\ソフト開発\WindowsProject\20_SNFramework\29_GUI\Component\SNGUIBMTextLabel.cpp","Void SNGUIBMTextLabel::SetText(String text)",cpp,17,8,28.3
"C:\Users\shinj\OneDrive\ドキュメント\Creation\ソフト開発\WindowsProject\20_SNFramework\29_GUI\Component\SNGUIBMTextLabel.cpp","Void SNGUIBMTextLabel::SetText",cpp,9,5,21.5
"C:\Users\shinj\OneDrive\ドキュメント\Creation\ソフト開発\WindowsProject\20_SNFramework\29_GUI\Component\SNGUIBMTextLabel.cpp","Void SNGUIBMTextLabel::SetTextColor",cpp,8,5,14.6
"C:\Users\shinj\OneDrive\ドキュメント\Creation\ソフト開発\WindowsProject\20_SNFramework\29_GUI\Component\SNGUIBMTextLabel.cpp","Void SNGUIBMTextLabel::SetShadowEnable",cpp,8,5,11.2
"C:\Users\shinj\OneDrive\ドキュメント\Creation\ソフト開発\WindowsProject\20_SNFramework\29_GUI\Component\SNGUIBMTextLabel.cpp","Void SNGUIBMTextLabel::SetShadowColor",cpp,8,5,9.6
"C:\Users\shinj\OneDrive\ドキュメント\Creation\ソフト開発\WindowsProject\20_SNFramework\29_GUI\Component\SNGUIBMTextLabel.cpp","Void SNGUIBMTextLabel::SetShadowOffset",cpp,7,5,16.1
"C:\Users\shinj\OneDrive\ドキュメント\Creation\ソフト開発\WindowsProject\20_SNFramework\29_GUI\Component\SNGUIBMTextLabel.h","モジュール外",h,50,25,24.9
"C:\Users\shinj\OneDrive\ドキュメント\Creation\ソフト開発\WindowsProject\20_SNFramework\29_GUI\Component\SNGUIBMTextLabelEx.cpp","モジュール外",cpp,6,3,12.7
"C:\Users\shinj\OneDrive\ドキュメント\Creation\ソフト開発\WindowsProject\20_SNFramework\29_GUI\Component\SNGUIBMTextLabelEx.cpp","SNGUIBMTextLabelEx::SNGUIBMTextLabelEx",cpp,10,6,23.6
"C:\Users\shinj\OneDrive\ドキュメント\Creation\ソフト開発\WindowsProject\20_SNFramework\29_GUI\Component\SNGUIBMTextLabelEx.cpp","SNGUIBMTextLabelEx::~SNGUIBMTextLabelEx",cpp,6,4,19.2
"C:\Users\shinj\OneDrive\ドキュメント\Creation\ソフト開発\WindowsProject\20_SNFramework\29_GUI\Component\SNGUIBMTextLabelEx.cpp","Void SNGUIBMTextLabelEx::SetText",cpp,12,6,28.1
"C:\Users\shinj\OneDrive\ドキュメント\Creation\ソフト開発\WindowsProject\20_SNFramework\29_GUI\Component\SNGUIBMTextLabelEx.cpp","Void SNGUIBMTextLabelEx::SetValue",cpp,17,9,27.0
"C:\Users\shinj\OneDrive\ドキュメント\Creation\ソフト開発\WindowsProject\20_SNFramework\29_GUI\Component\SNGUIBMTextLabelEx.cpp","Void SNGUIBMTextLabelEx::OnInitialize",cpp,14,8,18.7
"C:\Users\shinj\OneDrive\ドキュメント\Creation\ソフト開発\WindowsProject\20_SNFramework\29_GUI\Component\SNGUIBMTextLabelEx.cpp","Void SNGUIBMTextLabelEx::OnTerminate",cpp,9,5,20.6
"C:\Users\shinj\OneDrive\ドキュメント\Creation\ソフト開発\WindowsProject\20_SNFramework\29_GUI\Component\SNGUIBMTextLabelEx.cpp","Void SNGUIBMTextLabelEx::OnDraw",cpp,18,10,27.0
"C:\Users\shinj\OneDrive\ドキュメント\Creation\ソフト開発\WindowsProject\20_SNFramework\29_GUI\Component\SNGUIBMTextLabelEx.h","モジュール外",h,35,19,21.8
"C:\Users\shinj\OneDrive\ドキュメント\Creation\ソフト開発\WindowsProject\20_SNFramework\29_GUI\Component\SNGUICircle.cpp","モジュール外",cpp,9,6,8.1
"C:\Users\shinj\OneDrive\ドキュメント\Creation\ソフト開発\WindowsProject\20_SNFramework\29_GUI\Component\SNGUICircle.cpp","SNGUICircle::SNGUICircle",cpp,9,5,28.0
"C:\Users\shinj\OneDrive\ドキュメント\Creation\ソフト開発\WindowsProject\20_SNFramework\29_GUI\Component\SNGUICircle.cpp","SNGUICircle::~SNGUICircle",cpp,6,4,23.4
"C:\Users\shinj\OneDrive\ドキュメント\Creation\ソフト開発\WindowsProject\20_SNFramework\29_GUI\Component\SNGUICircle.cpp","Void SNGUICircle::OnInitialize",cpp,8,5,10.1
"C:\Users\shinj\OneDrive\ドキュメント\Creation\ソフト開発\WindowsProject\20_SNFramework\29_GUI\Component\SNGUICircle.cpp","Void SNGUICircle::OnTerminate",cpp,6,4,17.1
"C:\Users\shinj\OneDrive\ドキュメント\Creation\ソフト開発\WindowsProject\20_SNFramework\29_GUI\Component\SNGUICircle.cpp","Void SNGUICircle::OnDraw",cpp,21,16,3.2
"C:\Users\shinj\OneDrive\ドキュメント\Creation\ソフト開発\WindowsProject\20_SNFramework\29_GUI\Component\SNGUICircle.cpp","Void SNGUICircle::SetColor",cpp,7,5,9.6
"C:\Users\shinj\OneDrive\ドキュメント\Creation\ソフト開発\WindowsProject\20_SNFramework\29_GUI\Component\SNGUICircle.h","モジュール外",h,29,15,19.2
"C:\Users\shinj\OneDrive\ドキュメント\Creation\ソフト開発\WindowsProject\20_SNFramework\29_GUI\Component\SNGUIFader.cpp","モジュール外",cpp,8,5,12.5
"C:\Users\shinj\OneDrive\ドキュメント\Creation\ソフト開発\WindowsProject\20_SNFramework\29_GUI\Component\SNGUIFader.cpp","SNGUIFader::SNGUIFader",cpp,15,11,10.9
"C:\Users\shinj\OneDrive\ドキュメント\Creation\ソフト開発\WindowsProject\20_SNFramework\29_GUI\Component\SNGUIFader.cpp","SNGUIFader::~SNGUIFader",cpp,6,4,24.1
"C:\Users\shinj\OneDrive\ドキュメント\Creation\ソフト開発\WindowsProject\20_SNFramework\29_GUI\Component\SNGUIFader.cpp","Void SNGUIFader::OnInitialize",cpp,6,4,14.5
"C:\Users\shinj\OneDrive\ドキュメント\Creation\ソフト開発\WindowsProject\20_SNFramework\29_GUI\Component\SNGUIFader.cpp","Void SNGUIFader::OnTerminate",cpp,6,4,17.4
"C:\Users\shinj\OneDrive\ドキュメント\Creation\ソフト開発\WindowsProject\20_SNFramework\29_GUI\Component\SNGUIFader.cpp","Void SNGUIFader::SetFadeType",cpp,8,5,16.1
"C:\Users\shinj\OneDrive\ドキュメント\Creation\ソフト開発\WindowsProject\20_SNFramework\29_GUI\Component\SNGUIFader.cpp","Void SNGUIFader::SetColor",cpp,9,5,22.6
"C:\Users\shinj\OneDrive\ドキュメント\Creation\ソフト開発\WindowsProject\20_SNFramework\29_GUI\Component\SNGUIFader.cpp","Void SNGUIFader::SetSurface",cpp,9,5,29.8
"C:\Users\shinj\OneDrive\ドキュメント\Creation\ソフト開発\WindowsProject\20_SNFramework\29_GUI\Component\SNGUIFader.cpp","Void SNGUIFader::FadeIn",cpp,21,13,20.3
"C:\Users\shinj\OneDrive\ドキュメント\Creation\ソフト開発\WindowsProject\20_SNFramework\29_GUI\Component\SNGUIFader.cpp","Void SNGUIFader::FadeOut",cpp,21,13,20.6
"C:\Users\shinj\OneDrive\ドキュメント\Creation\ソフト開発\WindowsProject\20_SNFramework\29_GUI\Component\SNGUIFader.cpp","Void SNGUIFader::SetAlpha",cpp,7,4,47.3
"C:\Users\shinj\OneDrive\ドキュメント\Creation\ソフト開発\WindowsProject\20_SNFramework\29_GUI\Component\SNGUIFader.cpp","Boolean SNGUIFader::IsProcessing",cpp,6,4,10.6
"C:\Users\shinj\OneDrive\ドキュメント\Creation\ソフト開発\WindowsProject\20_SNFramework\29_GUI\Component\SNGUIFader.cpp","Boolean SNGUIFader::IsComplete",cpp,6,4,14.0
"C:\Users\shinj\OneDrive\ドキュメント\Creation\ソフト開発\WindowsProject\20_SNFramework\29_GUI\Component\SNGUIFader.cpp","SNTransitionCode SNGUIFader::OnStep",cpp,58,44,10.6
"C:\Users\shinj\OneDrive\ドキュメント\Creation\ソフト開発\WindowsProject\20_SNFramework\29_GUI\Component\SNGUIFader.cpp","Void SNGUIFader::OnDraw",cpp,9,5,25.9
"C:\Users\shinj\OneDrive\ドキュメント\Creation\ソフト開発\WindowsProject\20_SNFramework\29_GUI\Component\SNGUIFader.cpp","Void SNGUIFader::DrawFadeEffect",cpp,97,67,14.9
"C:\Users\shinj\OneDrive\ドキュメント\Creation\ソフト開発\WindowsProject\20_SNFramework\29_GUI\Component\SNGUIFader.cpp","Void SNGUIFader::DrawFadeEffectLeft",cpp,31,23,8.2
"C:\Users\shinj\OneDrive\ドキュメント\Creation\ソフト開発\WindowsProject\20_SNFramework\29_GUI\Component\SNGUIFader.cpp","Void SNGUIFader::DrawFadeEffectRight",cpp,31,23,7.9
"C:\Users\shinj\OneDrive\ドキュメント\Creation\ソフト開発\WindowsProject\20_SNFramework\29_GUI\Component\SNGUIFader.cpp","Void SNGUIFader::DrawFadeEffectCenterH",cpp,31,23,8.9
"C:\Users\shinj\OneDrive\ドキュメント\Creation\ソフト開発\WindowsProject\20_SNFramework\29_GUI\Component\SNGUIFader.cpp","Void SNGUIFader::DrawFadeEffectTop",cpp,31,23,7.9
"C:\Users\shinj\OneDrive\ドキュメント\Creation\ソフト開発\WindowsProject\20_SNFramework\29_GUI\Component\SNGUIFader.cpp","Void SNGUIFader::DrawFadeEffectBottom",cpp,32,23,8.0
"C:\Users\shinj\OneDrive\ドキュメント\Creation\ソフト開発\WindowsProject\20_SNFramework\29_GUI\Component\SNGUIFader.cpp","Void SNGUIFader::DrawFadeEffectCenterV",cpp,31,23,9.0
"C:\Users\shinj\OneDrive\ドキュメント\Creation\ソフト開発\WindowsProject\20_SNFramework\29_GUI\Component\SNGUIFader.h","モジュール外",h,89,37,31.5
"C:\Users\shinj\OneDrive\ドキュメント\Creation\ソフト開発\WindowsProject\20_SNFramework\29_GUI\Component\SNGUIImage.cpp","モジュール外",cpp,6,3,13.5
"C:\Users\shinj\OneDrive\ドキュメント\Creation\ソフト開発\WindowsProject\20_SNFramework\29_GUI\Component\SNGUIImage.cpp","SNGUIImage::SNGUIImage",cpp,10,6,24.1
"C:\Users\shinj\OneDrive\ドキュメント\Creation\ソフト開発\WindowsProject\20_SNFramework\29_GUI\Component\SNGUIImage.cpp","SNGUIImage::~SNGUIImage",cpp,6,4,24.1
"C:\Users\shinj\OneDrive\ドキュメント\Creation\ソフト開発\WindowsProject\20_SNFramework\29_GUI\Component\SNGUIImage.cpp","Void SNGUIImage::OnInitialize",cpp,8,4,13.6
"C:\Users\shinj\OneDrive\ドキュメント\Creation\ソフト開発\WindowsProject\20_SNFramework\29_GUI\Component\SNGUIImage.cpp","Void SNGUIImage::OnTerminate",cpp,6,4,17.4
"C:\Users\shinj\OneDrive\ドキュメント\Creation\ソフト開発\WindowsProject\20_SNFramework\29_GUI\Component\SNGUIImage.cpp","Void SNGUIImage::SetSurface",cpp,8,5,15.5
"C:\Users\shinj\OneDrive\ドキュメント\Creation\ソフト開発\WindowsProject\20_SNFramework\29_GUI\Component\SNGUIImage.cpp","Void SNGUIImage::SetAlpha",cpp,8,5,15.9
"C:\Users\shinj\OneDrive\ドキュメント\Creation\ソフト開発\WindowsProject\20_SNFramework\29_GUI\Component\SNGUIImage.cpp","Void SNGUIImage::AdjustDrawRect",cpp,35,26,15.4
"C:\Users\shinj\OneDrive\ドキュメント\Creation\ソフト開発\WindowsProject\20_SNFramework\29_GUI\Component\SNGUIImage.cpp","Void SNGUIImage::OnDraw",cpp,40,27,10.9
"C:\Users\shinj\OneDrive\ドキュメント\Creation\ソフト開発\WindowsProject\20_SNFramework\29_GUI\Component\SNGUIImage.h","モジュール外",h,37,18,23.3
"C:\Users\shinj\OneDrive\ドキュメント\Creation\ソフト開発\WindowsProject\20_SNFramework\29_GUI\Component\SNGUILine.cpp","モジュール外",cpp,8,5,12.2
"C:\Users\shinj\OneDrive\ドキュメント\Creation\ソフト開発\WindowsProject\20_SNFramework\29_GUI\Component\SNGUILine.cpp","SNGUILine::SNGUILine",cpp,11,7,21.4
"C:\Users\shinj\OneDrive\ドキュメント\Creation\ソフト開発\WindowsProject\20_SNFramework\29_GUI\Component\SNGUILine.cpp","SNGUILine::~SNGUILine",cpp,6,4,25.0
"C:\Users\shinj\OneDrive\ドキュメント\Creation\ソフト開発\WindowsProject\20_SNFramework\29_GUI\Component\SNGUILine.cpp","Void SNGUILine::OnInitialize",cpp,10,7,7.1
"C:\Users\shinj\OneDrive\ドキュメント\Creation\ソフト開発\WindowsProject\20_SNFramework\29_GUI\Component\SNGUILine.cpp","Void SNGUILine::OnTerminate",cpp,6,4,17.7
"C:\Users\shinj\OneDrive\ドキュメント\Creation\ソフト開発\WindowsProject\20_SNFramework\29_GUI\Component\SNGUILine.cpp","Void SNGUILine::SetColor",cpp,8,5,9.6
"C:\Users\shinj\OneDrive\ドキュメント\Creation\ソフト開発\WindowsProject\20_SNFramework\29_GUI\Component\SNGUILine.cpp","Void SNGUILine::SetPoint",cpp,16,11,4.0
"C:\Users\shinj\OneDrive\ドキュメント\Creation\ソフト開発\WindowsProject\20_SNFramework\29_GUI\Component\SNGUILine.cpp","Void SNGUILine::OnDraw",cpp,10,6,12.6
"C:\Users\shinj\OneDrive\ドキュメント\Creation\ソフト開発\WindowsProject\20_SNFramework\29_GUI\Component\SNGUILine.h","モジュール外",h,39,20,18.4
"C:\Users\shinj\OneDrive\ドキュメント\Creation\ソフト開発\WindowsProject\20_SNFramework\29_GUI\Component\SNGUIRect.cpp","モジュール外",cpp,6,3,13.0
"C:\Users\shinj\OneDrive\ドキュメント\Creation\ソフト開発\WindowsProject\20_SNFramework\29_GUI\Component\SNGUIRect.cpp","SNGUIRect::SNGUIRect",cpp,10,6,19.4
"C:\Users\shinj\OneDrive\ドキュメント\Creation\ソフト開発\WindowsProject\20_SNFramework\29_GUI\Component\SNGUIRect.cpp","SNGUIRect::~SNGUIRect",cpp,6,4,25.0
"C:\Users\shinj\OneDrive\ドキュメント\Creation\ソフト開発\WindowsProject\20_SNFramework\29_GUI\Component\SNGUIRect.cpp","Void SNGUIRect::OnInitialize",cpp,8,5,7.7
"C:\Users\shinj\OneDrive\ドキュメント\Creation\ソフト開発\WindowsProject\20_SNFramework\29_GUI\Component\SNGUIRect.cpp","Void SNGUIRect::OnTerminate",cpp,6,4,17.7
"C:\Users\shinj\OneDrive\ドキュメント\Creation\ソフト開発\WindowsProject\20_SNFramework\29_GUI\Component\SNGUIRect.cpp","Void SNGUIRect::OnDraw",cpp,46,36,10.3
"C:\Users\shinj\OneDrive\ドキュメント\Creation\ソフト開発\WindowsProject\20_SNFramework\29_GUI\Component\SNGUIRect.cpp","Void SNGUIRect::SetColor",cpp,8,5,7.3
"C:\Users\shinj\OneDrive\ドキュメント\Creation\ソフト開発\WindowsProject\20_SNFramework\29_GUI\Component\SNGUIRect.cpp","Void SNGUIRect::SetAlpha",cpp,8,5,16.1
"C:\Users\shinj\OneDrive\ドキュメント\Creation\ソフト開発\WindowsProject\20_SNFramework\29_GUI\Component\SNGUIRect.cpp","Void SNGUIRect::SetSurface",cpp,7,5,16.0
"C:\Users\shinj\OneDrive\ドキュメント\Creation\ソフト開発\WindowsProject\20_SNFramework\29_GUI\Component\SNGUIRect.h","モジュール外",h,38,18,23.4
"C:\Users\shinj\OneDrive\ドキュメント\Creation\ソフト開発\WindowsProject\20_SNFramework\29_GUI\Component\SNGUITextLabel.cpp","モジュール外",cpp,9,6,7.3
"C:\Users\shinj\OneDrive\ドキュメント\Creation\ソフト開発\WindowsProject\20_SNFramework\29_GUI\Component\SNGUITextLabel.cpp","SNGUITextLabel::SNGUITextLabel",cpp,12,8,15.7
"C:\Users\shinj\OneDrive\ドキュメント\Creation\ソフト開発\WindowsProject\20_SNFramework\29_GUI\Component\SNGUITextLabel.cpp","SNGUITextLabel::~SNGUITextLabel",cpp,6,4,21.4
"C:\Users\shinj\OneDrive\ドキュメント\Creation\ソフト開発\WindowsProject\20_SNFramework\29_GUI\Component\SNGUITextLabel.cpp","Void SNGUITextLabel::OnInitialize",cpp,15,9,19.1
"C:\Users\shinj\OneDrive\ドキュメント\Creation\ソフト開発\WindowsProject\20_SNFramework\29_GUI\Component\SNGUITextLabel.cpp","Void SNGUITextLabel::OnTerminate",cpp,7,5,13.2
"C:\Users\shinj\OneDrive\ドキュメント\Creation\ソフト開発\WindowsProject\20_SNFramework\29_GUI\Component\SNGUITextLabel.cpp","Void SNGUITextLabel::OnDraw",cpp,38,27,5.9
"C:\Users\shinj\OneDrive\ドキュメント\Creation\ソフト開発\WindowsProject\20_SNFramework\29_GUI\Component\SNGUITextLabel.cpp","Void SNGUITextLabel::SetText",cpp,9,5,28.1
"C:\Users\shinj\OneDrive\ドキュメント\Creation\ソフト開発\WindowsProject\20_SNFramework\29_GUI\Component\SNGUITextLabel.cpp","Void SNGUITextLabel::SetTextColor",cpp,8,5,14.9
"C:\Users\shinj\OneDrive\ドキュメント\Creation\ソフト開発\WindowsProject\20_SNFramework\29_GUI\Component\SNGUITextLabel.cpp","Void SNGUITextLabel::SetShadowEnable",cpp,8,5,11.4
"C:\Users\shinj\OneDrive\ドキュメント\Creation\ソフト開発\WindowsProject\20_SNFramework\29_GUI\Component\SNGUITextLabel.cpp","Void SNGUITextLabel::SetShadowColor",cpp,8,5,9.8
"C:\Users\shinj\OneDrive\ドキュメント\Creation\ソフト開発\WindowsProject\20_SNFramework\29_GUI\Component\SNGUITextLabel.cpp","Void SNGUITextLabel::SetShadowOffset",cpp,7,5,16.3
"C:\Users\shinj\OneDrive\ドキュメント\Creation\ソフト開発\WindowsProject\20_SNFramework\29_GUI\Component\SNGUITextLabel.h","モジュール外",h,46,24,24.3
"C:\Users\shinj\OneDrive\ドキュメント\Creation\ソフト開発\WindowsProject\20_SNFramework\29_GUI\Component\SNGUITextLabelEx.cpp","モジュール外",cpp,6,3,13.0
"C:\Users\shinj\OneDrive\ドキュメント\Creation\ソフト開発\WindowsProject\20_SNFramework\29_GUI\Component\SNGUITextLabelEx.cpp","SNGUITextLabelEx::SNGUITextLabelEx",cpp,10,6,24.3
"C:\Users\shinj\OneDrive\ドキュメント\Creation\ソフト開発\WindowsProject\20_SNFramework\29_GUI\Component\SNGUITextLabelEx.cpp","SNGUITextLabelEx::~SNGUITextLabelEx",cpp,6,4,20.2
"C:\Users\shinj\OneDrive\ドキュメント\Creation\ソフト開発\WindowsProject\20_SNFramework\29_GUI\Component\SNGUITextLabelEx.cpp","Void SNGUITextLabelEx::SetText",cpp,12,6,28.4
"C:\Users\shinj\OneDrive\ドキュメント\Creation\ソフト開発\WindowsProject\20_SNFramework\29_GUI\Component\SNGUITextLabelEx.cpp","Void SNGUITextLabelEx::SetValue",cpp,17,9,27.3
"C:\Users\shinj\OneDrive\ドキュメント\Creation\ソフト開発\WindowsProject\20_SNFramework\29_GUI\Component\SNGUITextLabelEx.cpp","Void SNGUITextLabelEx::OnInitialize",cpp,14,8,19.0
"C:\Users\shinj\OneDrive\ドキュメント\Creation\ソフト開発\WindowsProject\20_SNFramework\29_GUI\Component\SNGUITextLabelEx.cpp","Void SNGUITextLabelEx::OnTerminate",cpp,9,5,21.3
"C:\Users\shinj\OneDrive\ドキュメント\Creation\ソフト開発\WindowsProject\20_SNFramework\29_GUI\Component\SNGUITextLabelEx.cpp","Void SNGUITextLabelEx::OnDraw",cpp,18,10,27.3
"C:\Users\shinj\OneDrive\ドキュメント\Creation\ソフト開発\WindowsProject\20_SNFramework\29_GUI\Component\SNGUITextLabelEx.h","モジュール外",h,34,18,23.0
"C:\Users\shinj\OneDrive\ドキュメント\Creation\ソフト開発\WindowsProject\20_SNFramework\29_GUI\Component\SNGUIWindow.cpp","モジュール外",cpp,6,3,13.6
"C:\Users\shinj\OneDrive\ドキュメント\Creation\ソフト開発\WindowsProject\20_SNFramework\29_GUI\Component\SNGUIWindow.cpp","SNGUIRect::SNGUIRect",cpp,10,6,23.2
"C:\Users\shinj\OneDrive\ドキュメント\Creation\ソフト開発\WindowsProject\20_SNFramework\29_GUI\Component\SNGUIWindow.cpp","SNGUIRect::~SNGUIRect",cpp,6,4,25.0
"C:\Users\shinj\OneDrive\ドキュメント\Creation\ソフト開発\WindowsProject\20_SNFramework\29_GUI\Component\SNGUIWindow.cpp","Void SNGUIRect::OnInitialize",cpp,8,5,10.3
"C:\Users\shinj\OneDrive\ドキュメント\Creation\ソフト開発\WindowsProject\20_SNFramework\29_GUI\Component\SNGUIWindow.cpp","Void SNGUIRect::OnTerminate",cpp,6,4,17.7
"C:\Users\shinj\OneDrive\ドキュメント\Creation\ソフト開発\WindowsProject\20_SNFramework\29_GUI\Component\SNGUIWindow.cpp","Void SNGUIRect::OnDraw",cpp,44,34,10.6
"C:\Users\shinj\OneDrive\ドキュメント\Creation\ソフト開発\WindowsProject\20_SNFramework\29_GUI\Component\SNGUIWindow.cpp","Void SNGUIRect::SetColor",cpp,8,5,9.6
"C:\Users\shinj\OneDrive\ドキュメント\Creation\ソフト開発\WindowsProject\20_SNFramework\29_GUI\Component\SNGUIWindow.cpp","Void SNGUIRect::SetAlpha",cpp,7,5,16.4
"C:\Users\shinj\OneDrive\ドキュメント\Creation\ソフト開発\WindowsProject\20_SNFramework\29_GUI\Component\SNGUIWindow.h","モジュール外",h,41,20,17.9
"C:\Users\shinj\OneDrive\ドキュメント\Creation\ソフト開発\WindowsProject\20_SNFramework\29_GUI\Core\SNGUI.cpp","モジュール外",cpp,4,1,31.5
"C:\Users\shinj\OneDrive\ドキュメント\Creation\ソフト開発\WindowsProject\20_SNFramework\29_GUI\Core\SNGUI.cpp","Void SNGUI::Initialize",cpp,6,4,22.0
"C:\Users\shinj\OneDrive\ドキュメント\Creation\ソフト開発\WindowsProject\20_SNFramework\29_GUI\Core\SNGUI.cpp","Void SNGUI::Startup",cpp,6,4,20.3
"C:\Users\shinj\OneDrive\ドキュメント\Creation\ソフト開発\WindowsProject\20_SNFramework\29_GUI\Core\SNGUI.cpp","Void SNGUI::Run",cpp,6,4,15.2
"C:\Users\shinj\OneDrive\ドキュメント\Creation\ソフト開発\WindowsProject\20_SNFramework\29_GUI\Core\SNGUI.cpp","Void SNGUI::BeforeTerminate",cpp,6,4,20.3
"C:\Users\shinj\OneDrive\ドキュメント\Creation\ソフト開発\WindowsProject\20_SNFramework\29_GUI\Core\SNGUI.cpp","Void SNGUI::Terminate",cpp,5,4,14.0
"C:\Users\shinj\OneDrive\ドキュメント\Creation\ソフト開発\WindowsProject\20_SNFramework\29_GUI\Core\SNGUI.h","モジュール外",h,23,11,20.7
全ステップ数, , ,23381,16441,14.7

クラス数,92
モジュール数,732
