パス名,モジュール名,種類,総ステップ数,実ステップ数,コメント[％]
"C:\Users\shinj\OneDrive\ドキュメント\Creation\ソフト開発\WindowsProject\20_SNFramework\21_Include\SNConst.h","モジュール外",h,16,6,13.9
"C:\Users\shinj\OneDrive\ドキュメント\Creation\ソフト開発\WindowsProject\20_SNFramework\21_Include\SNEnum.h","モジュール外",h,622,535,12.6
"C:\Users\shinj\OneDrive\ドキュメント\Creation\ソフト開発\WindowsProject\20_SNFramework\21_Include\SNFramework.h","モジュール外",h,6,2,25.3
"C:\Users\shinj\OneDrive\ドキュメント\Creation\ソフト開発\WindowsProject\20_SNFramework\21_Include\SNFrameworkInternal.h","モジュール外",h,13,5,28.0
"C:\Users\shinj\OneDrive\ドキュメント\Creation\ソフト開発\WindowsProject\20_SNFramework\21_Include\SNStruct.h","モジュール外",h,59,42,40.6
"C:\Users\shinj\OneDrive\ドキュメント\Creation\ソフト開発\WindowsProject\20_SNFramework\21_Include\SNTypes.h","モジュール外",h,30,21,0.0
"C:\Users\shinj\OneDrive\ドキュメント\Creation\ソフト開発\WindowsProject\20_SNFramework\22_System\Component\SNAutoResource.cpp","モジュール外",cpp,3,2,0.0
"C:\Users\shinj\OneDrive\ドキュメント\Creation\ソフト開発\WindowsProject\20_SNFramework\22_System\Component\SNAutoResource.cpp","SNAutoResource::SNAutoResource",cpp,13,9,9.4
"C:\Users\shinj\OneDrive\ドキュメント\Creation\ソフト開発\WindowsProject\20_SNFramework\22_System\Component\SNAutoResource.cpp","SNAutoResource::~SNAutoResource",cpp,10,8,11.6
"C:\Users\shinj\OneDrive\ドキュメント\Creation\ソフト開発\WindowsProject\20_SNFramework\22_System\Component\SNAutoResource.h","モジュール外",h,19,11,28.4
"C:\Users\shinj\OneDrive\ドキュメント\Creation\ソフト開発\WindowsProject\20_SNFramework\22_System\Component\SNBMString.cpp","モジュール外",cpp,6,3,29.1
"C:\Users\shinj\OneDrive\ドキュメント\Creation\ソフト開発\WindowsProject\20_SNFramework\22_System\Component\SNBMString.cpp","SNBMString::SNBMString()",cpp,11,7,21.7
"C:\Users\shinj\OneDrive\ドキュメント\Creation\ソフト開発\WindowsProject\20_SNFramework\22_System\Component\SNBMString.cpp","SNBMString::SNBMString(String str)",cpp,9,5,34.7
"C:\Users\shinj\OneDrive\ドキュメント\Creation\ソフト開発\WindowsProject\20_SNFramework\22_System\Component\SNBMString.cpp","SNBMString::SNBMString",cpp,9,5,28.9
"C:\Users\shinj\OneDrive\ドキュメント\Creation\ソフト開発\WindowsProject\20_SNFramework\22_System\Component\SNBMString.cpp","SNBMString::~SNBMString",cpp,7,5,17.4
"C:\Users\shinj\OneDrive\ドキュメント\Creation\ソフト開発\WindowsProject\20_SNFramework\22_System\Component\SNBMString.cpp","BMString SNBMString::GetString",cpp,6,4,12.6
"C:\Users\shinj\OneDrive\ドキュメント\Creation\ソフト開発\WindowsProject\20_SNFramework\22_System\Component\SNBMString.cpp","Int32 SNBMString::GetLength",cpp,6,4,20.5
"C:\Users\shinj\OneDrive\ドキュメント\Creation\ソフト開発\WindowsProject\20_SNFramework\22_System\Component\SNBMString.cpp","Int32 SNBMString::GetAllocLength",cpp,6,4,12.7
"C:\Users\shinj\OneDrive\ドキュメント\Creation\ソフト開発\WindowsProject\20_SNFramework\22_System\Component\SNBMString.cpp","Void SNBMString::SetString(String str)",cpp,21,11,17.5
"C:\Users\shinj\OneDrive\ドキュメント\Creation\ソフト開発\WindowsProject\20_SNFramework\22_System\Component\SNBMString.cpp","Void SNBMString::SetString(BMString str, Int32 length)",cpp,24,11,22.8
"C:\Users\shinj\OneDrive\ドキュメント\Creation\ソフト開発\WindowsProject\20_SNFramework\22_System\Component\SNBMString.cpp","Void SNBMString::SetString",cpp,26,13,18.6
"C:\Users\shinj\OneDrive\ドキュメント\Creation\ソフト開発\WindowsProject\20_SNFramework\22_System\Component\SNBMString.cpp","Void SNBMString::AddString",cpp,24,12,18.7
"C:\Users\shinj\OneDrive\ドキュメント\Creation\ソフト開発\WindowsProject\20_SNFramework\22_System\Component\SNBMString.cpp","Void SNBMString::Print",cpp,27,11,28.4
"C:\Users\shinj\OneDrive\ドキュメント\Creation\ソフト開発\WindowsProject\20_SNFramework\22_System\Component\SNBMString.cpp","Void SNBMString::Clear",cpp,10,7,21.2
"C:\Users\shinj\OneDrive\ドキュメント\Creation\ソフト開発\WindowsProject\20_SNFramework\22_System\Component\SNBMString.cpp","Void SNBMString::PreAllocate",cpp,10,7,32.8
"C:\Users\shinj\OneDrive\ドキュメント\Creation\ソフト開発\WindowsProject\20_SNFramework\22_System\Component\SNBMString.cpp","Void SNBMString::ReplaceCharacter",cpp,18,13,27.3
"C:\Users\shinj\OneDrive\ドキュメント\Creation\ソフト開発\WindowsProject\20_SNFramework\22_System\Component\SNBMString.cpp","SNSize SNBMString::GetStringImageSize",cpp,10,7,12.3
"C:\Users\shinj\OneDrive\ドキュメント\Creation\ソフト開発\WindowsProject\20_SNFramework\22_System\Component\SNBMString.h","モジュール外",h,64,26,41.1
"C:\Users\shinj\OneDrive\ドキュメント\Creation\ソフト開発\WindowsProject\20_SNFramework\22_System\Component\SNCriticalSection.cpp","モジュール外",cpp,5,2,27.7
"C:\Users\shinj\OneDrive\ドキュメント\Creation\ソフト開発\WindowsProject\20_SNFramework\22_System\Component\SNCriticalSection.cpp","SNCriticalSection::SNCriticalSection",cpp,8,5,15.7
"C:\Users\shinj\OneDrive\ドキュメント\Creation\ソフト開発\WindowsProject\20_SNFramework\22_System\Component\SNCriticalSection.cpp","SNCriticalSection::~SNCriticalSection",cpp,14,10,15.1
"C:\Users\shinj\OneDrive\ドキュメント\Creation\ソフト開発\WindowsProject\20_SNFramework\22_System\Component\SNCriticalSection.cpp","Void SNCriticalSection::Initialize",cpp,20,12,23.8
"C:\Users\shinj\OneDrive\ドキュメント\Creation\ソフト開発\WindowsProject\20_SNFramework\22_System\Component\SNCriticalSection.cpp","Void SNCriticalSection::Lock",cpp,13,8,28.3
"C:\Users\shinj\OneDrive\ドキュメント\Creation\ソフト開発\WindowsProject\20_SNFramework\22_System\Component\SNCriticalSection.cpp","Void SNCriticalSection::Unlock",cpp,13,8,29.3
"C:\Users\shinj\OneDrive\ドキュメント\Creation\ソフト開発\WindowsProject\20_SNFramework\22_System\Component\SNCriticalSection.cpp","Void SNCriticalSection::Acquire",cpp,8,5,25.5
"C:\Users\shinj\OneDrive\ドキュメント\Creation\ソフト開発\WindowsProject\20_SNFramework\22_System\Component\SNCriticalSection.cpp","Void SNCriticalSection::Release",cpp,7,5,25.5
"C:\Users\shinj\OneDrive\ドキュメント\Creation\ソフト開発\WindowsProject\20_SNFramework\22_System\Component\SNCriticalSection.h","モジュール外",h,35,16,33.9
"C:\Users\shinj\OneDrive\ドキュメント\Creation\ソフト開発\WindowsProject\20_SNFramework\22_System\Component\SNError.cpp","モジュール外",cpp,6,2,0.0
"C:\Users\shinj\OneDrive\ドキュメント\Creation\ソフト開発\WindowsProject\20_SNFramework\22_System\Component\SNError.cpp","Void SNError::ErrorLogOut",cpp,10,7,32.5
"C:\Users\shinj\OneDrive\ドキュメント\Creation\ソフト開発\WindowsProject\20_SNFramework\22_System\Component\SNError.h","モジュール外",h,24,17,20.6
"C:\Users\shinj\OneDrive\ドキュメント\Creation\ソフト開発\WindowsProject\20_SNFramework\22_System\Component\SNFPSCounter.cpp","モジュール外",cpp,8,4,17.1
"C:\Users\shinj\OneDrive\ドキュメント\Creation\ソフト開発\WindowsProject\20_SNFramework\22_System\Component\SNFPSCounter.cpp","SNFPSCounter::SNFPSCounter",cpp,20,12,8.8
"C:\Users\shinj\OneDrive\ドキュメント\Creation\ソフト開発\WindowsProject\20_SNFramework\22_System\Component\SNFPSCounter.cpp","SNFPSCounter::~SNFPSCounter",cpp,9,5,26.1
"C:\Users\shinj\OneDrive\ドキュメント\Creation\ソフト開発\WindowsProject\20_SNFramework\22_System\Component\SNFPSCounter.cpp","Void SNFPSCounter::Start",cpp,17,9,24.6
"C:\Users\shinj\OneDrive\ドキュメント\Creation\ソフト開発\WindowsProject\20_SNFramework\22_System\Component\SNFPSCounter.cpp","Void SNFPSCounter::Count",cpp,9,5,33.6
"C:\Users\shinj\OneDrive\ドキュメント\Creation\ソフト開発\WindowsProject\20_SNFramework\22_System\Component\SNFPSCounter.cpp","Void SNFPSCounter::Average",cpp,34,18,23.9
"C:\Users\shinj\OneDrive\ドキュメント\Creation\ソフト開発\WindowsProject\20_SNFramework\22_System\Component\SNFPSCounter.cpp","UInt32 SNFPSCounter::GetFPS",cpp,8,5,20.1
"C:\Users\shinj\OneDrive\ドキュメント\Creation\ソフト開発\WindowsProject\20_SNFramework\22_System\Component\SNFPSCounter.h","モジュール外",h,42,23,38.1
"C:\Users\shinj\OneDrive\ドキュメント\Creation\ソフト開発\WindowsProject\20_SNFramework\22_System\Component\SNFPSTimer.cpp","モジュール外",cpp,6,3,18.1
"C:\Users\shinj\OneDrive\ドキュメント\Creation\ソフト開発\WindowsProject\20_SNFramework\22_System\Component\SNFPSTimer.cpp","SNFPSTimer::SNFPSTimer",cpp,13,9,12.3
"C:\Users\shinj\OneDrive\ドキュメント\Creation\ソフト開発\WindowsProject\20_SNFramework\22_System\Component\SNFPSTimer.cpp","SNFPSTimer::~SNFPSTimer",cpp,7,4,23.4
"C:\Users\shinj\OneDrive\ドキュメント\Creation\ソフト開発\WindowsProject\20_SNFramework\22_System\Component\SNFPSTimer.cpp","Void SNFPSTimer::Start",cpp,12,6,34.7
"C:\Users\shinj\OneDrive\ドキュメント\Creation\ソフト開発\WindowsProject\20_SNFramework\22_System\Component\SNFPSTimer.cpp","Void SNFPSTimer::Restart",cpp,43,27,39.5
"C:\Users\shinj\OneDrive\ドキュメント\Creation\ソフト開発\WindowsProject\20_SNFramework\22_System\Component\SNFPSTimer.cpp","Boolean SNFPSTimer::CheckTimeout",cpp,10,5,36.5
"C:\Users\shinj\OneDrive\ドキュメント\Creation\ソフト開発\WindowsProject\20_SNFramework\22_System\Component\SNFPSTimer.cpp","Void SNFPSTimer::Sleep",cpp,23,14,29.3
"C:\Users\shinj\OneDrive\ドキュメント\Creation\ソフト開発\WindowsProject\20_SNFramework\22_System\Component\SNFPSTimer.cpp","Boolean SNFPSTimer::GetSkipFlag",cpp,5,4,25.3
"C:\Users\shinj\OneDrive\ドキュメント\Creation\ソフト開発\WindowsProject\20_SNFramework\22_System\Component\SNFPSTimer.h","モジュール外",h,43,21,44.9
"C:\Users\shinj\OneDrive\ドキュメント\Creation\ソフト開発\WindowsProject\20_SNFramework\22_System\Component\SNList.cpp","モジュール外",cpp,7,3,16.3
"C:\Users\shinj\OneDrive\ドキュメント\Creation\ソフト開発\WindowsProject\20_SNFramework\22_System\Component\SNList.cpp","SNList::SNList",cpp,13,10,16.8
"C:\Users\shinj\OneDrive\ドキュメント\Creation\ソフト開発\WindowsProject\20_SNFramework\22_System\Component\SNList.cpp","SNList::~SNList",cpp,7,5,18.7
"C:\Users\shinj\OneDrive\ドキュメント\Creation\ソフト開発\WindowsProject\20_SNFramework\22_System\Component\SNList.cpp","Void SNList::Allocate",cpp,39,21,23.1
"C:\Users\shinj\OneDrive\ドキュメント\Creation\ソフト開発\WindowsProject\20_SNFramework\22_System\Component\SNList.cpp","Void SNList::Free",cpp,17,11,17.4
"C:\Users\shinj\OneDrive\ドキュメント\Creation\ソフト開発\WindowsProject\20_SNFramework\22_System\Component\SNList.cpp","Void SNList::Clear",cpp,30,16,51.8
"C:\Users\shinj\OneDrive\ドキュメント\Creation\ソフト開発\WindowsProject\20_SNFramework\22_System\Component\SNList.cpp","Void SNList::Restore",cpp,42,20,40.6
"C:\Users\shinj\OneDrive\ドキュメント\Creation\ソフト開発\WindowsProject\20_SNFramework\22_System\Component\SNList.cpp","SNListContainer* SNList::DirectAccess",cpp,8,4,45.9
"C:\Users\shinj\OneDrive\ドキュメント\Creation\ソフト開発\WindowsProject\20_SNFramework\22_System\Component\SNList.cpp","SNListContainer* SNList::InsertTop",cpp,7,4,29.0
"C:\Users\shinj\OneDrive\ドキュメント\Creation\ソフト開発\WindowsProject\20_SNFramework\22_System\Component\SNList.cpp","SNListContainer* SNList::InsertLast",cpp,7,4,28.5
"C:\Users\shinj\OneDrive\ドキュメント\Creation\ソフト開発\WindowsProject\20_SNFramework\22_System\Component\SNList.cpp","SNListContainer* SNList::InsertAtIndex",cpp,56,34,37.3
"C:\Users\shinj\OneDrive\ドキュメント\Creation\ソフト開発\WindowsProject\20_SNFramework\22_System\Component\SNList.cpp","SNListContainer* SNList::InsertToBefore",cpp,43,27,30.8
"C:\Users\shinj\OneDrive\ドキュメント\Creation\ソフト開発\WindowsProject\20_SNFramework\22_System\Component\SNList.cpp","SNListContainer* SNList::InsertToAfter",cpp,44,27,30.7
"C:\Users\shinj\OneDrive\ドキュメント\Creation\ソフト開発\WindowsProject\20_SNFramework\22_System\Component\SNList.cpp","SNListContainer* SNList::GetTop",cpp,6,4,22.3
"C:\Users\shinj\OneDrive\ドキュメント\Creation\ソフト開発\WindowsProject\20_SNFramework\22_System\Component\SNList.cpp","SNListContainer* SNList::GetLast",cpp,6,4,21.7
"C:\Users\shinj\OneDrive\ドキュメント\Creation\ソフト開発\WindowsProject\20_SNFramework\22_System\Component\SNList.cpp","SNListContainer* SNList::GetAtIndex",cpp,6,4,25.4
"C:\Users\shinj\OneDrive\ドキュメント\Creation\ソフト開発\WindowsProject\20_SNFramework\22_System\Component\SNList.cpp","Void SNList::RemoveTop",cpp,9,5,28.2
"C:\Users\shinj\OneDrive\ドキュメント\Creation\ソフト開発\WindowsProject\20_SNFramework\22_System\Component\SNList.cpp","Void SNList::RemoveLast",cpp,9,5,25.4
"C:\Users\shinj\OneDrive\ドキュメント\Creation\ソフト開発\WindowsProject\20_SNFramework\22_System\Component\SNList.cpp","Void SNList::RemoveAtIndex",cpp,30,16,37.9
"C:\Users\shinj\OneDrive\ドキュメント\Creation\ソフト開発\WindowsProject\20_SNFramework\22_System\Component\SNList.cpp","Void SNList::Remove",cpp,45,26,34.3
"C:\Users\shinj\OneDrive\ドキュメント\Creation\ソフト開発\WindowsProject\20_SNFramework\22_System\Component\SNList.cpp","Void SNList::MoveAtIndex",cpp,57,31,41.9
"C:\Users\shinj\OneDrive\ドキュメント\Creation\ソフト開発\WindowsProject\20_SNFramework\22_System\Component\SNList.cpp","Void SNList::MoveToBefore",cpp,28,14,35.6
"C:\Users\shinj\OneDrive\ドキュメント\Creation\ソフト開発\WindowsProject\20_SNFramework\22_System\Component\SNList.cpp","Void SNList::MoveToAfter",cpp,28,14,35.9
"C:\Users\shinj\OneDrive\ドキュメント\Creation\ソフト開発\WindowsProject\20_SNFramework\22_System\Component\SNList.cpp","Int32 SNList::GetNum",cpp,6,4,20.0
"C:\Users\shinj\OneDrive\ドキュメント\Creation\ソフト開発\WindowsProject\20_SNFramework\22_System\Component\SNList.cpp","SNListContainer* SNList::GetFromPool",cpp,31,18,26.9
"C:\Users\shinj\OneDrive\ドキュメント\Creation\ソフト開発\WindowsProject\20_SNFramework\22_System\Component\SNList.cpp","Void SNList::ReturnToPool",cpp,25,13,27.8
"C:\Users\shinj\OneDrive\ドキュメント\Creation\ソフト開発\WindowsProject\20_SNFramework\22_System\Component\SNList.cpp","SNListContainer* SNList::SearchAtIndex",cpp,41,26,32.5
"C:\Users\shinj\OneDrive\ドキュメント\Creation\ソフト開発\WindowsProject\20_SNFramework\22_System\Component\SNList.h","モジュール外",h,114,49,37.0
"C:\Users\shinj\OneDrive\ドキュメント\Creation\ソフト開発\WindowsProject\20_SNFramework\22_System\Component\SNMath.cpp","モジュール外",cpp,17,8,13.9
"C:\Users\shinj\OneDrive\ドキュメント\Creation\ソフト開発\WindowsProject\20_SNFramework\22_System\Component\SNMath.cpp","Void SNMath::InitTrigFunc",cpp,51,33,16.9
"C:\Users\shinj\OneDrive\ドキュメント\Creation\ソフト開発\WindowsProject\20_SNFramework\22_System\Component\SNMath.cpp","Int SNMath::RoundToInt",cpp,5,4,0.0
"C:\Users\shinj\OneDrive\ドキュメント\Creation\ソフト開発\WindowsProject\20_SNFramework\22_System\Component\SNMath.cpp","Int64 SNMath::SelectMax",cpp,6,4,13.4
"C:\Users\shinj\OneDrive\ドキュメント\Creation\ソフト開発\WindowsProject\20_SNFramework\22_System\Component\SNMath.cpp","Int64 SNMath::SelectMin",cpp,6,4,13.4
"C:\Users\shinj\OneDrive\ドキュメント\Creation\ソフト開発\WindowsProject\20_SNFramework\22_System\Component\SNMath.cpp","Int64 SNMath::Saturate",cpp,5,4,0.0
"C:\Users\shinj\OneDrive\ドキュメント\Creation\ソフト開発\WindowsProject\20_SNFramework\22_System\Component\SNMath.cpp","Float32 SNMath::SelectMaxF",cpp,6,4,12.7
"C:\Users\shinj\OneDrive\ドキュメント\Creation\ソフト開発\WindowsProject\20_SNFramework\22_System\Component\SNMath.cpp","Float32 SNMath::SelectMinF",cpp,6,4,12.7
"C:\Users\shinj\OneDrive\ドキュメント\Creation\ソフト開発\WindowsProject\20_SNFramework\22_System\Component\SNMath.cpp","Float32 SNMath::SaturateF",cpp,5,4,0.0
"C:\Users\shinj\OneDrive\ドキュメント\Creation\ソフト開発\WindowsProject\20_SNFramework\22_System\Component\SNMath.cpp","Int64 SNMath::Increment",cpp,27,17,34.3
"C:\Users\shinj\OneDrive\ドキュメント\Creation\ソフト開発\WindowsProject\20_SNFramework\22_System\Component\SNMath.cpp","Int64 SNMath::Decrement",cpp,27,17,34.0
"C:\Users\shinj\OneDrive\ドキュメント\Creation\ソフト開発\WindowsProject\20_SNFramework\22_System\Component\SNMath.cpp","Int64 SNMath::SaturateInc",cpp,17,13,9.8
"C:\Users\shinj\OneDrive\ドキュメント\Creation\ソフト開発\WindowsProject\20_SNFramework\22_System\Component\SNMath.cpp","Int64 SNMath::SaturateDec",cpp,17,13,9.0
"C:\Users\shinj\OneDrive\ドキュメント\Creation\ソフト開発\WindowsProject\20_SNFramework\22_System\Component\SNMath.cpp","Int64 SNMath::CalcDist2",cpp,10,7,0.0
"C:\Users\shinj\OneDrive\ドキュメント\Creation\ソフト開発\WindowsProject\20_SNFramework\22_System\Component\SNMath.cpp","Int8 SNMath::CalcAngle",cpp,43,29,28.8
"C:\Users\shinj\OneDrive\ドキュメント\Creation\ソフト開発\WindowsProject\20_SNFramework\22_System\Component\SNMath.h","モジュール外",h,65,29,21.9
"C:\Users\shinj\OneDrive\ドキュメント\Creation\ソフト開発\WindowsProject\20_SNFramework\22_System\Component\SNMemory.cpp","モジュール外",cpp,5,2,21.1
"C:\Users\shinj\OneDrive\ドキュメント\Creation\ソフト開発\WindowsProject\20_SNFramework\22_System\Component\SNMemory.cpp","SNMemory::SNMemory",cpp,11,7,24.8
"C:\Users\shinj\OneDrive\ドキュメント\Creation\ソフト開発\WindowsProject\20_SNFramework\22_System\Component\SNMemory.cpp","SNMemory::~SNMemory",cpp,13,9,26.0
"C:\Users\shinj\OneDrive\ドキュメント\Creation\ソフト開発\WindowsProject\20_SNFramework\22_System\Component\SNMemory.cpp","Void SNMemory::Allocate",cpp,38,21,37.2
"C:\Users\shinj\OneDrive\ドキュメント\Creation\ソフト開発\WindowsProject\20_SNFramework\22_System\Component\SNMemory.cpp","Void SNMemory::Free",cpp,15,11,21.2
"C:\Users\shinj\OneDrive\ドキュメント\Creation\ソフト開発\WindowsProject\20_SNFramework\22_System\Component\SNMemory.cpp","Void* SNMemory::GetAddress",cpp,6,4,20.5
"C:\Users\shinj\OneDrive\ドキュメント\Creation\ソフト開発\WindowsProject\20_SNFramework\22_System\Component\SNMemory.cpp","UInt32 SNMemory::GetSize",cpp,6,4,19.6
"C:\Users\shinj\OneDrive\ドキュメント\Creation\ソフト開発\WindowsProject\20_SNFramework\22_System\Component\SNMemory.cpp","UInt32 SNMemory::GetAllocSize",cpp,6,4,21.2
"C:\Users\shinj\OneDrive\ドキュメント\Creation\ソフト開発\WindowsProject\20_SNFramework\22_System\Component\SNMemory.cpp","Void SNMemory::Clear",cpp,11,8,12.0
"C:\Users\shinj\OneDrive\ドキュメント\Creation\ソフト開発\WindowsProject\20_SNFramework\22_System\Component\SNMemory.cpp","Void SNMemory::Copy",cpp,22,17,16.8
"C:\Users\shinj\OneDrive\ドキュメント\Creation\ソフト開発\WindowsProject\20_SNFramework\22_System\Component\SNMemory.h","モジュール外",h,44,21,34.7
"C:\Users\shinj\OneDrive\ドキュメント\Creation\ソフト開発\WindowsProject\20_SNFramework\22_System\Component\SNMutex.cpp","モジュール外",cpp,4,2,0.0
"C:\Users\shinj\OneDrive\ドキュメント\Creation\ソフト開発\WindowsProject\20_SNFramework\22_System\Component\SNMutex.cpp","SNMutex::SNMutex",cpp,9,6,15.4
"C:\Users\shinj\OneDrive\ドキュメント\Creation\ソフト開発\WindowsProject\20_SNFramework\22_System\Component\SNMutex.cpp","SNMutex::~SNMutex",cpp,13,9,23.7
"C:\Users\shinj\OneDrive\ドキュメント\Creation\ソフト開発\WindowsProject\20_SNFramework\22_System\Component\SNMutex.cpp","Void SNMutex::Create",cpp,25,14,36.5
"C:\Users\shinj\OneDrive\ドキュメント\Creation\ソフト開発\WindowsProject\20_SNFramework\22_System\Component\SNMutex.cpp","Void SNMutex::Delete",cpp,13,9,25.6
"C:\Users\shinj\OneDrive\ドキュメント\Creation\ソフト開発\WindowsProject\20_SNFramework\22_System\Component\SNMutex.cpp","Boolean SNMutex::IsFirst",cpp,7,4,56.9
"C:\Users\shinj\OneDrive\ドキュメント\Creation\ソフト開発\WindowsProject\20_SNFramework\22_System\Component\SNMutex.h","モジュール外",h,34,16,58.5
"C:\Users\shinj\OneDrive\ドキュメント\Creation\ソフト開発\WindowsProject\20_SNFramework\22_System\Component\SNResourceIF.cpp","モジュール外",cpp,4,2,0.0
"C:\Users\shinj\OneDrive\ドキュメント\Creation\ソフト開発\WindowsProject\20_SNFramework\22_System\Component\SNResourceIF.cpp","SNResourceIF::SNResourceIF",cpp,6,4,25.3
"C:\Users\shinj\OneDrive\ドキュメント\Creation\ソフト開発\WindowsProject\20_SNFramework\22_System\Component\SNResourceIF.cpp","SNResourceIF::~SNResourceIF",cpp,5,4,23.4
"C:\Users\shinj\OneDrive\ドキュメント\Creation\ソフト開発\WindowsProject\20_SNFramework\22_System\Component\SNResourceIF.h","モジュール外",h,24,11,35.8
"C:\Users\shinj\OneDrive\ドキュメント\Creation\ソフト開発\WindowsProject\20_SNFramework\22_System\Component\SNSoftTimer.cpp","モジュール外",cpp,9,3,31.5
"C:\Users\shinj\OneDrive\ドキュメント\Creation\ソフト開発\WindowsProject\20_SNFramework\22_System\Component\SNSoftTimer.cpp","Void SNSoftTimer::Initialize",cpp,8,5,10.8
"C:\Users\shinj\OneDrive\ドキュメント\Creation\ソフト開発\WindowsProject\20_SNFramework\22_System\Component\SNSoftTimer.cpp","Void SNSoftTimer::Terminate",cpp,6,4,12.0
"C:\Users\shinj\OneDrive\ドキュメント\Creation\ソフト開発\WindowsProject\20_SNFramework\22_System\Component\SNSoftTimer.cpp","Void SNSoftTimer::Count",cpp,9,5,39.6
"C:\Users\shinj\OneDrive\ドキュメント\Creation\ソフト開発\WindowsProject\20_SNFramework\22_System\Component\SNSoftTimer.cpp","SNSoftTimer::SNSoftTimer",cpp,11,7,22.0
"C:\Users\shinj\OneDrive\ドキュメント\Creation\ソフト開発\WindowsProject\20_SNFramework\22_System\Component\SNSoftTimer.cpp","SNSoftTimer::~SNSoftTimer",cpp,6,4,23.4
"C:\Users\shinj\OneDrive\ドキュメント\Creation\ソフト開発\WindowsProject\20_SNFramework\22_System\Component\SNSoftTimer.cpp","Void SNSoftTimer::Start",cpp,16,7,45.0
"C:\Users\shinj\OneDrive\ドキュメント\Creation\ソフト開発\WindowsProject\20_SNFramework\22_System\Component\SNSoftTimer.cpp","Void SNSoftTimer::Restart",cpp,12,6,42.3
"C:\Users\shinj\OneDrive\ドキュメント\Creation\ソフト開発\WindowsProject\20_SNFramework\22_System\Component\SNSoftTimer.cpp","Void SNSoftTimer::Stop",cpp,11,7,16.1
"C:\Users\shinj\OneDrive\ドキュメント\Creation\ソフト開発\WindowsProject\20_SNFramework\22_System\Component\SNSoftTimer.cpp","Boolean SNSoftTimer::IsTimeout",cpp,19,12,42.0
"C:\Users\shinj\OneDrive\ドキュメント\Creation\ソフト開発\WindowsProject\20_SNFramework\22_System\Component\SNSoftTimer.cpp","UInt32 SNSoftTimer::ElapsedFrame",cpp,6,4,18.8
"C:\Users\shinj\OneDrive\ドキュメント\Creation\ソフト開発\WindowsProject\20_SNFramework\22_System\Component\SNSoftTimer.cpp","Boolean SNSoftTimer::IsRunning",cpp,5,4,26.2
"C:\Users\shinj\OneDrive\ドキュメント\Creation\ソフト開発\WindowsProject\20_SNFramework\22_System\Component\SNSoftTimer.h","モジュール外",h,63,24,43.9
"C:\Users\shinj\OneDrive\ドキュメント\Creation\ソフト開発\WindowsProject\20_SNFramework\22_System\Component\SNStopWatch.cpp","モジュール外",cpp,5,4,0.0
"C:\Users\shinj\OneDrive\ドキュメント\Creation\ソフト開発\WindowsProject\20_SNFramework\22_System\Component\SNStopWatch.cpp","SNStopWatch::SNStopWatch",cpp,18,13,9.1
"C:\Users\shinj\OneDrive\ドキュメント\Creation\ソフト開発\WindowsProject\20_SNFramework\22_System\Component\SNStopWatch.cpp","SNStopWatch::~SNStopWatch",cpp,8,5,27.4
"C:\Users\shinj\OneDrive\ドキュメント\Creation\ソフト開発\WindowsProject\20_SNFramework\22_System\Component\SNStopWatch.cpp","Void SNStopWatch::Start",cpp,23,14,31.6
"C:\Users\shinj\OneDrive\ドキュメント\Creation\ソフト開発\WindowsProject\20_SNFramework\22_System\Component\SNStopWatch.cpp","Void SNStopWatch::Stop",cpp,31,18,19.4
"C:\Users\shinj\OneDrive\ドキュメント\Creation\ソフト開発\WindowsProject\20_SNFramework\22_System\Component\SNStopWatch.cpp","UInt32 SNStopWatch::GetAverage",cpp,9,5,26.0
"C:\Users\shinj\OneDrive\ドキュメント\Creation\ソフト開発\WindowsProject\20_SNFramework\22_System\Component\SNStopWatch.cpp","UInt32 SNStopWatch::GetMax",cpp,6,4,30.1
"C:\Users\shinj\OneDrive\ドキュメント\Creation\ソフト開発\WindowsProject\20_SNFramework\22_System\Component\SNStopWatch.cpp","UInt32 SNStopWatch::GetMin",cpp,6,4,30.1
"C:\Users\shinj\OneDrive\ドキュメント\Creation\ソフト開発\WindowsProject\20_SNFramework\22_System\Component\SNStopWatch.h","モジュール外",h,41,22,42.3
"C:\Users\shinj\OneDrive\ドキュメント\Creation\ソフト開発\WindowsProject\20_SNFramework\22_System\Component\SNStore.cpp","モジュール外",cpp,2,1,0.0
"C:\Users\shinj\OneDrive\ドキュメント\Creation\ソフト開発\WindowsProject\20_SNFramework\22_System\Component\SNStore.cpp","SNStore::SNStore",cpp,9,6,13.8
"C:\Users\shinj\OneDrive\ドキュメント\Creation\ソフト開発\WindowsProject\20_SNFramework\22_System\Component\SNStore.cpp","SNStore::~SNStore",cpp,8,5,20.0
"C:\Users\shinj\OneDrive\ドキュメント\Creation\ソフト開発\WindowsProject\20_SNFramework\22_System\Component\SNStore.cpp","Void SNStore::CreateStore",cpp,22,17,0.0
"C:\Users\shinj\OneDrive\ドキュメント\Creation\ソフト開発\WindowsProject\20_SNFramework\22_System\Component\SNStore.cpp","Void SNStore::DeleteStore",cpp,28,20,13.5
"C:\Users\shinj\OneDrive\ドキュメント\Creation\ソフト開発\WindowsProject\20_SNFramework\22_System\Component\SNStore.cpp","SNListContainer* SNStore::GetResource",cpp,14,11,0.0
"C:\Users\shinj\OneDrive\ドキュメント\Creation\ソフト開発\WindowsProject\20_SNFramework\22_System\Component\SNStore.cpp","Void SNStore::ReleaseResource",cpp,12,9,0.0
"C:\Users\shinj\OneDrive\ドキュメント\Creation\ソフト開発\WindowsProject\20_SNFramework\22_System\Component\SNStore.cpp","SNListContainer* SNStore::ListToList",cpp,15,11,0.0
"C:\Users\shinj\OneDrive\ドキュメント\Creation\ソフト開発\WindowsProject\20_SNFramework\22_System\Component\SNStore.h","モジュール外",h,43,20,28.0
"C:\Users\shinj\OneDrive\ドキュメント\Creation\ソフト開発\WindowsProject\20_SNFramework\22_System\Component\SNString.cpp","モジュール外",cpp,6,2,20.5
"C:\Users\shinj\OneDrive\ドキュメント\Creation\ソフト開発\WindowsProject\20_SNFramework\22_System\Component\SNString.cpp","SNString::SNString()",cpp,11,7,22.2
"C:\Users\shinj\OneDrive\ドキュメント\Creation\ソフト開発\WindowsProject\20_SNFramework\22_System\Component\SNString.cpp","SNString::SNString",cpp,15,8,35.8
"C:\Users\shinj\OneDrive\ドキュメント\Creation\ソフト開発\WindowsProject\20_SNFramework\22_System\Component\SNString.cpp","SNString::~SNString",cpp,7,5,18.2
"C:\Users\shinj\OneDrive\ドキュメント\Creation\ソフト開発\WindowsProject\20_SNFramework\22_System\Component\SNString.cpp","String SNString::GetString",cpp,6,4,13.4
"C:\Users\shinj\OneDrive\ドキュメント\Creation\ソフト開発\WindowsProject\20_SNFramework\22_System\Component\SNString.cpp","Int32 SNString::GetLength",cpp,6,4,21.1
"C:\Users\shinj\OneDrive\ドキュメント\Creation\ソフト開発\WindowsProject\20_SNFramework\22_System\Component\SNString.cpp","Int32 SNString::GetAllocLength",cpp,6,4,16.1
"C:\Users\shinj\OneDrive\ドキュメント\Creation\ソフト開発\WindowsProject\20_SNFramework\22_System\Component\SNString.cpp","Void SNString::SetString(String str)",cpp,25,12,22.1
"C:\Users\shinj\OneDrive\ドキュメント\Creation\ソフト開発\WindowsProject\20_SNFramework\22_System\Component\SNString.cpp","Void SNString::SetString",cpp,25,12,21.4
"C:\Users\shinj\OneDrive\ドキュメント\Creation\ソフト開発\WindowsProject\20_SNFramework\22_System\Component\SNString.cpp","Void SNString::AddString",cpp,25,12,19.2
"C:\Users\shinj\OneDrive\ドキュメント\Creation\ソフト開発\WindowsProject\20_SNFramework\22_System\Component\SNString.cpp","Void SNString::Print",cpp,18,8,28.0
"C:\Users\shinj\OneDrive\ドキュメント\Creation\ソフト開発\WindowsProject\20_SNFramework\22_System\Component\SNString.cpp","Void SNString::Clear",cpp,10,7,21.4
"C:\Users\shinj\OneDrive\ドキュメント\Creation\ソフト開発\WindowsProject\20_SNFramework\22_System\Component\SNString.cpp","Void SNString::PreAllocate",cpp,10,7,33.0
"C:\Users\shinj\OneDrive\ドキュメント\Creation\ソフト開発\WindowsProject\20_SNFramework\22_System\Component\SNString.cpp","Void SNString::ReplaceCharacter",cpp,17,13,28.2
"C:\Users\shinj\OneDrive\ドキュメント\Creation\ソフト開発\WindowsProject\20_SNFramework\22_System\Component\SNString.h","モジュール外",h,64,23,59.0
"C:\Users\shinj\OneDrive\ドキュメント\Creation\ソフト開発\WindowsProject\20_SNFramework\22_System\Component\SNSystemTimer.cpp","モジュール外",cpp,5,2,27.3
"C:\Users\shinj\OneDrive\ドキュメント\Creation\ソフト開発\WindowsProject\20_SNFramework\22_System\Component\SNSystemTimer.cpp","SNSystemTimer::SNSystemTimer",cpp,7,5,11.3
"C:\Users\shinj\OneDrive\ドキュメント\Creation\ソフト開発\WindowsProject\20_SNFramework\22_System\Component\SNSystemTimer.cpp","SNSystemTimer::~SNSystemTimer",cpp,5,3,25.8
"C:\Users\shinj\OneDrive\ドキュメント\Creation\ソフト開発\WindowsProject\20_SNFramework\22_System\Component\SNSystemTimer.cpp","Void SNSystemTimer::Start",cpp,7,4,36.2
"C:\Users\shinj\OneDrive\ドキュメント\Creation\ソフト開発\WindowsProject\20_SNFramework\22_System\Component\SNSystemTimer.cpp","Boolean SNSystemTimer::CheckTimeout",cpp,9,5,37.2
"C:\Users\shinj\OneDrive\ドキュメント\Creation\ソフト開発\WindowsProject\20_SNFramework\22_System\Component\SNSystemTimer.h","モジュール外",h,24,13,32.8
"C:\Users\shinj\OneDrive\ドキュメント\Creation\ソフト開発\WindowsProject\20_SNFramework\22_System\Component\SNThread.cpp","モジュール外",cpp,8,5,11.1
"C:\Users\shinj\OneDrive\ドキュメント\Creation\ソフト開発\WindowsProject\20_SNFramework\22_System\Component\SNThread.cpp","Void SNThread::EntryPoint",cpp,24,14,32.6
"C:\Users\shinj\OneDrive\ドキュメント\Creation\ソフト開発\WindowsProject\20_SNFramework\22_System\Component\SNThread.cpp","SNThread::SNThread",cpp,10,6,24.1
"C:\Users\shinj\OneDrive\ドキュメント\Creation\ソフト開発\WindowsProject\20_SNFramework\22_System\Component\SNThread.cpp","SNThread::~SNThread",cpp,16,11,34.9
"C:\Users\shinj\OneDrive\ドキュメント\Creation\ソフト開発\WindowsProject\20_SNFramework\22_System\Component\SNThread.cpp","Void SNThread::Run",cpp,18,11,36.8
"C:\Users\shinj\OneDrive\ドキュメント\Creation\ソフト開発\WindowsProject\20_SNFramework\22_System\Component\SNThread.cpp","Boolean SNThread::GetRunStatus",cpp,6,4,20.9
"C:\Users\shinj\OneDrive\ドキュメント\Creation\ソフト開発\WindowsProject\20_SNFramework\22_System\Component\SNThread.cpp","Handle SNThread::GetThreadHandle",cpp,7,4,24.4
"C:\Users\shinj\OneDrive\ドキュメント\Creation\ソフト開発\WindowsProject\20_SNFramework\22_System\Component\SNThread.cpp","Void SNThread::ThreadMain",cpp,15,7,38.3
"C:\Users\shinj\OneDrive\ドキュメント\Creation\ソフト開発\WindowsProject\20_SNFramework\22_System\Component\SNThread.cpp","Void SNThread::UserMain",cpp,7,4,62.6
"C:\Users\shinj\OneDrive\ドキュメント\Creation\ソフト開発\WindowsProject\20_SNFramework\22_System\Component\SNThread.cpp","Void SNThread::WaitForThreadEnd",cpp,14,10,16.1
"C:\Users\shinj\OneDrive\ドキュメント\Creation\ソフト開発\WindowsProject\20_SNFramework\22_System\Component\SNThread.h","モジュール外",h,44,19,49.7
"C:\Users\shinj\OneDrive\ドキュメント\Creation\ソフト開発\WindowsProject\20_SNFramework\22_System\Core\SNEntryPoint.cpp","モジュール外",cpp,4,3,0.0
"C:\Users\shinj\OneDrive\ドキュメント\Creation\ソフト開発\WindowsProject\20_SNFramework\22_System\Core\SNEntryPoint.cpp","int APIENTRY wWinMain",cpp,49,30,32.7
"C:\Users\shinj\OneDrive\ドキュメント\Creation\ソフト開発\WindowsProject\20_SNFramework\22_System\Core\SNSystem.cpp","モジュール外",cpp,21,17,17.6
"C:\Users\shinj\OneDrive\ドキュメント\Creation\ソフト開発\WindowsProject\20_SNFramework\22_System\Core\SNSystem.cpp","Void SNSystem::Initialize",cpp,40,24,29.8
"C:\Users\shinj\OneDrive\ドキュメント\Creation\ソフト開発\WindowsProject\20_SNFramework\22_System\Core\SNSystem.cpp","Void SNSystem::Startup",cpp,18,12,37.8
"C:\Users\shinj\OneDrive\ドキュメント\Creation\ソフト開発\WindowsProject\20_SNFramework\22_System\Core\SNSystem.cpp","Void SNSystem::Run",cpp,29,19,36.8
"C:\Users\shinj\OneDrive\ドキュメント\Creation\ソフト開発\WindowsProject\20_SNFramework\22_System\Core\SNSystem.cpp","Void SNSystem::BeforeTerminate",cpp,17,12,23.7
"C:\Users\shinj\OneDrive\ドキュメント\Creation\ソフト開発\WindowsProject\20_SNFramework\22_System\Core\SNSystem.cpp","Void SNSystem::Terminate",cpp,21,13,33.2
"C:\Users\shinj\OneDrive\ドキュメント\Creation\ソフト開発\WindowsProject\20_SNFramework\22_System\Core\SNSystem.cpp","Void SNSystem::NoticeExitApplication",cpp,9,5,20.0
"C:\Users\shinj\OneDrive\ドキュメント\Creation\ソフト開発\WindowsProject\20_SNFramework\22_System\Core\SNSystem.cpp","Handle SNSystem::GetApplicationHandle",cpp,6,4,28.1
"C:\Users\shinj\OneDrive\ドキュメント\Creation\ソフト開発\WindowsProject\20_SNFramework\22_System\Core\SNSystem.cpp","Void SNSystem::ScreenToClient",cpp,10,5,41.4
"C:\Users\shinj\OneDrive\ドキュメント\Creation\ソフト開発\WindowsProject\20_SNFramework\22_System\Core\SNSystem.cpp","Boolean SNSystem::CheckDuplicateInstance",cpp,15,11,31.9
"C:\Users\shinj\OneDrive\ドキュメント\Creation\ソフト開発\WindowsProject\20_SNFramework\22_System\Core\SNSystem.h","モジュール外",h,62,26,55.1
"C:\Users\shinj\OneDrive\ドキュメント\Creation\ソフト開発\WindowsProject\20_SNFramework\22_System\Core\SNTargetVersion.h","モジュール外",h,6,2,89.8
"C:\Users\shinj\OneDrive\ドキュメント\Creation\ソフト開発\WindowsProject\20_SNFramework\22_System\Core\SNWindow.cpp","モジュール外",cpp,14,9,6.7
"C:\Users\shinj\OneDrive\ドキュメント\Creation\ソフト開発\WindowsProject\20_SNFramework\22_System\Core\SNWindow.cpp","Int64 __stdcall SNWindow::WindowProc",cpp,65,42,14.1
"C:\Users\shinj\OneDrive\ドキュメント\Creation\ソフト開発\WindowsProject\20_SNFramework\22_System\Core\SNWindow.cpp","Void SNWindow::Create",cpp,73,49,11.1
"C:\Users\shinj\OneDrive\ドキュメント\Creation\ソフト開発\WindowsProject\20_SNFramework\22_System\Core\SNWindow.cpp","Int64 SNWindow::OnNoticeExit",cpp,9,5,21.3
"C:\Users\shinj\OneDrive\ドキュメント\Creation\ソフト開発\WindowsProject\20_SNFramework\22_System\Core\SNWindow.cpp","Int64 SNWindow::OnClose",cpp,9,5,24.2
"C:\Users\shinj\OneDrive\ドキュメント\Creation\ソフト開発\WindowsProject\20_SNFramework\22_System\Core\SNWindow.cpp","Int64 SNWindow::OnQueryEndSession",cpp,11,5,46.9
"C:\Users\shinj\OneDrive\ドキュメント\Creation\ソフト開発\WindowsProject\20_SNFramework\22_System\Core\SNWindow.cpp","Int64 SNWindow::OnEraseBackground",cpp,12,4,64.6
"C:\Users\shinj\OneDrive\ドキュメント\Creation\ソフト開発\WindowsProject\20_SNFramework\22_System\Core\SNWindow.cpp","Int64 SNWindow::OnActivate",cpp,19,12,21.9
"C:\Users\shinj\OneDrive\ドキュメント\Creation\ソフト開発\WindowsProject\20_SNFramework\22_System\Core\SNWindow.cpp","Int64 SNWindow::OnMouseWheel",cpp,26,17,13.4
"C:\Users\shinj\OneDrive\ドキュメント\Creation\ソフト開発\WindowsProject\20_SNFramework\22_System\Core\SNWindow.cpp","Int64 SNWindow::OnDestroy",cpp,9,5,20.2
"C:\Users\shinj\OneDrive\ドキュメント\Creation\ソフト開発\WindowsProject\20_SNFramework\22_System\Core\SNWindow.cpp","Int64 SNWindow::OnSize",cpp,8,5,6.4
"C:\Users\shinj\OneDrive\ドキュメント\Creation\ソフト開発\WindowsProject\20_SNFramework\22_System\Core\SNWindow.cpp","Int64 SNWindow::OnSysKeyDown",cpp,19,15,8.0
"C:\Users\shinj\OneDrive\ドキュメント\Creation\ソフト開発\WindowsProject\20_SNFramework\22_System\Core\SNWindow.cpp","Int64 SNWindow::OnOtherEvent",cpp,6,4,20.6
"C:\Users\shinj\OneDrive\ドキュメント\Creation\ソフト開発\WindowsProject\20_SNFramework\22_System\Core\SNWindow.h","モジュール外",h,51,21,24.8
"C:\Users\shinj\OneDrive\ドキュメント\Creation\ソフト開発\WindowsProject\20_SNFramework\22_System\Core\SNWindowsAPI.h","モジュール外",h,68,43,35.7
"C:\Users\shinj\OneDrive\ドキュメント\Creation\ソフト開発\WindowsProject\20_SNFramework\23_Storage\Component\SNFile.cpp","モジュール外",cpp,7,3,17.5
"C:\Users\shinj\OneDrive\ドキュメント\Creation\ソフト開発\WindowsProject\20_SNFramework\23_Storage\Component\SNFile.cpp","SNFile::SNFile",cpp,8,5,34.4
"C:\Users\shinj\OneDrive\ドキュメント\Creation\ソフト開発\WindowsProject\20_SNFramework\23_Storage\Component\SNFile.cpp","SNFile::~SNFile",cpp,7,5,20.5
"C:\Users\shinj\OneDrive\ドキュメント\Creation\ソフト開発\WindowsProject\20_SNFramework\23_Storage\Component\SNFile.cpp","Void SNFile::CheckFileExists",cpp,8,5,22.0
"C:\Users\shinj\OneDrive\ドキュメント\Creation\ソフト開発\WindowsProject\20_SNFramework\23_Storage\Component\SNFile.cpp","Void SNFile::GetDataSize",cpp,8,5,27.9
"C:\Users\shinj\OneDrive\ドキュメント\Creation\ソフト開発\WindowsProject\20_SNFramework\23_Storage\Component\SNFile.cpp","Void SNFile::Write",cpp,8,5,26.5
"C:\Users\shinj\OneDrive\ドキュメント\Creation\ソフト開発\WindowsProject\20_SNFramework\23_Storage\Component\SNFile.cpp","Void SNFile::Read",cpp,8,5,26.9
"C:\Users\shinj\OneDrive\ドキュメント\Creation\ソフト開発\WindowsProject\20_SNFramework\23_Storage\Component\SNFile.cpp","Void SNFile::Delete",cpp,8,5,21.3
"C:\Users\shinj\OneDrive\ドキュメント\Creation\ソフト開発\WindowsProject\20_SNFramework\23_Storage\Component\SNFile.cpp","Void* SNFile::GetDataAddress",cpp,6,4,22.1
"C:\Users\shinj\OneDrive\ドキュメント\Creation\ソフト開発\WindowsProject\20_SNFramework\23_Storage\Component\SNFile.cpp","SNMemory* SNFile::GetMemoryObject",cpp,6,4,27.1
"C:\Users\shinj\OneDrive\ドキュメント\Creation\ソフト開発\WindowsProject\20_SNFramework\23_Storage\Component\SNFile.cpp","Void SNFile::ReleaseMemory",cpp,7,5,15.8
"C:\Users\shinj\OneDrive\ドキュメント\Creation\ソフト開発\WindowsProject\20_SNFramework\23_Storage\Component\SNFile.cpp","SNStorageResult SNFile::OnOperationCheckExists",cpp,17,13,6.3
"C:\Users\shinj\OneDrive\ドキュメント\Creation\ソフト開発\WindowsProject\20_SNFramework\23_Storage\Component\SNFile.cpp","SNStorageResult SNFile::OnOperationGetSize",cpp,11,7,8.7
"C:\Users\shinj\OneDrive\ドキュメント\Creation\ソフト開発\WindowsProject\20_SNFramework\23_Storage\Component\SNFile.cpp","SNStorageResult SNFile::OnOperationWriteFile",cpp,20,14,7.0
"C:\Users\shinj\OneDrive\ドキュメント\Creation\ソフト開発\WindowsProject\20_SNFramework\23_Storage\Component\SNFile.cpp","SNStorageResult SNFile::OnOperationReadFile",cpp,20,14,7.0
"C:\Users\shinj\OneDrive\ドキュメント\Creation\ソフト開発\WindowsProject\20_SNFramework\23_Storage\Component\SNFile.cpp","SNStorageResult SNFile::OnOperationRemoveFile",cpp,17,14,5.0
"C:\Users\shinj\OneDrive\ドキュメント\Creation\ソフト開発\WindowsProject\20_SNFramework\23_Storage\Component\SNFile.h","モジュール外",h,55,27,25.4
"C:\Users\shinj\OneDrive\ドキュメント\Creation\ソフト開発\WindowsProject\20_SNFramework\23_Storage\Component\SNFolder.cpp","モジュール外",cpp,7,3,17.1
"C:\Users\shinj\OneDrive\ドキュメント\Creation\ソフト開発\WindowsProject\20_SNFramework\23_Storage\Component\SNFolder.cpp","SNFolder::SNFolder",cpp,12,8,10.3
"C:\Users\shinj\OneDrive\ドキュメント\Creation\ソフト開発\WindowsProject\20_SNFramework\23_Storage\Component\SNFolder.cpp","SNFolder::~SNFolder",cpp,8,5,20.2
"C:\Users\shinj\OneDrive\ドキュメント\Creation\ソフト開発\WindowsProject\20_SNFramework\23_Storage\Component\SNFolder.cpp","Void SNFolder::CheckFolderExists",cpp,8,5,23.6
"C:\Users\shinj\OneDrive\ドキュメント\Creation\ソフト開発\WindowsProject\20_SNFramework\23_Storage\Component\SNFolder.cpp","Void SNFolder::CreateFolder",cpp,7,5,12.7
"C:\Users\shinj\OneDrive\ドキュメント\Creation\ソフト開発\WindowsProject\20_SNFramework\23_Storage\Component\SNFolder.cpp","Void SNFolder::RemoveFolder",cpp,7,5,12.7
"C:\Users\shinj\OneDrive\ドキュメント\Creation\ソフト開発\WindowsProject\20_SNFramework\23_Storage\Component\SNFolder.cpp","Void SNFolder::CreateFolderAndFileList",cpp,8,5,33.5
"C:\Users\shinj\OneDrive\ドキュメント\Creation\ソフト開発\WindowsProject\20_SNFramework\23_Storage\Component\SNFolder.cpp","UInt32 SNFolder::GetFolderNum",cpp,6,4,25.0
"C:\Users\shinj\OneDrive\ドキュメント\Creation\ソフト開発\WindowsProject\20_SNFramework\23_Storage\Component\SNFolder.cpp","SNString* SNFolder::GetFolderName",cpp,6,4,19.2
"C:\Users\shinj\OneDrive\ドキュメント\Creation\ソフト開発\WindowsProject\20_SNFramework\23_Storage\Component\SNFolder.cpp","UInt32 SNFolder::GetFileNum",cpp,6,4,22.3
"C:\Users\shinj\OneDrive\ドキュメント\Creation\ソフト開発\WindowsProject\20_SNFramework\23_Storage\Component\SNFolder.cpp","SNString* SNFolder::GetFileName",cpp,6,4,16.8
"C:\Users\shinj\OneDrive\ドキュメント\Creation\ソフト開発\WindowsProject\20_SNFramework\23_Storage\Component\SNFolder.cpp","Void SNFolder::AllocateList",cpp,15,9,10.6
"C:\Users\shinj\OneDrive\ドキュメント\Creation\ソフト開発\WindowsProject\20_SNFramework\23_Storage\Component\SNFolder.cpp","Void SNFolder::FreeList",cpp,21,16,4.8
"C:\Users\shinj\OneDrive\ドキュメント\Creation\ソフト開発\WindowsProject\20_SNFramework\23_Storage\Component\SNFolder.cpp","SNStorageResult SNFolder::OnOperationCheckExists",cpp,17,13,6.2
"C:\Users\shinj\OneDrive\ドキュメント\Creation\ソフト開発\WindowsProject\20_SNFramework\23_Storage\Component\SNFolder.cpp","SNStorageResult SNFolder::OnOperationCreateFolder",cpp,17,13,5.1
"C:\Users\shinj\OneDrive\ドキュメント\Creation\ソフト開発\WindowsProject\20_SNFramework\23_Storage\Component\SNFolder.cpp","SNStorageResult SNFolder::OnOperationRemoveFolder",cpp,17,13,5.1
"C:\Users\shinj\OneDrive\ドキュメント\Creation\ソフト開発\WindowsProject\20_SNFramework\23_Storage\Component\SNFolder.cpp","SNStorageResult SNFolder::OnOperationFolderFileList",cpp,24,11,18.1
"C:\Users\shinj\OneDrive\ドキュメント\Creation\ソフト開発\WindowsProject\20_SNFramework\23_Storage\Component\SNFolder.h","モジュール外",h,62,32,25.8
"C:\Users\shinj\OneDrive\ドキュメント\Creation\ソフト開発\WindowsProject\20_SNFramework\23_Storage\Component\SNImageFile.cpp","モジュール外",cpp,2,1,0.0
"C:\Users\shinj\OneDrive\ドキュメント\Creation\ソフト開発\WindowsProject\20_SNFramework\23_Storage\Component\SNImageFile.cpp","SNImageFile::SNImageFile",cpp,6,4,25.0
"C:\Users\shinj\OneDrive\ドキュメント\Creation\ソフト開発\WindowsProject\20_SNFramework\23_Storage\Component\SNImageFile.cpp","SNImageFile::~SNImageFile",cpp,6,4,22.3
"C:\Users\shinj\OneDrive\ドキュメント\Creation\ソフト開発\WindowsProject\20_SNFramework\23_Storage\Component\SNImageFile.cpp","Void SNImageFile::Decode",cpp,16,9,46.6
"C:\Users\shinj\OneDrive\ドキュメント\Creation\ソフト開発\WindowsProject\20_SNFramework\23_Storage\Component\SNImageFile.cpp","Void SNImageFile::Encode",cpp,16,9,47.0
"C:\Users\shinj\OneDrive\ドキュメント\Creation\ソフト開発\WindowsProject\20_SNFramework\23_Storage\Component\SNImageFile.cpp","Boolean SNImageFile::IsOperationComplete",cpp,10,7,6.6
"C:\Users\shinj\OneDrive\ドキュメント\Creation\ソフト開発\WindowsProject\20_SNFramework\23_Storage\Component\SNImageFile.cpp","Void SNImageFile::WaitForOperationComplete",cpp,11,6,29.9
"C:\Users\shinj\OneDrive\ドキュメント\Creation\ソフト開発\WindowsProject\20_SNFramework\23_Storage\Component\SNImageFile.h","モジュール外",h,30,14,40.1
"C:\Users\shinj\OneDrive\ドキュメント\Creation\ソフト開発\WindowsProject\20_SNFramework\23_Storage\Core\SNStorage.cpp","モジュール外",cpp,17,10,27.9
"C:\Users\shinj\OneDrive\ドキュメント\Creation\ソフト開発\WindowsProject\20_SNFramework\23_Storage\Core\SNStorage.cpp","Void SNStorage::Initialize",cpp,26,11,30.6
"C:\Users\shinj\OneDrive\ドキュメント\Creation\ソフト開発\WindowsProject\20_SNFramework\23_Storage\Core\SNStorage.cpp","Void SNStorage::Startup",cpp,15,6,53.3
"C:\Users\shinj\OneDrive\ドキュメント\Creation\ソフト開発\WindowsProject\20_SNFramework\23_Storage\Core\SNStorage.cpp","Void SNStorage::Run",cpp,6,4,14.0
"C:\Users\shinj\OneDrive\ドキュメント\Creation\ソフト開発\WindowsProject\20_SNFramework\23_Storage\Core\SNStorage.cpp","Void SNStorage::BeforeTerminate",cpp,12,6,27.5
"C:\Users\shinj\OneDrive\ドキュメント\Creation\ソフト開発\WindowsProject\20_SNFramework\23_Storage\Core\SNStorage.cpp","Void SNStorage::Terminate",cpp,12,6,28.0
"C:\Users\shinj\OneDrive\ドキュメント\Creation\ソフト開発\WindowsProject\20_SNFramework\23_Storage\Core\SNStorage.cpp","Void SNStorage::UserMain",cpp,28,18,32.3
"C:\Users\shinj\OneDrive\ドキュメント\Creation\ソフト開発\WindowsProject\20_SNFramework\23_Storage\Core\SNStorage.cpp","Void SNStorage::Request",cpp,19,13,15.0
"C:\Users\shinj\OneDrive\ドキュメント\Creation\ソフト開発\WindowsProject\20_SNFramework\23_Storage\Core\SNStorage.cpp","SNStorageAccessor* SNStorage::GetRequest",cpp,22,15,15.9
"C:\Users\shinj\OneDrive\ドキュメント\Creation\ソフト開発\WindowsProject\20_SNFramework\23_Storage\Core\SNStorage.cpp","Boolean SNStorage::CheckFolderExists",cpp,15,10,25.8
"C:\Users\shinj\OneDrive\ドキュメント\Creation\ソフト開発\WindowsProject\20_SNFramework\23_Storage\Core\SNStorage.cpp","Boolean SNStorage::CreateFolder",cpp,22,16,18.2
"C:\Users\shinj\OneDrive\ドキュメント\Creation\ソフト開発\WindowsProject\20_SNFramework\23_Storage\Core\SNStorage.cpp","Boolean SNStorage::RemoveFolder",cpp,14,9,14.2
"C:\Users\shinj\OneDrive\ドキュメント\Creation\ソフト開発\WindowsProject\20_SNFramework\23_Storage\Core\SNStorage.cpp","UInt32 SNStorage::GetFolderNum",cpp,44,29,17.2
"C:\Users\shinj\OneDrive\ドキュメント\Creation\ソフト開発\WindowsProject\20_SNFramework\23_Storage\Core\SNStorage.cpp","UInt32 SNStorage::GetFileNum",cpp,44,29,16.7
"C:\Users\shinj\OneDrive\ドキュメント\Creation\ソフト開発\WindowsProject\20_SNFramework\23_Storage\Core\SNStorage.cpp","Void SNStorage::CreateFolderList",cpp,46,30,16.6
"C:\Users\shinj\OneDrive\ドキュメント\Creation\ソフト開発\WindowsProject\20_SNFramework\23_Storage\Core\SNStorage.cpp","Void SNStorage::CreateFileList",cpp,47,30,16.5
"C:\Users\shinj\OneDrive\ドキュメント\Creation\ソフト開発\WindowsProject\20_SNFramework\23_Storage\Core\SNStorage.cpp","Boolean SNStorage::CheckFileExists",cpp,15,10,26.6
"C:\Users\shinj\OneDrive\ドキュメント\Creation\ソフト開発\WindowsProject\20_SNFramework\23_Storage\Core\SNStorage.cpp","UInt32 SNStorage::GetFileSize",cpp,28,16,17.1
"C:\Users\shinj\OneDrive\ドキュメント\Creation\ソフト開発\WindowsProject\20_SNFramework\23_Storage\Core\SNStorage.cpp","Boolean SNStorage::WriteFile",cpp,31,19,16.8
"C:\Users\shinj\OneDrive\ドキュメント\Creation\ソフト開発\WindowsProject\20_SNFramework\23_Storage\Core\SNStorage.cpp","Boolean SNStorage::ReadFile",cpp,37,21,18.4
"C:\Users\shinj\OneDrive\ドキュメント\Creation\ソフト開発\WindowsProject\20_SNFramework\23_Storage\Core\SNStorage.cpp","Boolean SNStorage::RemoveFile",cpp,13,9,16.1
"C:\Users\shinj\OneDrive\ドキュメント\Creation\ソフト開発\WindowsProject\20_SNFramework\23_Storage\Core\SNStorage.h","モジュール外",h,88,37,26.8
"C:\Users\shinj\OneDrive\ドキュメント\Creation\ソフト開発\WindowsProject\20_SNFramework\23_Storage\Core\SNStorageAccessor.cpp","モジュール外",cpp,8,5,13.6
"C:\Users\shinj\OneDrive\ドキュメント\Creation\ソフト開発\WindowsProject\20_SNFramework\23_Storage\Core\SNStorageAccessor.cpp","SNStorageAccessor::SNStorageAccessor",cpp,10,6,18.4
"C:\Users\shinj\OneDrive\ドキュメント\Creation\ソフト開発\WindowsProject\20_SNFramework\23_Storage\Core\SNStorageAccessor.cpp","SNStorageAccessor::~SNStorageAccessor",cpp,6,4,19.7
"C:\Users\shinj\OneDrive\ドキュメント\Creation\ソフト開発\WindowsProject\20_SNFramework\23_Storage\Core\SNStorageAccessor.cpp","Void SNStorageAccessor::SetFolderPath",cpp,25,14,30.3
"C:\Users\shinj\OneDrive\ドキュメント\Creation\ソフト開発\WindowsProject\20_SNFramework\23_Storage\Core\SNStorageAccessor.cpp","Void SNStorageAccessor::SetFolderFileName",cpp,18,10,27.6
"C:\Users\shinj\OneDrive\ドキュメント\Creation\ソフト開発\WindowsProject\20_SNFramework\23_Storage\Core\SNStorageAccessor.cpp","SNStorageResult SNStorageAccessor::GetResult",cpp,6,4,21.8
"C:\Users\shinj\OneDrive\ドキュメント\Creation\ソフト開発\WindowsProject\20_SNFramework\23_Storage\Core\SNStorageAccessor.cpp","Void SNStorageAccessor::Callback",cpp,42,36,4.1
"C:\Users\shinj\OneDrive\ドキュメント\Creation\ソフト開発\WindowsProject\20_SNFramework\23_Storage\Core\SNStorageAccessor.cpp","Void SNStorageAccessor::RequestOperation",cpp,14,7,29.7
"C:\Users\shinj\OneDrive\ドキュメント\Creation\ソフト開発\WindowsProject\20_SNFramework\23_Storage\Core\SNStorageAccessor.cpp","Void SNStorageAccessor::ClearOperation",cpp,10,6,20.1
"C:\Users\shinj\OneDrive\ドキュメント\Creation\ソフト開発\WindowsProject\20_SNFramework\23_Storage\Core\SNStorageAccessor.cpp","Void SNStorageAccessor::WaitForOperationComplete",cpp,15,10,6.0
"C:\Users\shinj\OneDrive\ドキュメント\Creation\ソフト開発\WindowsProject\20_SNFramework\23_Storage\Core\SNStorageAccessor.cpp","Boolean SNStorageAccessor::IsOperationComplete",cpp,5,4,0.0
"C:\Users\shinj\OneDrive\ドキュメント\Creation\ソフト開発\WindowsProject\20_SNFramework\23_Storage\Core\SNStorageAccessor.cpp","SNStorageResult SNStorageAccessor::OnOperationCheckExists",cpp,5,4,0.0
"C:\Users\shinj\OneDrive\ドキュメント\Creation\ソフト開発\WindowsProject\20_SNFramework\23_Storage\Core\SNStorageAccessor.cpp","SNStorageResult SNStorageAccessor::OnOperationCreateFolder",cpp,5,4,0.0
"C:\Users\shinj\OneDrive\ドキュメント\Creation\ソフト開発\WindowsProject\20_SNFramework\23_Storage\Core\SNStorageAccessor.cpp","SNStorageResult SNStorageAccessor::OnOperationRemoveFolder",cpp,5,4,0.0
"C:\Users\shinj\OneDrive\ドキュメント\Creation\ソフト開発\WindowsProject\20_SNFramework\23_Storage\Core\SNStorageAccessor.cpp","SNStorageResult SNStorageAccessor::OnOperationFolderFileList",cpp,5,4,0.0
"C:\Users\shinj\OneDrive\ドキュメント\Creation\ソフト開発\WindowsProject\20_SNFramework\23_Storage\Core\SNStorageAccessor.cpp","SNStorageResult SNStorageAccessor::OnOperationGetSize",cpp,5,4,0.0
"C:\Users\shinj\OneDrive\ドキュメント\Creation\ソフト開発\WindowsProject\20_SNFramework\23_Storage\Core\SNStorageAccessor.cpp","SNStorageResult SNStorageAccessor::OnOperationWriteFile",cpp,5,4,0.0
"C:\Users\shinj\OneDrive\ドキュメント\Creation\ソフト開発\WindowsProject\20_SNFramework\23_Storage\Core\SNStorageAccessor.cpp","SNStorageResult SNStorageAccessor::OnOperationReadFile",cpp,5,4,0.0
"C:\Users\shinj\OneDrive\ドキュメント\Creation\ソフト開発\WindowsProject\20_SNFramework\23_Storage\Core\SNStorageAccessor.cpp","SNStorageResult SNStorageAccessor::OnOperationRemoveFile",cpp,4,4,0.0
"C:\Users\shinj\OneDrive\ドキュメント\Creation\ソフト開発\WindowsProject\20_SNFramework\23_Storage\Core\SNStorageAccessor.h","モジュール外",h,65,31,23.8
"C:\Users\shinj\OneDrive\ドキュメント\Creation\ソフト開発\WindowsProject\20_SNFramework\23_Storage\Core\SNStorageThread.cpp","モジュール外",cpp,4,2,0.0
"C:\Users\shinj\OneDrive\ドキュメント\Creation\ソフト開発\WindowsProject\20_SNFramework\23_Storage\Core\SNStorageThread.cpp","Void SNStorageThread::UserMain",cpp,9,5,40.8
"C:\Users\shinj\OneDrive\ドキュメント\Creation\ソフト開発\WindowsProject\20_SNFramework\23_Storage\Core\SNStorageThread.h","モジュール外",h,12,8,26.2
"C:\Users\shinj\OneDrive\ドキュメント\Creation\ソフト開発\WindowsProject\20_SNFramework\24_Input\Component\SNGamePad.cpp","モジュール外",cpp,14,7,16.3
"C:\Users\shinj\OneDrive\ドキュメント\Creation\ソフト開発\WindowsProject\20_SNFramework\24_Input\Component\SNGamePad.cpp","Void SNGamePad::Initialize",cpp,8,6,7.5
"C:\Users\shinj\OneDrive\ドキュメント\Creation\ソフト開発\WindowsProject\20_SNFramework\24_Input\Component\SNGamePad.cpp","Void SNGamePad::Terminate",cpp,8,6,9.3
"C:\Users\shinj\OneDrive\ドキュメント\Creation\ソフト開発\WindowsProject\20_SNFramework\24_Input\Component\SNGamePad.cpp","Void SNGamePad::Update",cpp,9,6,6.5
"C:\Users\shinj\OneDrive\ドキュメント\Creation\ソフト開発\WindowsProject\20_SNFramework\24_Input\Component\SNGamePad.cpp","Void SNGamePad::OnInitialize",cpp,17,10,17.4
"C:\Users\shinj\OneDrive\ドキュメント\Creation\ソフト開発\WindowsProject\20_SNFramework\24_Input\Component\SNGamePad.cpp","void SNGamePad::OnTerminate",cpp,6,4,10.6
"C:\Users\shinj\OneDrive\ドキュメント\Creation\ソフト開発\WindowsProject\20_SNFramework\24_Input\Component\SNGamePad.cpp","void SNGamePad::OnUpdate",cpp,139,88,23.6
"C:\Users\shinj\OneDrive\ドキュメント\Creation\ソフト開発\WindowsProject\20_SNFramework\24_Input\Component\SNGamePad.cpp","void SNGamePad::GamePadInfoUpdate",cpp,103,63,9.8
"C:\Users\shinj\OneDrive\ドキュメント\Creation\ソフト開発\WindowsProject\20_SNFramework\24_Input\Component\SNGamePad.h","モジュール外",h,83,42,45.3
"C:\Users\shinj\OneDrive\ドキュメント\Creation\ソフト開発\WindowsProject\20_SNFramework\24_Input\Component\SNKeyboard.cpp","モジュール外",cpp,18,6,20.6
"C:\Users\shinj\OneDrive\ドキュメント\Creation\ソフト開発\WindowsProject\20_SNFramework\24_Input\Component\SNKeyboard.cpp","Void SNKeyboard::Initialize",cpp,27,16,32.4
"C:\Users\shinj\OneDrive\ドキュメント\Creation\ソフト開発\WindowsProject\20_SNFramework\24_Input\Component\SNKeyboard.cpp","Void SNKeyboard::Terminate",cpp,9,5,46.8
"C:\Users\shinj\OneDrive\ドキュメント\Creation\ソフト開発\WindowsProject\20_SNFramework\24_Input\Component\SNKeyboard.cpp","Void SNKeyboard::Update",cpp,14,9,23.8
"C:\Users\shinj\OneDrive\ドキュメント\Creation\ソフト開発\WindowsProject\20_SNFramework\24_Input\Component\SNKeyboard.h","モジュール外",h,291,272,61.9
"C:\Users\shinj\OneDrive\ドキュメント\Creation\ソフト開発\WindowsProject\20_SNFramework\24_Input\Component\SNMouse.cpp","モジュール外",cpp,15,10,26.9
"C:\Users\shinj\OneDrive\ドキュメント\Creation\ソフト開発\WindowsProject\20_SNFramework\24_Input\Component\SNMouse.cpp","Void SNMouse::Initialize",cpp,20,11,25.2
"C:\Users\shinj\OneDrive\ドキュメント\Creation\ソフト開発\WindowsProject\20_SNFramework\24_Input\Component\SNMouse.cpp","Void SNMouse::Terminate",cpp,6,4,18.9
"C:\Users\shinj\OneDrive\ドキュメント\Creation\ソフト開発\WindowsProject\20_SNFramework\24_Input\Component\SNMouse.cpp","Void SNMouse::Update",cpp,10,6,11.3
"C:\Users\shinj\OneDrive\ドキュメント\Creation\ソフト開発\WindowsProject\20_SNFramework\24_Input\Component\SNMouse.cpp","Void SNMouse::UpdatePos",cpp,21,9,43.2
"C:\Users\shinj\OneDrive\ドキュメント\Creation\ソフト開発\WindowsProject\20_SNFramework\24_Input\Component\SNMouse.cpp","Void SNMouse::UpdateButtonState",cpp,30,21,12.4
"C:\Users\shinj\OneDrive\ドキュメント\Creation\ソフト開発\WindowsProject\20_SNFramework\24_Input\Component\SNMouse.h","モジュール外",h,38,16,43.4
"C:\Users\shinj\OneDrive\ドキュメント\Creation\ソフト開発\WindowsProject\20_SNFramework\24_Input\Component\SNVirtualDirectGamePad.cpp","モジュール外",cpp,6,4,0.0
"C:\Users\shinj\OneDrive\ドキュメント\Creation\ソフト開発\WindowsProject\20_SNFramework\24_Input\Component\SNVirtualDirectGamePad.cpp","Void SNVirtualDirectGamePad::Initialize",cpp,12,7,10.9
"C:\Users\shinj\OneDrive\ドキュメント\Creation\ソフト開発\WindowsProject\20_SNFramework\24_Input\Component\SNVirtualDirectGamePad.cpp","Void SNVirtualDirectGamePad::Terminate",cpp,6,4,15.0
"C:\Users\shinj\OneDrive\ドキュメント\Creation\ソフト開発\WindowsProject\20_SNFramework\24_Input\Component\SNVirtualDirectGamePad.cpp","Void SNVirtualDirectGamePad::Update",cpp,8,4,43.8
"C:\Users\shinj\OneDrive\ドキュメント\Creation\ソフト開発\WindowsProject\20_SNFramework\24_Input\Component\SNVirtualDirectGamePad.cpp","Void SNVirtualDirectGamePad::Activate",cpp,6,5,8.9
"C:\Users\shinj\OneDrive\ドキュメント\Creation\ソフト開発\WindowsProject\20_SNFramework\24_Input\Component\SNVirtualDirectGamePad.h","モジュール外",h,27,13,36.7
"C:\Users\shinj\OneDrive\ドキュメント\Creation\ソフト開発\WindowsProject\20_SNFramework\24_Input\Component\SNVirtualDirectKeyboard.cpp","モジュール外",cpp,7,4,6.2
"C:\Users\shinj\OneDrive\ドキュメント\Creation\ソフト開発\WindowsProject\20_SNFramework\24_Input\Component\SNVirtualDirectKeyboard.cpp","Void SNVirtualDirectKeyboard::Initialize",cpp,11,6,17.6
"C:\Users\shinj\OneDrive\ドキュメント\Creation\ソフト開発\WindowsProject\20_SNFramework\24_Input\Component\SNVirtualDirectKeyboard.cpp","Void SNVirtualDirectKeyboard::Terminate",cpp,6,4,14.8
"C:\Users\shinj\OneDrive\ドキュメント\Creation\ソフト開発\WindowsProject\20_SNFramework\24_Input\Component\SNVirtualDirectKeyboard.cpp","Void SNVirtualDirectKeyboard::Update",cpp,8,4,43.4
"C:\Users\shinj\OneDrive\ドキュメント\Creation\ソフト開発\WindowsProject\20_SNFramework\24_Input\Component\SNVirtualDirectKeyboard.cpp","Void SNVirtualDirectKeyboard::Activate",cpp,6,5,8.8
"C:\Users\shinj\OneDrive\ドキュメント\Creation\ソフト開発\WindowsProject\20_SNFramework\24_Input\Component\SNVirtualDirectKeyboard.h","モジュール外",h,27,13,37.8
"C:\Users\shinj\OneDrive\ドキュメント\Creation\ソフト開発\WindowsProject\20_SNFramework\24_Input\Component\SNVirtualGamePad.cpp","モジュール外",cpp,11,8,0.0
"C:\Users\shinj\OneDrive\ドキュメント\Creation\ソフト開発\WindowsProject\20_SNFramework\24_Input\Component\SNVirtualGamePad.cpp","Void SNVirtualGamePad::Initialize",cpp,29,22,4.1
"C:\Users\shinj\OneDrive\ドキュメント\Creation\ソフト開発\WindowsProject\20_SNFramework\24_Input\Component\SNVirtualGamePad.cpp","Void SNVirtualGamePad::Terminate",cpp,6,4,16.4
"C:\Users\shinj\OneDrive\ドキュメント\Creation\ソフト開発\WindowsProject\20_SNFramework\24_Input\Component\SNVirtualGamePad.cpp","Void SNVirtualGamePad::Update",cpp,15,7,31.4
"C:\Users\shinj\OneDrive\ドキュメント\Creation\ソフト開発\WindowsProject\20_SNFramework\24_Input\Component\SNVirtualGamePad.cpp","Void SNVirtualGamePad::UpdateButtonState",cpp,12,6,33.1
"C:\Users\shinj\OneDrive\ドキュメント\Creation\ソフト開発\WindowsProject\20_SNFramework\24_Input\Component\SNVirtualGamePad.cpp","Void SNVirtualGamePad::UpdatePrevState",cpp,32,20,12.5
"C:\Users\shinj\OneDrive\ドキュメント\Creation\ソフト開発\WindowsProject\20_SNFramework\24_Input\Component\SNVirtualGamePad.cpp","Void SNVirtualGamePad::UpdateButtonStateFromGamePad",cpp,34,23,17.2
"C:\Users\shinj\OneDrive\ドキュメント\Creation\ソフト開発\WindowsProject\20_SNFramework\24_Input\Component\SNVirtualGamePad.cpp","Void SNVirtualGamePad::UpdateButtonStateKeyboard",cpp,27,18,14.4
"C:\Users\shinj\OneDrive\ドキュメント\Creation\ソフト開発\WindowsProject\20_SNFramework\24_Input\Component\SNVirtualGamePad.cpp","Void SNVirtualGamePad::UpdateButtonEvent",cpp,15,10,11.5
"C:\Users\shinj\OneDrive\ドキュメント\Creation\ソフト開発\WindowsProject\20_SNFramework\24_Input\Component\SNVirtualGamePad.cpp","Void SNVirtualGamePad::UpdateEventPadID",cpp,79,51,13.4
"C:\Users\shinj\OneDrive\ドキュメント\Creation\ソフト開発\WindowsProject\20_SNFramework\24_Input\Component\SNVirtualGamePad.h","モジュール外",h,61,27,38.2
"C:\Users\shinj\OneDrive\ドキュメント\Creation\ソフト開発\WindowsProject\20_SNFramework\24_Input\Component\SNVirtualPointingDevice.cpp","モジュール外",cpp,13,8,17.8
"C:\Users\shinj\OneDrive\ドキュメント\Creation\ソフト開発\WindowsProject\20_SNFramework\24_Input\Component\SNVirtualPointingDevice.cpp","Void SNVirtualPointingDevice::Initialize",cpp,29,19,8.8
"C:\Users\shinj\OneDrive\ドキュメント\Creation\ソフト開発\WindowsProject\20_SNFramework\24_Input\Component\SNVirtualPointingDevice.cpp","Void SNVirtualPointingDevice::Terminate",cpp,6,4,14.8
"C:\Users\shinj\OneDrive\ドキュメント\Creation\ソフト開発\WindowsProject\20_SNFramework\24_Input\Component\SNVirtualPointingDevice.cpp","Void SNVirtualPointingDevice::Update",cpp,37,13,50.3
"C:\Users\shinj\OneDrive\ドキュメント\Creation\ソフト開発\WindowsProject\20_SNFramework\24_Input\Component\SNVirtualPointingDevice.cpp","Void SNVirtualPointingDevice::UpdatePrevProc",cpp,36,22,9.5
"C:\Users\shinj\OneDrive\ドキュメント\Creation\ソフト開発\WindowsProject\20_SNFramework\24_Input\Component\SNVirtualPointingDevice.cpp","Void SNVirtualPointingDevice::UpdateDecide",cpp,29,17,30.0
"C:\Users\shinj\OneDrive\ドキュメント\Creation\ソフト開発\WindowsProject\20_SNFramework\24_Input\Component\SNVirtualPointingDevice.cpp","Void SNVirtualPointingDevice::UpdateCancel",cpp,15,9,34.2
"C:\Users\shinj\OneDrive\ドキュメント\Creation\ソフト開発\WindowsProject\20_SNFramework\24_Input\Component\SNVirtualPointingDevice.cpp","Void SNVirtualPointingDevice::UpdateWheel",cpp,15,10,18.2
"C:\Users\shinj\OneDrive\ドキュメント\Creation\ソフト開発\WindowsProject\20_SNFramework\24_Input\Component\SNVirtualPointingDevice.cpp","Void SNVirtualPointingDevice::UpdateMove",cpp,16,10,27.9
"C:\Users\shinj\OneDrive\ドキュメント\Creation\ソフト開発\WindowsProject\20_SNFramework\24_Input\Component\SNVirtualPointingDevice.cpp","Void SNVirtualPointingDevice::UpdateDrag",cpp,19,12,26.6
"C:\Users\shinj\OneDrive\ドキュメント\Creation\ソフト開発\WindowsProject\20_SNFramework\24_Input\Component\SNVirtualPointingDevice.cpp","Void SNVirtualPointingDevice::UpdateDrop",cpp,17,11,27.1
"C:\Users\shinj\OneDrive\ドキュメント\Creation\ソフト開発\WindowsProject\20_SNFramework\24_Input\Component\SNVirtualPointingDevice.cpp","Void SNVirtualPointingDevice::UpdateFlick",cpp,62,43,14.2
"C:\Users\shinj\OneDrive\ドキュメント\Creation\ソフト開発\WindowsProject\20_SNFramework\24_Input\Component\SNVirtualPointingDevice.cpp","Void SNVirtualPointingDevice::UpdateExBtn",cpp,14,9,34.7
"C:\Users\shinj\OneDrive\ドキュメント\Creation\ソフト開発\WindowsProject\20_SNFramework\24_Input\Component\SNVirtualPointingDevice.h","モジュール外",h,74,37,33.4
"C:\Users\shinj\OneDrive\ドキュメント\Creation\ソフト開発\WindowsProject\20_SNFramework\24_Input\Core\SNInput.cpp","モジュール外",cpp,13,10,5.4
"C:\Users\shinj\OneDrive\ドキュメント\Creation\ソフト開発\WindowsProject\20_SNFramework\24_Input\Core\SNInput.cpp","Void SNInput::Initialize",cpp,17,11,16.2
"C:\Users\shinj\OneDrive\ドキュメント\Creation\ソフト開発\WindowsProject\20_SNFramework\24_Input\Core\SNInput.cpp","Void SNInput::Startup",cpp,6,4,19.6
"C:\Users\shinj\OneDrive\ドキュメント\Creation\ソフト開発\WindowsProject\20_SNFramework\24_Input\Core\SNInput.cpp","Void SNInput::Run",cpp,6,4,14.5
"C:\Users\shinj\OneDrive\ドキュメント\Creation\ソフト開発\WindowsProject\20_SNFramework\24_Input\Core\SNInput.cpp","Void SNInput::BeforeTerminate",cpp,6,4,19.6
"C:\Users\shinj\OneDrive\ドキュメント\Creation\ソフト開発\WindowsProject\20_SNFramework\24_Input\Core\SNInput.cpp","Void SNInput::Terminate",cpp,17,11,16.1
"C:\Users\shinj\OneDrive\ドキュメント\Creation\ソフト開発\WindowsProject\20_SNFramework\24_Input\Core\SNInput.cpp","Void SNInput::Update",cpp,15,7,32.0
"C:\Users\shinj\OneDrive\ドキュメント\Creation\ソフト開発\WindowsProject\20_SNFramework\24_Input\Core\SNInput.cpp","Void SNInput::UpdateState",cpp,6,4,18.3
"C:\Users\shinj\OneDrive\ドキュメント\Creation\ソフト開発\WindowsProject\20_SNFramework\24_Input\Core\SNInput.cpp","Void SNInput::UpdateDevice",cpp,16,7,39.4
"C:\Users\shinj\OneDrive\ドキュメント\Creation\ソフト開発\WindowsProject\20_SNFramework\24_Input\Core\SNInput.cpp","Void SNInput::UpdateVirtualDevice",cpp,17,8,39.2
"C:\Users\shinj\OneDrive\ドキュメント\Creation\ソフト開発\WindowsProject\20_SNFramework\24_Input\Core\SNInput.h","モジュール外",h,58,17,53.8
"C:\Users\shinj\OneDrive\ドキュメント\Creation\ソフト開発\WindowsProject\20_SNFramework\25_Graphics\Component\SNBitmap.cpp","モジュール外",cpp,3,2,0.0
"C:\Users\shinj\OneDrive\ドキュメント\Creation\ソフト開発\WindowsProject\20_SNFramework\25_Graphics\Component\SNBitmap.cpp","SNBitmap::SNBitmap",cpp,8,7,0.0
"C:\Users\shinj\OneDrive\ドキュメント\Creation\ソフト開発\WindowsProject\20_SNFramework\25_Graphics\Component\SNBitmap.cpp","SNBitmap::~SNBitmap",cpp,8,5,0.0
"C:\Users\shinj\OneDrive\ドキュメント\Creation\ソフト開発\WindowsProject\20_SNFramework\25_Graphics\Component\SNBitmap.cpp","Void SNBitmap::SetBitmap",cpp,12,8,8.0
"C:\Users\shinj\OneDrive\ドキュメント\Creation\ソフト開発\WindowsProject\20_SNFramework\25_Graphics\Component\SNBitmap.cpp","Handle SNBitmap::Get3DTexture",cpp,6,4,22.8
"C:\Users\shinj\OneDrive\ドキュメント\Creation\ソフト開発\WindowsProject\20_SNFramework\25_Graphics\Component\SNBitmap.cpp","Handle SNBitmap::GetTargetBitmap",cpp,6,4,19.1
"C:\Users\shinj\OneDrive\ドキュメント\Creation\ソフト開発\WindowsProject\20_SNFramework\25_Graphics\Component\SNBitmap.cpp","Handle SNBitmap::GetSourceBitmap",cpp,6,4,15.2
"C:\Users\shinj\OneDrive\ドキュメント\Creation\ソフト開発\WindowsProject\20_SNFramework\25_Graphics\Component\SNBitmap.cpp","Void SNBitmap::GetSize",cpp,13,8,18.4
"C:\Users\shinj\OneDrive\ドキュメント\Creation\ソフト開発\WindowsProject\20_SNFramework\25_Graphics\Component\SNBitmap.cpp","Void SNBitmap::DeleteBitmap",cpp,28,22,3.6
"C:\Users\shinj\OneDrive\ドキュメント\Creation\ソフト開発\WindowsProject\20_SNFramework\25_Graphics\Component\SNBitmap.h","モジュール外",h,33,19,16.9
"C:\Users\shinj\OneDrive\ドキュメント\Creation\ソフト開発\WindowsProject\20_SNFramework\25_Graphics\Component\SNBitmapFont.cpp","モジュール外",cpp,18,10,11.9
"C:\Users\shinj\OneDrive\ドキュメント\Creation\ソフト開発\WindowsProject\20_SNFramework\25_Graphics\Component\SNBitmapFont.cpp","Void SNBitmapFont::Initialize",cpp,8,5,10.1
"C:\Users\shinj\OneDrive\ドキュメント\Creation\ソフト開発\WindowsProject\20_SNFramework\25_Graphics\Component\SNBitmapFont.cpp","Void SNBitmapFont::InitializeExtraFunc",cpp,28,20,5.1
"C:\Users\shinj\OneDrive\ドキュメント\Creation\ソフト開発\WindowsProject\20_SNFramework\25_Graphics\Component\SNBitmapFont.cpp","Void SNBitmapFont::Terminate",cpp,22,18,1.2
"C:\Users\shinj\OneDrive\ドキュメント\Creation\ソフト開発\WindowsProject\20_SNFramework\25_Graphics\Component\SNBitmapFont.cpp","Void SNBitmapFont::DrawSystemText",cpp,51,39,4.2
"C:\Users\shinj\OneDrive\ドキュメント\Creation\ソフト開発\WindowsProject\20_SNFramework\25_Graphics\Component\SNBitmapFont.cpp","SNListContainer* SNBitmapFont::GetWorkSurface",cpp,6,4,19.8
"C:\Users\shinj\OneDrive\ドキュメント\Creation\ソフト開発\WindowsProject\20_SNFramework\25_Graphics\Component\SNBitmapFont.cpp","Void SNBitmapFont::ReleaseWorkSurface",cpp,8,5,9.8
"C:\Users\shinj\OneDrive\ドキュメント\Creation\ソフト開発\WindowsProject\20_SNFramework\25_Graphics\Component\SNBitmapFont.cpp","Void SNBitmapFont::PreDrawText",cpp,21,14,11.4
"C:\Users\shinj\OneDrive\ドキュメント\Creation\ソフト開発\WindowsProject\20_SNFramework\25_Graphics\Component\SNBitmapFont.cpp","Void SNBitmapFont::DrawExtraText",cpp,27,21,3.8
"C:\Users\shinj\OneDrive\ドキュメント\Creation\ソフト開発\WindowsProject\20_SNFramework\25_Graphics\Component\SNBitmapFont.cpp","Void SNBitmapFont::StringToBMString",cpp,15,10,15.9
"C:\Users\shinj\OneDrive\ドキュメント\Creation\ソフト開発\WindowsProject\20_SNFramework\25_Graphics\Component\SNBitmapFont.cpp","Char SNBitmapFont::BMCharToChar",cpp,16,11,7.0
"C:\Users\shinj\OneDrive\ドキュメント\Creation\ソフト開発\WindowsProject\20_SNFramework\25_Graphics\Component\SNBitmapFont.cpp","Void SNBitmapFont::BMStringToString",cpp,16,10,17.0
"C:\Users\shinj\OneDrive\ドキュメント\Creation\ソフト開発\WindowsProject\20_SNFramework\25_Graphics\Component\SNBitmapFont.cpp","SNPoint SNBitmapFont::GetBMCharPoint",cpp,12,8,11.7
"C:\Users\shinj\OneDrive\ドキュメント\Creation\ソフト開発\WindowsProject\20_SNFramework\25_Graphics\Component\SNBitmapFont.cpp","UInt8 SNBitmapFont::GetBMCharPage",cpp,8,5,20.8
"C:\Users\shinj\OneDrive\ドキュメント\Creation\ソフト開発\WindowsProject\20_SNFramework\25_Graphics\Component\SNBitmapFont.cpp","UInt8 SNBitmapFont::GetBMCharCode",cpp,8,5,23.5
"C:\Users\shinj\OneDrive\ドキュメント\Creation\ソフト開発\WindowsProject\20_SNFramework\25_Graphics\Component\SNBitmapFont.cpp","Void* SNBitmapFont::CreateWorkSurface",cpp,15,10,14.1
"C:\Users\shinj\OneDrive\ドキュメント\Creation\ソフト開発\WindowsProject\20_SNFramework\25_Graphics\Component\SNBitmapFont.cpp","Void SNBitmapFont::DeleteWorkSurface",cpp,10,7,0.0
"C:\Users\shinj\OneDrive\ドキュメント\Creation\ソフト開発\WindowsProject\20_SNFramework\25_Graphics\Component\SNBitmapFont.h","モジュール外",h,73,34,24.6
"C:\Users\shinj\OneDrive\ドキュメント\Creation\ソフト開発\WindowsProject\20_SNFramework\25_Graphics\Component\SNColorMatrix.cpp","モジュール外",cpp,3,2,0.0
"C:\Users\shinj\OneDrive\ドキュメント\Creation\ソフト開発\WindowsProject\20_SNFramework\25_Graphics\Component\SNColorMatrix.cpp","SNColorMatrix::SNColorMatrix",cpp,8,7,0.0
"C:\Users\shinj\OneDrive\ドキュメント\Creation\ソフト開発\WindowsProject\20_SNFramework\25_Graphics\Component\SNColorMatrix.cpp","SNColorMatrix::~SNColorMatrix",cpp,8,6,0.0
"C:\Users\shinj\OneDrive\ドキュメント\Creation\ソフト開発\WindowsProject\20_SNFramework\25_Graphics\Component\SNColorMatrix.cpp","Void SNColorMatrix::SetColorMatrix",cpp,11,6,15.0
"C:\Users\shinj\OneDrive\ドキュメント\Creation\ソフト開発\WindowsProject\20_SNFramework\25_Graphics\Component\SNColorMatrix.cpp","Void SNColorMatrix::DeleteColorMatrix",cpp,12,9,12.3
"C:\Users\shinj\OneDrive\ドキュメント\Creation\ソフト開発\WindowsProject\20_SNFramework\25_Graphics\Component\SNColorMatrix.cpp","Void SNColorMatrix::SetSource",cpp,14,9,16.6
"C:\Users\shinj\OneDrive\ドキュメント\Creation\ソフト開発\WindowsProject\20_SNFramework\25_Graphics\Component\SNColorMatrix.cpp","Void SNColorMatrix::ClearMatrix",cpp,17,13,5.9
"C:\Users\shinj\OneDrive\ドキュメント\Creation\ソフト開発\WindowsProject\20_SNFramework\25_Graphics\Component\SNColorMatrix.cpp","Void SNColorMatrix::SetMatrix",cpp,13,9,5.7
"C:\Users\shinj\OneDrive\ドキュメント\Creation\ソフト開発\WindowsProject\20_SNFramework\25_Graphics\Component\SNColorMatrix.cpp","Void SNColorMatrix::Multiply",cpp,20,14,3.6
"C:\Users\shinj\OneDrive\ドキュメント\Creation\ソフト開発\WindowsProject\20_SNFramework\25_Graphics\Component\SNColorMatrix.cpp","Void SNColorMatrix::Add",cpp,19,14,3.7
"C:\Users\shinj\OneDrive\ドキュメント\Creation\ソフト開発\WindowsProject\20_SNFramework\25_Graphics\Component\SNColorMatrix.cpp","Void SNColorMatrix::WeightedInput",cpp,19,14,6.1
"C:\Users\shinj\OneDrive\ドキュメント\Creation\ソフト開発\WindowsProject\20_SNFramework\25_Graphics\Component\SNColorMatrix.cpp","Void SNColorMatrix::WeightedOutput",cpp,19,14,6.1
"C:\Users\shinj\OneDrive\ドキュメント\Creation\ソフト開発\WindowsProject\20_SNFramework\25_Graphics\Component\SNColorMatrix.cpp","Void SNColorMatrix::CombineMatrix",cpp,44,32,16.6
"C:\Users\shinj\OneDrive\ドキュメント\Creation\ソフト開発\WindowsProject\20_SNFramework\25_Graphics\Component\SNColorMatrix.h","モジュール外",h,48,25,14.9
"C:\Users\shinj\OneDrive\ドキュメント\Creation\ソフト開発\WindowsProject\20_SNFramework\25_Graphics\Component\SNDIBPixel.cpp","モジュール外",cpp,4,2,0.0
"C:\Users\shinj\OneDrive\ドキュメント\Creation\ソフト開発\WindowsProject\20_SNFramework\25_Graphics\Component\SNDIBPixel.cpp","SNDIBPixel::SNDIBPixel",cpp,19,14,4.5
"C:\Users\shinj\OneDrive\ドキュメント\Creation\ソフト開発\WindowsProject\20_SNFramework\25_Graphics\Component\SNDIBPixel.cpp","SNDIBPixel::~SNDIBPixel",cpp,12,9,7.6
"C:\Users\shinj\OneDrive\ドキュメント\Creation\ソフト開発\WindowsProject\20_SNFramework\25_Graphics\Component\SNDIBPixel.cpp","SNColor* SNDIBPixel::Ref",cpp,7,5,9.4
"C:\Users\shinj\OneDrive\ドキュメント\Creation\ソフト開発\WindowsProject\20_SNFramework\25_Graphics\Component\SNDIBPixel.cpp","Int32 SNDIBPixel::GetStride",cpp,6,4,21.7
"C:\Users\shinj\OneDrive\ドキュメント\Creation\ソフト開発\WindowsProject\20_SNFramework\25_Graphics\Component\SNDIBPixel.cpp","Int32 SNDIBPixel::GetDataSize",cpp,5,4,23.1
"C:\Users\shinj\OneDrive\ドキュメント\Creation\ソフト開発\WindowsProject\20_SNFramework\25_Graphics\Component\SNDIBPixel.h","モジュール外",h,26,16,12.4
"C:\Users\shinj\OneDrive\ドキュメント\Creation\ソフト開発\WindowsProject\20_SNFramework\25_Graphics\Component\SNGraphicsContext.cpp","モジュール外",cpp,8,7,0.0
"C:\Users\shinj\OneDrive\ドキュメント\Creation\ソフト開発\WindowsProject\20_SNFramework\25_Graphics\Component\SNGraphicsContext.cpp","SNGraphicsContext::SNGraphicsContext",cpp,7,5,16.3
"C:\Users\shinj\OneDrive\ドキュメント\Creation\ソフト開発\WindowsProject\20_SNFramework\25_Graphics\Component\SNGraphicsContext.cpp","SNGraphicsContext::~SNGraphicsContext",cpp,7,5,14.8
"C:\Users\shinj\OneDrive\ドキュメント\Creation\ソフト開発\WindowsProject\20_SNFramework\25_Graphics\Component\SNGraphicsContext.cpp","Void SNGraphicsContext::CreateDeviceContext",cpp,16,9,11.7
"C:\Users\shinj\OneDrive\ドキュメント\Creation\ソフト開発\WindowsProject\20_SNFramework\25_Graphics\Component\SNGraphicsContext.cpp","Void SNGraphicsContext::DeleteDeviceContext",cpp,12,9,8.1
"C:\Users\shinj\OneDrive\ドキュメント\Creation\ソフト開発\WindowsProject\20_SNFramework\25_Graphics\Component\SNGraphicsContext.cpp","Void SNGraphicsContext::Begin",cpp,15,11,3.5
"C:\Users\shinj\OneDrive\ドキュメント\Creation\ソフト開発\WindowsProject\20_SNFramework\25_Graphics\Component\SNGraphicsContext.cpp","Void SNGraphicsContext::End",cpp,9,6,7.4
"C:\Users\shinj\OneDrive\ドキュメント\Creation\ソフト開発\WindowsProject\20_SNFramework\25_Graphics\Component\SNGraphicsContext.cpp","Handle SNGraphicsContext::GetDC",cpp,6,4,11.1
"C:\Users\shinj\OneDrive\ドキュメント\Creation\ソフト開発\WindowsProject\20_SNFramework\25_Graphics\Component\SNGraphicsContext.cpp","Void SNGraphicsContext::CreateBitmap",cpp,54,37,5.9
"C:\Users\shinj\OneDrive\ドキュメント\Creation\ソフト開発\WindowsProject\20_SNFramework\25_Graphics\Component\SNGraphicsContext.cpp","Void SNGraphicsContext::DrawImage",cpp,38,30,1.0
"C:\Users\shinj\OneDrive\ドキュメント\Creation\ソフト開発\WindowsProject\20_SNFramework\25_Graphics\Component\SNGraphicsContext.cpp","Void SNGraphicsContext::Clear",cpp,15,11,2.7
"C:\Users\shinj\OneDrive\ドキュメント\Creation\ソフト開発\WindowsProject\20_SNFramework\25_Graphics\Component\SNGraphicsContext.cpp","Void SNGraphicsContext::ColorMatrixEffect",cpp,25,19,3.5
"C:\Users\shinj\OneDrive\ドキュメント\Creation\ソフト開発\WindowsProject\20_SNFramework\25_Graphics\Component\SNGraphicsContext.cpp","Void SNGraphicsContext::CreateDIBFromBitmap",cpp,68,45,13.3
"C:\Users\shinj\OneDrive\ドキュメント\Creation\ソフト開発\WindowsProject\20_SNFramework\25_Graphics\Component\SNGraphicsContext.cpp","Void SNGraphicsContext::CreateBitmapFromDIB",cpp,35,25,12.6
"C:\Users\shinj\OneDrive\ドキュメント\Creation\ソフト開発\WindowsProject\20_SNFramework\25_Graphics\Component\SNGraphicsContext.cpp","Void SNGraphicsContext::CreateColorMatrix",cpp,15,9,14.1
"C:\Users\shinj\OneDrive\ドキュメント\Creation\ソフト開発\WindowsProject\20_SNFramework\25_Graphics\Component\SNGraphicsContext.h","モジュール外",h,63,30,19.7
"C:\Users\shinj\OneDrive\ドキュメント\Creation\ソフト開発\WindowsProject\20_SNFramework\25_Graphics\Component\SNScaling.cpp","モジュール外",cpp,4,3,0.0
"C:\Users\shinj\OneDrive\ドキュメント\Creation\ソフト開発\WindowsProject\20_SNFramework\25_Graphics\Component\SNScaling.cpp","Void SNScaling::LetterBox",cpp,29,18,13.2
"C:\Users\shinj\OneDrive\ドキュメント\Creation\ソフト開発\WindowsProject\20_SNFramework\25_Graphics\Component\SNScaling.cpp","Void SNScaling::Fit",cpp,29,18,12.8
"C:\Users\shinj\OneDrive\ドキュメント\Creation\ソフト開発\WindowsProject\20_SNFramework\25_Graphics\Component\SNScaling.cpp","Void SNScaling::FitV",cpp,19,14,3.6
"C:\Users\shinj\OneDrive\ドキュメント\Creation\ソフト開発\WindowsProject\20_SNFramework\25_Graphics\Component\SNScaling.cpp","Void SNScaling::FitH",cpp,18,14,3.6
"C:\Users\shinj\OneDrive\ドキュメント\Creation\ソフト開発\WindowsProject\20_SNFramework\25_Graphics\Component\SNScaling.h","モジュール外",h,15,10,0.0
"C:\Users\shinj\OneDrive\ドキュメント\Creation\ソフト開発\WindowsProject\20_SNFramework\25_Graphics\Core\SNBMCharTable.h","モジュール外",h,28,23,2.3
"C:\Users\shinj\OneDrive\ドキュメント\Creation\ソフト開発\WindowsProject\20_SNFramework\25_Graphics\Core\SNBMCharTable.h","inline BMChar SNCharToBMChar",h,361,353,0.5
"C:\Users\shinj\OneDrive\ドキュメント\Creation\ソフト開発\WindowsProject\20_SNFramework\25_Graphics\Core\SND3DShaderPS.h","モジュール外",h,2478,2425,0.0
"C:\Users\shinj\OneDrive\ドキュメント\Creation\ソフト開発\WindowsProject\20_SNFramework\25_Graphics\Core\SND3DShaderVS.h","モジュール外",h,2835,2777,0.0
"C:\Users\shinj\OneDrive\ドキュメント\Creation\ソフト開発\WindowsProject\20_SNFramework\25_Graphics\Core\SNGraphics.cpp","モジュール外",cpp,17,10,20.9
"C:\Users\shinj\OneDrive\ドキュメント\Creation\ソフト開発\WindowsProject\20_SNFramework\25_Graphics\Core\SNGraphics.cpp","Void SNGraphics::Initialize",cpp,8,4,30.8
"C:\Users\shinj\OneDrive\ドキュメント\Creation\ソフト開発\WindowsProject\20_SNFramework\25_Graphics\Core\SNGraphics.cpp","Void SNGraphics::Startup",cpp,20,12,15.4
"C:\Users\shinj\OneDrive\ドキュメント\Creation\ソフト開発\WindowsProject\20_SNFramework\25_Graphics\Core\SNGraphics.cpp","Void SNGraphics::Run",cpp,6,4,13.7
"C:\Users\shinj\OneDrive\ドキュメント\Creation\ソフト開発\WindowsProject\20_SNFramework\25_Graphics\Core\SNGraphics.cpp","Void SNGraphics::BeforeTerminate",cpp,12,7,19.8
"C:\Users\shinj\OneDrive\ドキュメント\Creation\ソフト開発\WindowsProject\20_SNFramework\25_Graphics\Core\SNGraphics.cpp","Void SNGraphics::Terminate",cpp,6,4,12.2
"C:\Users\shinj\OneDrive\ドキュメント\Creation\ソフト開発\WindowsProject\20_SNFramework\25_Graphics\Core\SNGraphics.cpp","Void SNGraphics::Update",cpp,27,12,29.8
"C:\Users\shinj\OneDrive\ドキュメント\Creation\ソフト開発\WindowsProject\20_SNFramework\25_Graphics\Core\SNGraphics.cpp","Void SNGraphics::FlipSurface",cpp,8,5,18.7
"C:\Users\shinj\OneDrive\ドキュメント\Creation\ソフト開発\WindowsProject\20_SNFramework\25_Graphics\Core\SNGraphics.cpp","Void SNGraphics::UpdateDrawRect",cpp,13,8,4.9
"C:\Users\shinj\OneDrive\ドキュメント\Creation\ソフト開発\WindowsProject\20_SNFramework\25_Graphics\Core\SNGraphics.cpp","Void SNGraphics::DeviceRestore",cpp,12,8,30.3
"C:\Users\shinj\OneDrive\ドキュメント\Creation\ソフト開発\WindowsProject\20_SNFramework\25_Graphics\Core\SNGraphics.cpp","Boolean SNGraphics::ClientToSurface",cpp,45,31,23.9
"C:\Users\shinj\OneDrive\ドキュメント\Creation\ソフト開発\WindowsProject\20_SNFramework\25_Graphics\Core\SNGraphics.cpp","Boolean SNGraphics::IsFullScreen",cpp,6,4,15.3
"C:\Users\shinj\OneDrive\ドキュメント\Creation\ソフト開発\WindowsProject\20_SNFramework\25_Graphics\Core\SNGraphics.cpp","SNGraphicsContext* SNGraphics::GetContext",cpp,14,9,9.9
"C:\Users\shinj\OneDrive\ドキュメント\Creation\ソフト開発\WindowsProject\20_SNFramework\25_Graphics\Core\SNGraphics.cpp","Void SNGraphics::ReleaseContext",cpp,9,6,12.3
"C:\Users\shinj\OneDrive\ドキュメント\Creation\ソフト開発\WindowsProject\20_SNFramework\25_Graphics\Core\SNGraphics.cpp","Void SNGraphics::LoadStartupResource",cpp,16,10,25.6
"C:\Users\shinj\OneDrive\ドキュメント\Creation\ソフト開発\WindowsProject\20_SNFramework\25_Graphics\Core\SNGraphics.cpp","Void SNGraphics::LoadSystemResource",cpp,10,6,13.0
"C:\Users\shinj\OneDrive\ドキュメント\Creation\ソフト開発\WindowsProject\20_SNFramework\25_Graphics\Core\SNGraphics.cpp","Boolean SNGraphics::IsSystemResourceLoaded",cpp,6,4,20.1
"C:\Users\shinj\OneDrive\ドキュメント\Creation\ソフト開発\WindowsProject\20_SNFramework\25_Graphics\Core\SNGraphics.cpp","Void SNGraphics::UnloadSystemResource",cpp,7,5,18.5
"C:\Users\shinj\OneDrive\ドキュメント\Creation\ソフト開発\WindowsProject\20_SNFramework\25_Graphics\Core\SNGraphics.cpp","Void SNGraphics::LoadAppResource",cpp,7,5,16.7
"C:\Users\shinj\OneDrive\ドキュメント\Creation\ソフト開発\WindowsProject\20_SNFramework\25_Graphics\Core\SNGraphics.cpp","Boolean SNGraphics::IsAppResourceLoaded",cpp,6,4,20.2
"C:\Users\shinj\OneDrive\ドキュメント\Creation\ソフト開発\WindowsProject\20_SNFramework\25_Graphics\Core\SNGraphics.cpp","Void SNGraphics::UnloadAppResource",cpp,7,5,18.6
"C:\Users\shinj\OneDrive\ドキュメント\Creation\ソフト開発\WindowsProject\20_SNFramework\25_Graphics\Core\SNGraphics.cpp","Void SNGraphics::LoadResource",cpp,11,9,0.0
"C:\Users\shinj\OneDrive\ドキュメント\Creation\ソフト開発\WindowsProject\20_SNFramework\25_Graphics\Core\SNGraphics.cpp","Boolean SNGraphics::IsResourceLoaded",cpp,12,10,0.0
"C:\Users\shinj\OneDrive\ドキュメント\Creation\ソフト開発\WindowsProject\20_SNFramework\25_Graphics\Core\SNGraphics.cpp","Void SNGraphics::UnloadResource",cpp,11,9,0.0
"C:\Users\shinj\OneDrive\ドキュメント\Creation\ソフト開発\WindowsProject\20_SNFramework\25_Graphics\Core\SNGraphics.h","モジュール外",h,88,34,36.0
"C:\Users\shinj\OneDrive\ドキュメント\Creation\ソフト開発\WindowsProject\20_SNFramework\25_Graphics\Core\SNGraphicsDevice.cpp","モジュール外",cpp,27,23,0.0
"C:\Users\shinj\OneDrive\ドキュメント\Creation\ソフト開発\WindowsProject\20_SNFramework\25_Graphics\Core\SNGraphicsDevice.cpp","Void SNGraphicsDevice::Initialize",cpp,20,14,5.3
"C:\Users\shinj\OneDrive\ドキュメント\Creation\ソフト開発\WindowsProject\20_SNFramework\25_Graphics\Core\SNGraphicsDevice.cpp","Void SNGraphicsDevice::CreateDevice",cpp,21,17,7.2
"C:\Users\shinj\OneDrive\ドキュメント\Creation\ソフト開発\WindowsProject\20_SNFramework\25_Graphics\Core\SNGraphicsDevice.cpp","Void SNGraphicsDevice::CreateSwapChain",cpp,32,25,3.7
"C:\Users\shinj\OneDrive\ドキュメント\Creation\ソフト開発\WindowsProject\20_SNFramework\25_Graphics\Core\SNGraphicsDevice.cpp","Void SNGraphicsDevice::CreateRTV",cpp,16,12,2.3
"C:\Users\shinj\OneDrive\ドキュメント\Creation\ソフト開発\WindowsProject\20_SNFramework\25_Graphics\Core\SNGraphicsDevice.cpp","Void SNGraphicsDevice::CreateD2DFactory",cpp,15,12,0.0
"C:\Users\shinj\OneDrive\ドキュメント\Creation\ソフト開発\WindowsProject\20_SNFramework\25_Graphics\Core\SNGraphicsDevice.cpp","Void SNGraphicsDevice::CreateDeviceContext",cpp,22,14,2.8
"C:\Users\shinj\OneDrive\ドキュメント\Creation\ソフト開発\WindowsProject\20_SNFramework\25_Graphics\Core\SNGraphicsDevice.cpp","Void SNGraphicsDevice::CreateSurface",cpp,14,8,12.5
"C:\Users\shinj\OneDrive\ドキュメント\Creation\ソフト開発\WindowsProject\20_SNFramework\25_Graphics\Core\SNGraphicsDevice.cpp","Void SNGraphicsDevice::CreateSRV",cpp,10,6,3.4
"C:\Users\shinj\OneDrive\ドキュメント\Creation\ソフト開発\WindowsProject\20_SNFramework\25_Graphics\Core\SNGraphicsDevice.cpp","Void SNGraphicsDevice::CreateFullscreenQuad",cpp,41,30,9.5
"C:\Users\shinj\OneDrive\ドキュメント\Creation\ソフト開発\WindowsProject\20_SNFramework\25_Graphics\Core\SNGraphicsDevice.cpp","Void SNGraphicsDevice::CreateShaders",cpp,34,28,3.0
"C:\Users\shinj\OneDrive\ドキュメント\Creation\ソフト開発\WindowsProject\20_SNFramework\25_Graphics\Core\SNGraphicsDevice.cpp","Void SNGraphicsDevice::CreateSampler",cpp,26,20,2.2
"C:\Users\shinj\OneDrive\ドキュメント\Creation\ソフト開発\WindowsProject\20_SNFramework\25_Graphics\Core\SNGraphicsDevice.cpp","Void SNGraphicsDevice::Terminate",cpp,19,14,4.6
"C:\Users\shinj\OneDrive\ドキュメント\Creation\ソフト開発\WindowsProject\20_SNFramework\25_Graphics\Core\SNGraphicsDevice.cpp","Void SNGraphicsDevice::ReleaseDevice",cpp,16,14,0.0
"C:\Users\shinj\OneDrive\ドキュメント\Creation\ソフト開発\WindowsProject\20_SNFramework\25_Graphics\Core\SNGraphicsDevice.cpp","Void SNGraphicsDevice::ReleaseSwapChain",cpp,10,9,0.0
"C:\Users\shinj\OneDrive\ドキュメント\Creation\ソフト開発\WindowsProject\20_SNFramework\25_Graphics\Core\SNGraphicsDevice.cpp","Void SNGraphicsDevice::ReleaseRTV",cpp,10,9,0.0
"C:\Users\shinj\OneDrive\ドキュメント\Creation\ソフト開発\WindowsProject\20_SNFramework\25_Graphics\Core\SNGraphicsDevice.cpp","Void SNGraphicsDevice::ReleaseFactory",cpp,11,9,0.0
"C:\Users\shinj\OneDrive\ドキュメント\Creation\ソフト開発\WindowsProject\20_SNFramework\25_Graphics\Core\SNGraphicsDevice.cpp","Void SNGraphicsDevice::ReleaseDeviceContext",cpp,12,9,0.0
"C:\Users\shinj\OneDrive\ドキュメント\Creation\ソフト開発\WindowsProject\20_SNFramework\25_Graphics\Core\SNGraphicsDevice.cpp","Void SNGraphicsDevice::ReleaseSurface",cpp,6,5,0.0
"C:\Users\shinj\OneDrive\ドキュメント\Creation\ソフト開発\WindowsProject\20_SNFramework\25_Graphics\Core\SNGraphicsDevice.cpp","Void SNGraphicsDevice::ReleaseSRV",cpp,10,9,0.0
"C:\Users\shinj\OneDrive\ドキュメント\Creation\ソフト開発\WindowsProject\20_SNFramework\25_Graphics\Core\SNGraphicsDevice.cpp","Void SNGraphicsDevice::ReleaseFullscreenQuad",cpp,10,9,0.0
"C:\Users\shinj\OneDrive\ドキュメント\Creation\ソフト開発\WindowsProject\20_SNFramework\25_Graphics\Core\SNGraphicsDevice.cpp","Void SNGraphicsDevice::ReleaseShaders",cpp,22,19,0.0
"C:\Users\shinj\OneDrive\ドキュメント\Creation\ソフト開発\WindowsProject\20_SNFramework\25_Graphics\Core\SNGraphicsDevice.cpp","Void SNGraphicsDevice::ReleaseSampler",cpp,10,9,0.0
"C:\Users\shinj\OneDrive\ドキュメント\Creation\ソフト開発\WindowsProject\20_SNFramework\25_Graphics\Core\SNGraphicsDevice.cpp","Void SNGraphicsDevice::Restore",cpp,17,8,26.8
"C:\Users\shinj\OneDrive\ドキュメント\Creation\ソフト開発\WindowsProject\20_SNFramework\25_Graphics\Core\SNGraphicsDevice.cpp","Void SNGraphicsDevice::ClearState",cpp,8,6,0.0
"C:\Users\shinj\OneDrive\ドキュメント\Creation\ソフト開発\WindowsProject\20_SNFramework\25_Graphics\Core\SNGraphicsDevice.cpp","Void SNGraphicsDevice::Flip",cpp,65,39,12.9
"C:\Users\shinj\OneDrive\ドキュメント\Creation\ソフト開発\WindowsProject\20_SNFramework\25_Graphics\Core\SNGraphicsDevice.cpp","Void SNGraphicsDevice::SetFullScreen",cpp,20,14,9.5
"C:\Users\shinj\OneDrive\ドキュメント\Creation\ソフト開発\WindowsProject\20_SNFramework\25_Graphics\Core\SNGraphicsDevice.cpp","Void SNGraphicsDevice::ResizeBuffer",cpp,13,9,14.9
"C:\Users\shinj\OneDrive\ドキュメント\Creation\ソフト開発\WindowsProject\20_SNFramework\25_Graphics\Core\SNGraphicsDevice.cpp","Void SNGraphicsDevice::GetWindowSize",cpp,11,8,15.1
"C:\Users\shinj\OneDrive\ドキュメント\Creation\ソフト開発\WindowsProject\20_SNFramework\25_Graphics\Core\SNGraphicsDevice.h","モジュール外",h,116,53,23.1
"C:\Users\shinj\OneDrive\ドキュメント\Creation\ソフト開発\WindowsProject\20_SNFramework\25_Graphics\Core\SNGraphicsResManager.cpp","モジュール外",cpp,18,8,20.3
"C:\Users\shinj\OneDrive\ドキュメント\Creation\ソフト開発\WindowsProject\20_SNFramework\25_Graphics\Core\SNGraphicsResManager.cpp","Void SNGraphicsResManager::Initialize",cpp,27,20,3.9
"C:\Users\shinj\OneDrive\ドキュメント\Creation\ソフト開発\WindowsProject\20_SNFramework\25_Graphics\Core\SNGraphicsResManager.cpp","Void SNGraphicsResManager::Terminate",cpp,23,16,8.7
"C:\Users\shinj\OneDrive\ドキュメント\Creation\ソフト開発\WindowsProject\20_SNFramework\25_Graphics\Core\SNGraphicsResManager.cpp","Void SNGraphicsResManager::Update",cpp,5,4,0.0
"C:\Users\shinj\OneDrive\ドキュメント\Creation\ソフト開発\WindowsProject\20_SNFramework\25_Graphics\Core\SNGraphicsResManager.cpp","Void SNGraphicsResManager::AccessGet",cpp,7,5,23.6
"C:\Users\shinj\OneDrive\ドキュメント\Creation\ソフト開発\WindowsProject\20_SNFramework\25_Graphics\Core\SNGraphicsResManager.cpp","Void SNGraphicsResManager::AccessRelease",cpp,8,5,22.2
"C:\Users\shinj\OneDrive\ドキュメント\Creation\ソフト開発\WindowsProject\20_SNFramework\25_Graphics\Core\SNGraphicsResManager.cpp","SNBitmap* SNGraphicsResManager::GetResource",cpp,12,9,0.0
"C:\Users\shinj\OneDrive\ドキュメント\Creation\ソフト開発\WindowsProject\20_SNFramework\25_Graphics\Core\SNGraphicsResManager.cpp","Boolean SNGraphicsResManager::IsLoaded",cpp,6,4,12.7
"C:\Users\shinj\OneDrive\ドキュメント\Creation\ソフト開発\WindowsProject\20_SNFramework\25_Graphics\Core\SNGraphicsResManager.cpp","SNGraphicsResMngState SNGraphicsResManager::StateMachine",cpp,28,23,2.7
"C:\Users\shinj\OneDrive\ドキュメント\Creation\ソフト開発\WindowsProject\20_SNFramework\25_Graphics\Core\SNGraphicsResManager.cpp","Void SNGraphicsResManager::StateMachineResUnload",cpp,37,25,19.7
"C:\Users\shinj\OneDrive\ドキュメント\Creation\ソフト開発\WindowsProject\20_SNFramework\25_Graphics\Core\SNGraphicsResManager.cpp","Void SNGraphicsResManager::StateMachineResLoading",cpp,23,17,2.9
"C:\Users\shinj\OneDrive\ドキュメント\Creation\ソフト開発\WindowsProject\20_SNFramework\25_Graphics\Core\SNGraphicsResManager.cpp","Void SNGraphicsResManager::StateMachineResLoaded",cpp,31,24,9.4
"C:\Users\shinj\OneDrive\ドキュメント\Creation\ソフト開発\WindowsProject\20_SNFramework\25_Graphics\Core\SNGraphicsResManager.cpp","Void SNGraphicsResManager::StateMachineResUnloading",cpp,33,25,14.2
"C:\Users\shinj\OneDrive\ドキュメント\Creation\ソフト開発\WindowsProject\20_SNFramework\25_Graphics\Core\SNGraphicsResManager.cpp","Void SNGraphicsResManager::StateMachinePhaseProc",cpp,56,43,21.2
"C:\Users\shinj\OneDrive\ドキュメント\Creation\ソフト開発\WindowsProject\20_SNFramework\25_Graphics\Core\SNGraphicsResManager.h","モジュール外",h,85,57,9.5
"C:\Users\shinj\OneDrive\ドキュメント\Creation\ソフト開発\WindowsProject\20_SNFramework\26_AudioVideo\Core\SNAudioVideo.cpp","モジュール外",cpp,4,1,43.1
"C:\Users\shinj\OneDrive\ドキュメント\Creation\ソフト開発\WindowsProject\20_SNFramework\26_AudioVideo\Core\SNAudioVideo.cpp","Void SNAudioVideo::Initialize",cpp,7,4,19.1
"C:\Users\shinj\OneDrive\ドキュメント\Creation\ソフト開発\WindowsProject\20_SNFramework\26_AudioVideo\Core\SNAudioVideo.cpp","Void SNAudioVideo::Startup",cpp,8,4,16.9
"C:\Users\shinj\OneDrive\ドキュメント\Creation\ソフト開発\WindowsProject\20_SNFramework\26_AudioVideo\Core\SNAudioVideo.cpp","Void SNAudioVideo::Run",cpp,6,4,13.2
"C:\Users\shinj\OneDrive\ドキュメント\Creation\ソフト開発\WindowsProject\20_SNFramework\26_AudioVideo\Core\SNAudioVideo.cpp","Void SNAudioVideo::BeforeTerminate",cpp,8,4,17.3
"C:\Users\shinj\OneDrive\ドキュメント\Creation\ソフト開発\WindowsProject\20_SNFramework\26_AudioVideo\Core\SNAudioVideo.cpp","Void SNAudioVideo::Terminate",cpp,7,4,11.4
"C:\Users\shinj\OneDrive\ドキュメント\Creation\ソフト開発\WindowsProject\20_SNFramework\26_AudioVideo\Core\SNAudioVideo.h","モジュール外",h,23,11,23.3
"C:\Users\shinj\OneDrive\ドキュメント\Creation\ソフト開発\WindowsProject\20_SNFramework\26_AudioVideo\Core\SNSoundThread.cpp","モジュール外",cpp,2,1,0.0
"C:\Users\shinj\OneDrive\ドキュメント\Creation\ソフト開発\WindowsProject\20_SNFramework\26_AudioVideo\Core\SNSoundThread.h","モジュール外",h,11,7,12.4
"C:\Users\shinj\OneDrive\ドキュメント\Creation\ソフト開発\WindowsProject\20_SNFramework\27_Codec\Component\SNDIB.cpp","モジュール外",cpp,7,4,9.7
"C:\Users\shinj\OneDrive\ドキュメント\Creation\ソフト開発\WindowsProject\20_SNFramework\27_Codec\Component\SNDIB.cpp","SNDIB::SNDIB",cpp,9,7,13.0
"C:\Users\shinj\OneDrive\ドキュメント\Creation\ソフト開発\WindowsProject\20_SNFramework\27_Codec\Component\SNDIB.cpp","SNDIB::~SNDIB",cpp,8,5,20.8
"C:\Users\shinj\OneDrive\ドキュメント\Creation\ソフト開発\WindowsProject\20_SNFramework\27_Codec\Component\SNDIB.cpp","Void SNDIB::CreateDIB",cpp,29,22,1.3
"C:\Users\shinj\OneDrive\ドキュメント\Creation\ソフト開発\WindowsProject\20_SNFramework\27_Codec\Component\SNDIB.cpp","Void SNDIB::DeleteDIB",cpp,15,11,4.4
"C:\Users\shinj\OneDrive\ドキュメント\Creation\ソフト開発\WindowsProject\20_SNFramework\27_Codec\Component\SNDIB.cpp","Handle SNDIB::GetBitmap",cpp,6,4,21.0
"C:\Users\shinj\OneDrive\ドキュメント\Creation\ソフト開発\WindowsProject\20_SNFramework\27_Codec\Component\SNDIB.cpp","SNDIBPixel* SNDIB::GetPixel",cpp,11,7,6.8
"C:\Users\shinj\OneDrive\ドキュメント\Creation\ソフト開発\WindowsProject\20_SNFramework\27_Codec\Component\SNDIB.cpp","Void SNDIB::ReleasePixel",cpp,6,4,16.8
"C:\Users\shinj\OneDrive\ドキュメント\Creation\ソフト開発\WindowsProject\20_SNFramework\27_Codec\Component\SNDIB.cpp","Void SNDIB::GetSize",cpp,7,4,15.4
"C:\Users\shinj\OneDrive\ドキュメント\Creation\ソフト開発\WindowsProject\20_SNFramework\27_Codec\Component\SNDIB.cpp","Void SNDIB::Decode",cpp,9,6,39.6
"C:\Users\shinj\OneDrive\ドキュメント\Creation\ソフト開発\WindowsProject\20_SNFramework\27_Codec\Component\SNDIB.cpp","Void SNDIB::Encode",cpp,9,6,37.0
"C:\Users\shinj\OneDrive\ドキュメント\Creation\ソフト開発\WindowsProject\20_SNFramework\27_Codec\Component\SNDIB.cpp","SNImageCodecResult SNDIB::OnOperationImageDecode",cpp,6,5,0.0
"C:\Users\shinj\OneDrive\ドキュメント\Creation\ソフト開発\WindowsProject\20_SNFramework\27_Codec\Component\SNDIB.cpp","SNImageCodecResult SNDIB::OnOperationImageEncode",cpp,5,5,0.0
"C:\Users\shinj\OneDrive\ドキュメント\Creation\ソフト開発\WindowsProject\20_SNFramework\27_Codec\Component\SNDIB.h","モジュール外",h,55,27,31.1
"C:\Users\shinj\OneDrive\ドキュメント\Creation\ソフト開発\WindowsProject\20_SNFramework\27_Codec\Core\SNCodec.cpp","モジュール外",cpp,3,2,0.0
"C:\Users\shinj\OneDrive\ドキュメント\Creation\ソフト開発\WindowsProject\20_SNFramework\27_Codec\Core\SNCodec.cpp","Void SNCodec::Initialize",cpp,6,4,21.3
"C:\Users\shinj\OneDrive\ドキュメント\Creation\ソフト開発\WindowsProject\20_SNFramework\27_Codec\Core\SNCodec.cpp","Void SNCodec::Startup",cpp,8,5,12.5
"C:\Users\shinj\OneDrive\ドキュメント\Creation\ソフト開発\WindowsProject\20_SNFramework\27_Codec\Core\SNCodec.cpp","Void SNCodec::Run",cpp,6,4,14.5
"C:\Users\shinj\OneDrive\ドキュメント\Creation\ソフト開発\WindowsProject\20_SNFramework\27_Codec\Core\SNCodec.cpp","Void SNCodec::BeforeTerminate",cpp,8,5,13.4
"C:\Users\shinj\OneDrive\ドキュメント\Creation\ソフト開発\WindowsProject\20_SNFramework\27_Codec\Core\SNCodec.cpp","Void SNCodec::Terminate",cpp,7,4,12.5
"C:\Users\shinj\OneDrive\ドキュメント\Creation\ソフト開発\WindowsProject\20_SNFramework\27_Codec\Core\SNCodec.h","モジュール外",h,22,11,17.5
"C:\Users\shinj\OneDrive\ドキュメント\Creation\ソフト開発\WindowsProject\20_SNFramework\27_Codec\Core\SNImageCodec.cpp","モジュール外",cpp,15,11,16.0
"C:\Users\shinj\OneDrive\ドキュメント\Creation\ソフト開発\WindowsProject\20_SNFramework\27_Codec\Core\SNImageCodec.cpp","Void SNImageCodec::Initialize",cpp,11,8,0.0
"C:\Users\shinj\OneDrive\ドキュメント\Creation\ソフト開発\WindowsProject\20_SNFramework\27_Codec\Core\SNImageCodec.cpp","Void SNImageCodec::CreateWIC",cpp,14,12,0.0
"C:\Users\shinj\OneDrive\ドキュメント\Creation\ソフト開発\WindowsProject\20_SNFramework\27_Codec\Core\SNImageCodec.cpp","Void SNImageCodec::CreateThread",cpp,9,7,0.0
"C:\Users\shinj\OneDrive\ドキュメント\Creation\ソフト開発\WindowsProject\20_SNFramework\27_Codec\Core\SNImageCodec.cpp","Void SNImageCodec::Terminate",cpp,8,6,0.0
"C:\Users\shinj\OneDrive\ドキュメント\Creation\ソフト開発\WindowsProject\20_SNFramework\27_Codec\Core\SNImageCodec.cpp","Void SNImageCodec::ReleaseWIC",cpp,11,9,0.0
"C:\Users\shinj\OneDrive\ドキュメント\Creation\ソフト開発\WindowsProject\20_SNFramework\27_Codec\Core\SNImageCodec.cpp","Void SNImageCodec::ReleaseThread",cpp,17,11,12.8
"C:\Users\shinj\OneDrive\ドキュメント\Creation\ソフト開発\WindowsProject\20_SNFramework\27_Codec\Core\SNImageCodec.cpp","Void SNImageCodec::UserMain",cpp,28,18,32.6
"C:\Users\shinj\OneDrive\ドキュメント\Creation\ソフト開発\WindowsProject\20_SNFramework\27_Codec\Core\SNImageCodec.cpp","Void SNImageCodec::Request",cpp,19,13,14.7
"C:\Users\shinj\OneDrive\ドキュメント\Creation\ソフト開発\WindowsProject\20_SNFramework\27_Codec\Core\SNImageCodec.cpp","SNImageCodecAccessor* SNImageCodec::GetRequest",cpp,22,15,15.4
"C:\Users\shinj\OneDrive\ドキュメント\Creation\ソフト開発\WindowsProject\20_SNFramework\27_Codec\Core\SNImageCodec.cpp","Void SNImageCodec::Decode",cpp,60,42,10.0
"C:\Users\shinj\OneDrive\ドキュメント\Creation\ソフト開発\WindowsProject\20_SNFramework\27_Codec\Core\SNImageCodec.cpp","Void SNImageCodec::Encode",cpp,74,46,13.4
"C:\Users\shinj\OneDrive\ドキュメント\Creation\ソフト開発\WindowsProject\20_SNFramework\27_Codec\Core\SNImageCodec.h","モジュール外",h,49,30,16.8
"C:\Users\shinj\OneDrive\ドキュメント\Creation\ソフト開発\WindowsProject\20_SNFramework\27_Codec\Core\SNImageCodecAccessor.cpp","モジュール外",cpp,7,5,0.0
"C:\Users\shinj\OneDrive\ドキュメント\Creation\ソフト開発\WindowsProject\20_SNFramework\27_Codec\Core\SNImageCodecAccessor.cpp","SNImageCodecAccessor::SNImageCodecAccessor",cpp,8,6,0.0
"C:\Users\shinj\OneDrive\ドキュメント\Creation\ソフト開発\WindowsProject\20_SNFramework\27_Codec\Core\SNImageCodecAccessor.cpp","SNImageCodecAccessor::~SNImageCodecAccessor",cpp,5,4,0.0
"C:\Users\shinj\OneDrive\ドキュメント\Creation\ソフト開発\WindowsProject\20_SNFramework\27_Codec\Core\SNImageCodecAccessor.cpp","SNImageCodecResult SNImageCodecAccessor::GetResult",cpp,5,4,0.0
"C:\Users\shinj\OneDrive\ドキュメント\Creation\ソフト開発\WindowsProject\20_SNFramework\27_Codec\Core\SNImageCodecAccessor.cpp","Void SNImageCodecAccessor::Callback",cpp,24,18,7.5
"C:\Users\shinj\OneDrive\ドキュメント\Creation\ソフト開発\WindowsProject\20_SNFramework\27_Codec\Core\SNImageCodecAccessor.cpp","Void SNImageCodecAccessor::RequestOperation",cpp,14,7,28.4
"C:\Users\shinj\OneDrive\ドキュメント\Creation\ソフト開発\WindowsProject\20_SNFramework\27_Codec\Core\SNImageCodecAccessor.cpp","Void SNImageCodecAccessor::ClearOperation",cpp,9,6,19.3
"C:\Users\shinj\OneDrive\ドキュメント\Creation\ソフト開発\WindowsProject\20_SNFramework\27_Codec\Core\SNImageCodecAccessor.cpp","Void SNImageCodecAccessor::WaitForOperationComplete",cpp,15,10,5.9
"C:\Users\shinj\OneDrive\ドキュメント\Creation\ソフト開発\WindowsProject\20_SNFramework\27_Codec\Core\SNImageCodecAccessor.cpp","Boolean SNImageCodecAccessor::IsOperationComplete",cpp,5,4,0.0
"C:\Users\shinj\OneDrive\ドキュメント\Creation\ソフト開発\WindowsProject\20_SNFramework\27_Codec\Core\SNImageCodecAccessor.cpp","SNImageCodecResult SNImageCodecAccessor::OnOperationImageDecode",cpp,5,4,0.0
"C:\Users\shinj\OneDrive\ドキュメント\Creation\ソフト開発\WindowsProject\20_SNFramework\27_Codec\Core\SNImageCodecAccessor.cpp","SNImageCodecResult SNImageCodecAccessor::OnOperationImageEncode",cpp,4,4,0.0
"C:\Users\shinj\OneDrive\ドキュメント\Creation\ソフト開発\WindowsProject\20_SNFramework\27_Codec\Core\SNImageCodecAccessor.h","モジュール外",h,38,20,15.0
"C:\Users\shinj\OneDrive\ドキュメント\Creation\ソフト開発\WindowsProject\20_SNFramework\27_Codec\Core\SNImageCodecThread.cpp","モジュール外",cpp,3,2,0.0
"C:\Users\shinj\OneDrive\ドキュメント\Creation\ソフト開発\WindowsProject\20_SNFramework\27_Codec\Core\SNImageCodecThread.cpp","Void SNImageCodecThread::UserMain",cpp,6,5,0.0
"C:\Users\shinj\OneDrive\ドキュメント\Creation\ソフト開発\WindowsProject\20_SNFramework\27_Codec\Core\SNImageCodecThread.h","モジュール外",h,10,8,10.3
"C:\Users\shinj\OneDrive\ドキュメント\Creation\ソフト開発\WindowsProject\20_SNFramework\51_Application\Component\SNFocusGroup.cpp","モジュール外",cpp,4,3,0.0
"C:\Users\shinj\OneDrive\ドキュメント\Creation\ソフト開発\WindowsProject\20_SNFramework\51_Application\Component\SNFocusGroup.cpp","SNFocusGroup::SNFocusGroup",cpp,16,11,0.0
"C:\Users\shinj\OneDrive\ドキュメント\Creation\ソフト開発\WindowsProject\20_SNFramework\51_Application\Component\SNFocusGroup.cpp","SNFocusGroup::~SNFocusGroup",cpp,5,4,0.0
"C:\Users\shinj\OneDrive\ドキュメント\Creation\ソフト開発\WindowsProject\20_SNFramework\51_Application\Component\SNFocusGroup.cpp","Void SNFocusGroup::StartRegister",cpp,12,9,0.0
"C:\Users\shinj\OneDrive\ドキュメント\Creation\ソフト開発\WindowsProject\20_SNFramework\51_Application\Component\SNFocusGroup.cpp","Void SNFocusGroup::RegisterButton",cpp,14,10,0.0
"C:\Users\shinj\OneDrive\ドキュメント\Creation\ソフト開発\WindowsProject\20_SNFramework\51_Application\Component\SNFocusGroup.cpp","Void SNFocusGroup::EndRegister",cpp,7,5,0.0
"C:\Users\shinj\OneDrive\ドキュメント\Creation\ソフト開発\WindowsProject\20_SNFramework\51_Application\Component\SNFocusGroup.cpp","Void SNFocusGroup::ClearButton",cpp,15,10,0.0
"C:\Users\shinj\OneDrive\ドキュメント\Creation\ソフト開発\WindowsProject\20_SNFramework\51_Application\Component\SNFocusGroup.cpp","Void SNFocusGroup::Entry",cpp,33,26,0.0
"C:\Users\shinj\OneDrive\ドキュメント\Creation\ソフト開発\WindowsProject\20_SNFramework\51_Application\Component\SNFocusGroup.cpp","Void SNFocusGroup::Exit",cpp,19,14,7.4
"C:\Users\shinj\OneDrive\ドキュメント\Creation\ソフト開発\WindowsProject\20_SNFramework\51_Application\Component\SNFocusGroup.cpp","Void SNFocusGroup::MovePoint",cpp,14,11,9.1
"C:\Users\shinj\OneDrive\ドキュメント\Creation\ソフト開発\WindowsProject\20_SNFramework\51_Application\Component\SNFocusGroup.cpp","Void SNFocusGroup::DirUp",cpp,14,11,0.0
"C:\Users\shinj\OneDrive\ドキュメント\Creation\ソフト開発\WindowsProject\20_SNFramework\51_Application\Component\SNFocusGroup.cpp","Void SNFocusGroup::DirDown",cpp,14,11,0.0
"C:\Users\shinj\OneDrive\ドキュメント\Creation\ソフト開発\WindowsProject\20_SNFramework\51_Application\Component\SNFocusGroup.cpp","Void SNFocusGroup::DirLeft",cpp,15,12,0.0
"C:\Users\shinj\OneDrive\ドキュメント\Creation\ソフト開発\WindowsProject\20_SNFramework\51_Application\Component\SNFocusGroup.cpp","Void SNFocusGroup::DirRight",cpp,15,11,0.0
"C:\Users\shinj\OneDrive\ドキュメント\Creation\ソフト開発\WindowsProject\20_SNFramework\51_Application\Component\SNFocusGroup.cpp","Void SNFocusGroup::SelectNearest",cpp,45,34,9.1
"C:\Users\shinj\OneDrive\ドキュメント\Creation\ソフト開発\WindowsProject\20_SNFramework\51_Application\Component\SNFocusGroup.cpp","Void SNFocusGroup::SelectHover",cpp,33,26,9.8
"C:\Users\shinj\OneDrive\ドキュメント\Creation\ソフト開発\WindowsProject\20_SNFramework\51_Application\Component\SNFocusGroup.cpp","Void SNFocusGroup::SelectDir",cpp,74,56,9.0
"C:\Users\shinj\OneDrive\ドキュメント\Creation\ソフト開発\WindowsProject\20_SNFramework\51_Application\Component\SNFocusGroup.cpp","Void SNFocusGroup::FocusChange",cpp,24,19,7.1
"C:\Users\shinj\OneDrive\ドキュメント\Creation\ソフト開発\WindowsProject\20_SNFramework\51_Application\Component\SNFocusGroup.cpp","Boolean SNFocusGroup::JudgeActDecide",cpp,12,9,0.0
"C:\Users\shinj\OneDrive\ドキュメント\Creation\ソフト開発\WindowsProject\20_SNFramework\51_Application\Component\SNFocusGroup.cpp","Boolean SNFocusGroup::JudgeActCancel",cpp,5,4,0.0
"C:\Users\shinj\OneDrive\ドキュメント\Creation\ソフト開発\WindowsProject\20_SNFramework\51_Application\Component\SNFocusGroup.cpp","Void SNFocusGroup::PushDecide",cpp,10,8,0.0
"C:\Users\shinj\OneDrive\ドキュメント\Creation\ソフト開発\WindowsProject\20_SNFramework\51_Application\Component\SNFocusGroup.cpp","Void SNFocusGroup::PushCancel",cpp,7,5,0.0
"C:\Users\shinj\OneDrive\ドキュメント\Creation\ソフト開発\WindowsProject\20_SNFramework\51_Application\Component\SNFocusGroup.cpp","Void SNFocusGroup::PushPointingDecide",cpp,14,11,7.6
"C:\Users\shinj\OneDrive\ドキュメント\Creation\ソフト開発\WindowsProject\20_SNFramework\51_Application\Component\SNFocusGroup.cpp","Void SNFocusGroup::ReleaseDecide",cpp,14,12,0.0
"C:\Users\shinj\OneDrive\ドキュメント\Creation\ソフト開発\WindowsProject\20_SNFramework\51_Application\Component\SNFocusGroup.cpp","Void SNFocusGroup::ClearButtonSts",cpp,7,6,0.0
"C:\Users\shinj\OneDrive\ドキュメント\Creation\ソフト開発\WindowsProject\20_SNFramework\51_Application\Component\SNFocusGroup.h","モジュール外",h,54,42,6.4
"C:\Users\shinj\OneDrive\ドキュメント\Creation\ソフト開発\WindowsProject\20_SNFramework\51_Application\Component\SNLayerController.cpp","モジュール外",cpp,5,2,23.7
"C:\Users\shinj\OneDrive\ドキュメント\Creation\ソフト開発\WindowsProject\20_SNFramework\51_Application\Component\SNLayerController.cpp","SNLayerController::SNLayerController",cpp,6,4,22.0
"C:\Users\shinj\OneDrive\ドキュメント\Creation\ソフト開発\WindowsProject\20_SNFramework\51_Application\Component\SNLayerController.cpp","SNLayerController::~SNLayerController",cpp,6,4,19.7
"C:\Users\shinj\OneDrive\ドキュメント\Creation\ソフト開発\WindowsProject\20_SNFramework\51_Application\Component\SNLayerController.cpp","Void SNLayerController::Initialize",cpp,21,12,19.4
"C:\Users\shinj\OneDrive\ドキュメント\Creation\ソフト開発\WindowsProject\20_SNFramework\51_Application\Component\SNLayerController.cpp","Void SNLayerController::Terminate",cpp,21,12,19.8
"C:\Users\shinj\OneDrive\ドキュメント\Creation\ソフト開発\WindowsProject\20_SNFramework\51_Application\Component\SNLayerController.cpp","Void SNLayerController::Entry",cpp,21,12,18.8
"C:\Users\shinj\OneDrive\ドキュメント\Creation\ソフト開発\WindowsProject\20_SNFramework\51_Application\Component\SNLayerController.cpp","Void SNLayerController::Exit",cpp,21,12,18.5
"C:\Users\shinj\OneDrive\ドキュメント\Creation\ソフト開発\WindowsProject\20_SNFramework\51_Application\Component\SNLayerController.cpp","Void SNLayerController::Step",cpp,26,15,22.1
"C:\Users\shinj\OneDrive\ドキュメント\Creation\ソフト開発\WindowsProject\20_SNFramework\51_Application\Component\SNLayerController.cpp","Void SNLayerController::PreDraw",cpp,30,18,20.6
"C:\Users\shinj\OneDrive\ドキュメント\Creation\ソフト開発\WindowsProject\20_SNFramework\51_Application\Component\SNLayerController.cpp","Void SNLayerController::Draw",cpp,29,18,19.5
"C:\Users\shinj\OneDrive\ドキュメント\Creation\ソフト開発\WindowsProject\20_SNFramework\51_Application\Component\SNLayerController.cpp","Void SNLayerController::PostDraw",cpp,27,18,20.8
"C:\Users\shinj\OneDrive\ドキュメント\Creation\ソフト開発\WindowsProject\20_SNFramework\51_Application\Component\SNLayerController.h","モジュール外",h,42,18,22.2
"C:\Users\shinj\OneDrive\ドキュメント\Creation\ソフト開発\WindowsProject\20_SNFramework\51_Application\Component\SNPhase.cpp","モジュール外",cpp,3,1,0.0
"C:\Users\shinj\OneDrive\ドキュメント\Creation\ソフト開発\WindowsProject\20_SNFramework\51_Application\Component\SNPhase.cpp","SNPhaseResult SNPhase::SequenceCallback",cpp,13,9,11.5
"C:\Users\shinj\OneDrive\ドキュメント\Creation\ソフト開発\WindowsProject\20_SNFramework\51_Application\Component\SNPhase.cpp","SNPhase::SNPhase",cpp,5,4,0.0
"C:\Users\shinj\OneDrive\ドキュメント\Creation\ソフト開発\WindowsProject\20_SNFramework\51_Application\Component\SNPhase.cpp","SNPhase::~SNPhase",cpp,5,4,0.0
"C:\Users\shinj\OneDrive\ドキュメント\Creation\ソフト開発\WindowsProject\20_SNFramework\51_Application\Component\SNPhase.cpp","SNPhaseResult SNPhase::PhaseStepFunc",cpp,5,4,20.6
"C:\Users\shinj\OneDrive\ドキュメント\Creation\ソフト開発\WindowsProject\20_SNFramework\51_Application\Component\SNPhase.h","モジュール外",h,20,12,26.7
"C:\Users\shinj\OneDrive\ドキュメント\Creation\ソフト開発\WindowsProject\20_SNFramework\51_Application\Component\SNScene.cpp","モジュール外",cpp,5,2,22.7
"C:\Users\shinj\OneDrive\ドキュメント\Creation\ソフト開発\WindowsProject\20_SNFramework\51_Application\Component\SNScene.cpp","SNScene::SNScene",cpp,17,15,4.6
"C:\Users\shinj\OneDrive\ドキュメント\Creation\ソフト開発\WindowsProject\20_SNFramework\51_Application\Component\SNScene.cpp","SNScene::~SNScene",cpp,6,4,26.7
"C:\Users\shinj\OneDrive\ドキュメント\Creation\ソフト開発\WindowsProject\20_SNFramework\51_Application\Component\SNScene.cpp","Void SNScene::Initialize",cpp,7,5,12.0
"C:\Users\shinj\OneDrive\ドキュメント\Creation\ソフト開発\WindowsProject\20_SNFramework\51_Application\Component\SNScene.cpp","Void SNScene::Terminate",cpp,7,5,14.6
"C:\Users\shinj\OneDrive\ドキュメント\Creation\ソフト開発\WindowsProject\20_SNFramework\51_Application\Component\SNScene.cpp","Void SNScene::Entry",cpp,7,5,12.5
"C:\Users\shinj\OneDrive\ドキュメント\Creation\ソフト開発\WindowsProject\20_SNFramework\51_Application\Component\SNScene.cpp","Void SNScene::Exit",cpp,7,5,11.4
"C:\Users\shinj\OneDrive\ドキュメント\Creation\ソフト開発\WindowsProject\20_SNFramework\51_Application\Component\SNScene.cpp","Void SNScene::Step",cpp,36,24,21.6
"C:\Users\shinj\OneDrive\ドキュメント\Creation\ソフト開発\WindowsProject\20_SNFramework\51_Application\Component\SNScene.cpp","Boolean SNScene::EventProc",cpp,40,33,7.8
"C:\Users\shinj\OneDrive\ドキュメント\Creation\ソフト開発\WindowsProject\20_SNFramework\51_Application\Component\SNScene.cpp","Void SNScene::PreDraw",cpp,16,11,38.0
"C:\Users\shinj\OneDrive\ドキュメント\Creation\ソフト開発\WindowsProject\20_SNFramework\51_Application\Component\SNScene.cpp","Void SNScene::Draw",cpp,16,11,27.6
"C:\Users\shinj\OneDrive\ドキュメント\Creation\ソフト開発\WindowsProject\20_SNFramework\51_Application\Component\SNScene.cpp","Void SNScene::PostDraw",cpp,17,11,37.2
"C:\Users\shinj\OneDrive\ドキュメント\Creation\ソフト開発\WindowsProject\20_SNFramework\51_Application\Component\SNScene.cpp","Void SNScene::SetRect",cpp,12,8,18.1
"C:\Users\shinj\OneDrive\ドキュメント\Creation\ソフト開発\WindowsProject\20_SNFramework\51_Application\Component\SNScene.cpp","SNRect SNScene::GetRect",cpp,14,9,22.5
"C:\Users\shinj\OneDrive\ドキュメント\Creation\ソフト開発\WindowsProject\20_SNFramework\51_Application\Component\SNScene.cpp","Void SNScene::SetParentRect",cpp,12,8,17.2
"C:\Users\shinj\OneDrive\ドキュメント\Creation\ソフト開発\WindowsProject\20_SNFramework\51_Application\Component\SNScene.cpp","SNRect SNScene::GetParentRect",cpp,14,9,18.4
"C:\Users\shinj\OneDrive\ドキュメント\Creation\ソフト開発\WindowsProject\20_SNFramework\51_Application\Component\SNScene.cpp","Void SNScene::Move",cpp,11,6,31.9
"C:\Users\shinj\OneDrive\ドキュメント\Creation\ソフト開発\WindowsProject\20_SNFramework\51_Application\Component\SNScene.cpp","Void SNScene::Resize",cpp,9,6,10.0
"C:\Users\shinj\OneDrive\ドキュメント\Creation\ソフト開発\WindowsProject\20_SNFramework\51_Application\Component\SNScene.cpp","Void SNScene::Centering",cpp,18,12,15.1
"C:\Users\shinj\OneDrive\ドキュメント\Creation\ソフト開発\WindowsProject\20_SNFramework\51_Application\Component\SNScene.cpp","SNRect SNScene::CalcGlobalRect",cpp,14,9,17.4
"C:\Users\shinj\OneDrive\ドキュメント\Creation\ソフト開発\WindowsProject\20_SNFramework\51_Application\Component\SNScene.cpp","Void SNScene::OnInitialize",cpp,6,4,15.2
"C:\Users\shinj\OneDrive\ドキュメント\Creation\ソフト開発\WindowsProject\20_SNFramework\51_Application\Component\SNScene.cpp","Void SNScene::OnTerminate",cpp,6,4,18.3
"C:\Users\shinj\OneDrive\ドキュメント\Creation\ソフト開発\WindowsProject\20_SNFramework\51_Application\Component\SNScene.cpp","Void SNScene::OnEntry",cpp,6,4,15.0
"C:\Users\shinj\OneDrive\ドキュメント\Creation\ソフト開発\WindowsProject\20_SNFramework\51_Application\Component\SNScene.cpp","Void SNScene::OnExit",cpp,6,4,13.7
"C:\Users\shinj\OneDrive\ドキュメント\Creation\ソフト開発\WindowsProject\20_SNFramework\51_Application\Component\SNScene.cpp","Boolean SNScene::OnNotifyEvent",cpp,6,4,17.8
"C:\Users\shinj\OneDrive\ドキュメント\Creation\ソフト開発\WindowsProject\20_SNFramework\51_Application\Component\SNScene.cpp","Boolean SNScene::OnInternalEvent",cpp,6,4,19.4
"C:\Users\shinj\OneDrive\ドキュメント\Creation\ソフト開発\WindowsProject\20_SNFramework\51_Application\Component\SNScene.cpp","Boolean SNScene::OnGamePad1",cpp,6,4,20.8
"C:\Users\shinj\OneDrive\ドキュメント\Creation\ソフト開発\WindowsProject\20_SNFramework\51_Application\Component\SNScene.cpp","Boolean SNScene::OnGamePad2",cpp,6,4,20.8
"C:\Users\shinj\OneDrive\ドキュメント\Creation\ソフト開発\WindowsProject\20_SNFramework\51_Application\Component\SNScene.cpp","Boolean SNScene::OnPointingDevice",cpp,6,4,28.4
"C:\Users\shinj\OneDrive\ドキュメント\Creation\ソフト開発\WindowsProject\20_SNFramework\51_Application\Component\SNScene.cpp","Boolean SNScene::OnDirectKeyboard",cpp,6,4,26.7
"C:\Users\shinj\OneDrive\ドキュメント\Creation\ソフト開発\WindowsProject\20_SNFramework\51_Application\Component\SNScene.cpp","Boolean SNScene::OnDirectGamePad",cpp,7,4,28.0
"C:\Users\shinj\OneDrive\ドキュメント\Creation\ソフト開発\WindowsProject\20_SNFramework\51_Application\Component\SNScene.cpp","Void SNScene::OnCycle",cpp,6,4,26.2
"C:\Users\shinj\OneDrive\ドキュメント\Creation\ソフト開発\WindowsProject\20_SNFramework\51_Application\Component\SNScene.cpp","Void SNScene::OnPreDraw",cpp,6,4,21.6
"C:\Users\shinj\OneDrive\ドキュメント\Creation\ソフト開発\WindowsProject\20_SNFramework\51_Application\Component\SNScene.cpp","Void SNScene::OnDraw",cpp,6,4,14.2
"C:\Users\shinj\OneDrive\ドキュメント\Creation\ソフト開発\WindowsProject\20_SNFramework\51_Application\Component\SNScene.cpp","Void SNScene::OnPostDraw",cpp,6,4,21.3
"C:\Users\shinj\OneDrive\ドキュメント\Creation\ソフト開発\WindowsProject\20_SNFramework\51_Application\Component\SNScene.h","モジュール外",h,132,51,40.2
"C:\Users\shinj\OneDrive\ドキュメント\Creation\ソフト開発\WindowsProject\20_SNFramework\51_Application\Component\SNSceneController.cpp","モジュール外",cpp,5,2,23.7
"C:\Users\shinj\OneDrive\ドキュメント\Creation\ソフト開発\WindowsProject\20_SNFramework\51_Application\Component\SNSceneController.cpp","SNSceneController::SNSceneController",cpp,6,4,22.0
"C:\Users\shinj\OneDrive\ドキュメント\Creation\ソフト開発\WindowsProject\20_SNFramework\51_Application\Component\SNSceneController.cpp","SNSceneController::~SNSceneController",cpp,8,5,15.3
"C:\Users\shinj\OneDrive\ドキュメント\Creation\ソフト開発\WindowsProject\20_SNFramework\51_Application\Component\SNSceneController.cpp","Void SNSceneController::SetSceneNum",cpp,9,5,19.8
"C:\Users\shinj\OneDrive\ドキュメント\Creation\ソフト開発\WindowsProject\20_SNFramework\51_Application\Component\SNSceneController.cpp","Void SNSceneController::SetScene",cpp,15,7,19.7
"C:\Users\shinj\OneDrive\ドキュメント\Creation\ソフト開発\WindowsProject\20_SNFramework\51_Application\Component\SNSceneController.cpp","Void SNSceneController::SetRect",cpp,15,9,19.7
"C:\Users\shinj\OneDrive\ドキュメント\Creation\ソフト開発\WindowsProject\20_SNFramework\51_Application\Component\SNSceneController.cpp","SNRect SNSceneController::GetRect",cpp,14,9,21.6
"C:\Users\shinj\OneDrive\ドキュメント\Creation\ソフト開発\WindowsProject\20_SNFramework\51_Application\Component\SNSceneController.cpp","Void SNSceneController::SetParentRect",cpp,15,9,18.9
"C:\Users\shinj\OneDrive\ドキュメント\Creation\ソフト開発\WindowsProject\20_SNFramework\51_Application\Component\SNSceneController.cpp","SNRect SNSceneController::GetParentRect",cpp,14,9,17.8
"C:\Users\shinj\OneDrive\ドキュメント\Creation\ソフト開発\WindowsProject\20_SNFramework\51_Application\Component\SNSceneController.cpp","Void SNSceneController::Move",cpp,14,7,30.6
"C:\Users\shinj\OneDrive\ドキュメント\Creation\ソフト開発\WindowsProject\20_SNFramework\51_Application\Component\SNSceneController.cpp","Void SNSceneController::Resize",cpp,13,7,21.1
"C:\Users\shinj\OneDrive\ドキュメント\Creation\ソフト開発\WindowsProject\20_SNFramework\51_Application\Component\SNSceneController.cpp","Void SNSceneController::Centering",cpp,21,13,16.9
"C:\Users\shinj\OneDrive\ドキュメント\Creation\ソフト開発\WindowsProject\20_SNFramework\51_Application\Component\SNSceneController.cpp","SNRect SNSceneController::CalcGlobalRect",cpp,14,9,16.8
"C:\Users\shinj\OneDrive\ドキュメント\Creation\ソフト開発\WindowsProject\20_SNFramework\51_Application\Component\SNSceneController.cpp","Void SNSceneController::UpdateChildRect",cpp,17,12,10.1
"C:\Users\shinj\OneDrive\ドキュメント\Creation\ソフト開発\WindowsProject\20_SNFramework\51_Application\Component\SNSceneController.h","モジュール外",h,57,23,29.9
"C:\Users\shinj\OneDrive\ドキュメント\Creation\ソフト開発\WindowsProject\20_SNFramework\51_Application\Component\SNSequencer.cpp","モジュール外",cpp,4,3,0.0
"C:\Users\shinj\OneDrive\ドキュメント\Creation\ソフト開発\WindowsProject\20_SNFramework\51_Application\Component\SNSequencer.cpp","SNSequencer::SNSequencer",cpp,12,10,8.5
"C:\Users\shinj\OneDrive\ドキュメント\Creation\ソフト開発\WindowsProject\20_SNFramework\51_Application\Component\SNSequencer.cpp","SNSequencer::~SNSequencer",cpp,9,6,14.1
"C:\Users\shinj\OneDrive\ドキュメント\Creation\ソフト開発\WindowsProject\20_SNFramework\51_Application\Component\SNSequencer.cpp","Void SNSequencer::Initialize",cpp,27,19,8.1
"C:\Users\shinj\OneDrive\ドキュメント\Creation\ソフト開発\WindowsProject\20_SNFramework\51_Application\Component\SNSequencer.cpp","Void SNSequencer::SetWait",cpp,19,13,4.1
"C:\Users\shinj\OneDrive\ドキュメント\Creation\ソフト開発\WindowsProject\20_SNFramework\51_Application\Component\SNSequencer.cpp","Void SNSequencer::Start",cpp,17,11,9.0
"C:\Users\shinj\OneDrive\ドキュメント\Creation\ソフト開発\WindowsProject\20_SNFramework\51_Application\Component\SNSequencer.cpp","Void SNSequencer::Stop",cpp,11,8,7.2
"C:\Users\shinj\OneDrive\ドキュメント\Creation\ソフト開発\WindowsProject\20_SNFramework\51_Application\Component\SNSequencer.cpp","Void SNSequencer::Step",cpp,56,39,15.4
"C:\Users\shinj\OneDrive\ドキュメント\Creation\ソフト開発\WindowsProject\20_SNFramework\51_Application\Component\SNSequencer.cpp","Void SNSequencer::Clear",cpp,16,11,4.1
"C:\Users\shinj\OneDrive\ドキュメント\Creation\ソフト開発\WindowsProject\20_SNFramework\51_Application\Component\SNSequencer.cpp","Boolean SNSequencer::IsProc",cpp,6,4,13.0
"C:\Users\shinj\OneDrive\ドキュメント\Creation\ソフト開発\WindowsProject\20_SNFramework\51_Application\Component\SNSequencer.cpp","Boolean SNSequencer::IsEnd",cpp,6,4,9.2
"C:\Users\shinj\OneDrive\ドキュメント\Creation\ソフト開発\WindowsProject\20_SNFramework\51_Application\Component\SNSequencer.cpp","Boolean SNSequencer::IsError",cpp,6,4,11.0
"C:\Users\shinj\OneDrive\ドキュメント\Creation\ソフト開発\WindowsProject\20_SNFramework\51_Application\Component\SNSequencer.cpp","Void SNSequencer::OnTimerStart",cpp,6,4,20.7
"C:\Users\shinj\OneDrive\ドキュメント\Creation\ソフト開発\WindowsProject\20_SNFramework\51_Application\Component\SNSequencer.cpp","Void SNSequencer::OnTimerStop",cpp,6,4,24.2
"C:\Users\shinj\OneDrive\ドキュメント\Creation\ソフト開発\WindowsProject\20_SNFramework\51_Application\Component\SNSequencer.cpp","Void SNSequencer::OnTimerRestart",cpp,6,4,25.3
"C:\Users\shinj\OneDrive\ドキュメント\Creation\ソフト開発\WindowsProject\20_SNFramework\51_Application\Component\SNSequencer.cpp","Boolean SNSequencer::IsTimeout",cpp,5,4,24.6
"C:\Users\shinj\OneDrive\ドキュメント\Creation\ソフト開発\WindowsProject\20_SNFramework\51_Application\Component\SNSequencer.h","モジュール外",h,80,43,22.9
"C:\Users\shinj\OneDrive\ドキュメント\Creation\ソフト開発\WindowsProject\20_SNFramework\51_Application\Component\SNStateController.cpp","モジュール外",cpp,10,5,28.6
"C:\Users\shinj\OneDrive\ドキュメント\Creation\ソフト開発\WindowsProject\20_SNFramework\51_Application\Component\SNStateController.cpp","SNStateController::SNStateController",cpp,9,5,27.0
"C:\Users\shinj\OneDrive\ドキュメント\Creation\ソフト開発\WindowsProject\20_SNFramework\51_Application\Component\SNStateController.cpp","SNStateController::~SNStateController",cpp,6,4,19.7
"C:\Users\shinj\OneDrive\ドキュメント\Creation\ソフト開発\WindowsProject\20_SNFramework\51_Application\Component\SNStateController.cpp","Void SNStateController::SetSceneNum",cpp,12,6,35.0
"C:\Users\shinj\OneDrive\ドキュメント\Creation\ソフト開発\WindowsProject\20_SNFramework\51_Application\Component\SNStateController.cpp","Void SNStateController::Initialize",cpp,21,12,21.0
"C:\Users\shinj\OneDrive\ドキュメント\Creation\ソフト開発\WindowsProject\20_SNFramework\51_Application\Component\SNStateController.cpp","Void SNStateController::Terminate",cpp,21,12,21.5
"C:\Users\shinj\OneDrive\ドキュメント\Creation\ソフト開発\WindowsProject\20_SNFramework\51_Application\Component\SNStateController.cpp","Void SNStateController::Entry",cpp,12,6,27.5
"C:\Users\shinj\OneDrive\ドキュメント\Creation\ソフト開発\WindowsProject\20_SNFramework\51_Application\Component\SNStateController.cpp","Void SNStateController::Exit",cpp,12,6,26.8
"C:\Users\shinj\OneDrive\ドキュメント\Creation\ソフト開発\WindowsProject\20_SNFramework\51_Application\Component\SNStateController.cpp","Void SNStateController::Step",cpp,57,33,26.4
"C:\Users\shinj\OneDrive\ドキュメント\Creation\ソフト開発\WindowsProject\20_SNFramework\51_Application\Component\SNStateController.cpp","Void SNStateController::PreDraw",cpp,20,12,30.9
"C:\Users\shinj\OneDrive\ドキュメント\Creation\ソフト開発\WindowsProject\20_SNFramework\51_Application\Component\SNStateController.cpp","Void SNStateController::Draw",cpp,20,12,28.7
"C:\Users\shinj\OneDrive\ドキュメント\Creation\ソフト開発\WindowsProject\20_SNFramework\51_Application\Component\SNStateController.cpp","Void SNStateController::PostDraw",cpp,20,12,30.6
"C:\Users\shinj\OneDrive\ドキュメント\Creation\ソフト開発\WindowsProject\20_SNFramework\51_Application\Component\SNStateController.cpp","Void SNStateController::SetScene",cpp,24,11,42.8
"C:\Users\shinj\OneDrive\ドキュメント\Creation\ソフト開発\WindowsProject\20_SNFramework\51_Application\Component\SNStateController.cpp","Void SNStateController::CompleteSceneSet",cpp,11,6,45.2
"C:\Users\shinj\OneDrive\ドキュメント\Creation\ソフト開発\WindowsProject\20_SNFramework\51_Application\Component\SNStateController.h","モジュール外",h,63,24,38.3
"C:\Users\shinj\OneDrive\ドキュメント\Creation\ソフト開発\WindowsProject\20_SNFramework\51_Application\Component\SNThreadSequencer.cpp","モジュール外",cpp,3,2,0.0
"C:\Users\shinj\OneDrive\ドキュメント\Creation\ソフト開発\WindowsProject\20_SNFramework\51_Application\Component\SNThreadSequencer.cpp","SNThreadSequencer::SNThreadSequencer",cpp,9,6,13.4
"C:\Users\shinj\OneDrive\ドキュメント\Creation\ソフト開発\WindowsProject\20_SNFramework\51_Application\Component\SNThreadSequencer.cpp","SNThreadSequencer::~SNThreadSequencer",cpp,7,4,19.2
"C:\Users\shinj\OneDrive\ドキュメント\Creation\ソフト開発\WindowsProject\20_SNFramework\51_Application\Component\SNThreadSequencer.cpp","Void SNThreadSequencer::OnTimerStart",cpp,10,6,24.2
"C:\Users\shinj\OneDrive\ドキュメント\Creation\ソフト開発\WindowsProject\20_SNFramework\51_Application\Component\SNThreadSequencer.cpp","Void SNThreadSequencer::OnTimerStop",cpp,9,5,35.2
"C:\Users\shinj\OneDrive\ドキュメント\Creation\ソフト開発\WindowsProject\20_SNFramework\51_Application\Component\SNThreadSequencer.cpp","Void SNThreadSequencer::OnTimerRestart",cpp,9,5,31.1
"C:\Users\shinj\OneDrive\ドキュメント\Creation\ソフト開発\WindowsProject\20_SNFramework\51_Application\Component\SNThreadSequencer.cpp","Boolean SNThreadSequencer::IsTimeout",cpp,12,6,23.3
"C:\Users\shinj\OneDrive\ドキュメント\Creation\ソフト開発\WindowsProject\20_SNFramework\51_Application\Component\SNThreadSequencer.cpp","Void SNThreadSequencer::UserMain",cpp,16,10,26.5
"C:\Users\shinj\OneDrive\ドキュメント\Creation\ソフト開発\WindowsProject\20_SNFramework\51_Application\Component\SNThreadSequencer.h","モジュール外",h,35,18,34.9
"C:\Users\shinj\OneDrive\ドキュメント\Creation\ソフト開発\WindowsProject\20_SNFramework\51_Application\Component\SNTimerSequencer.cpp","モジュール外",cpp,3,1,0.0
"C:\Users\shinj\OneDrive\ドキュメント\Creation\ソフト開発\WindowsProject\20_SNFramework\51_Application\Component\SNTimerSequencer.cpp","SNTimerSequencer::SNTimerSequencer",cpp,8,5,16.5
"C:\Users\shinj\OneDrive\ドキュメント\Creation\ソフト開発\WindowsProject\20_SNFramework\51_Application\Component\SNTimerSequencer.cpp","SNTimerSequencer::~SNTimerSequencer",cpp,7,4,19.7
"C:\Users\shinj\OneDrive\ドキュメント\Creation\ソフト開発\WindowsProject\20_SNFramework\51_Application\Component\SNTimerSequencer.cpp","Void SNTimerSequencer::OnTimerStart",cpp,8,5,15.3
"C:\Users\shinj\OneDrive\ドキュメント\Creation\ソフト開発\WindowsProject\20_SNFramework\51_Application\Component\SNTimerSequencer.cpp","Void SNTimerSequencer::OnTimerStop",cpp,8,5,18.0
"C:\Users\shinj\OneDrive\ドキュメント\Creation\ソフト開発\WindowsProject\20_SNFramework\51_Application\Component\SNTimerSequencer.cpp","Void SNTimerSequencer::OnTimerRestart",cpp,8,5,18.6
"C:\Users\shinj\OneDrive\ドキュメント\Creation\ソフト開発\WindowsProject\20_SNFramework\51_Application\Component\SNTimerSequencer.cpp","Boolean SNTimerSequencer::IsTimeout",cpp,5,4,20.2
"C:\Users\shinj\OneDrive\ドキュメント\Creation\ソフト開発\WindowsProject\20_SNFramework\51_Application\Component\SNTimerSequencer.h","モジュール外",h,30,16,26.7
"C:\Users\shinj\OneDrive\ドキュメント\Creation\ソフト開発\WindowsProject\20_SNFramework\51_Application\Component\SNUserAppBase.cpp","モジュール外",cpp,7,2,42.3
"C:\Users\shinj\OneDrive\ドキュメント\Creation\ソフト開発\WindowsProject\20_SNFramework\51_Application\Component\SNUserAppBase.cpp","SNUserAppBase::SNUserAppBase",cpp,8,5,27.0
"C:\Users\shinj\OneDrive\ドキュメント\Creation\ソフト開発\WindowsProject\20_SNFramework\51_Application\Component\SNUserAppBase.cpp","SNUserAppBase::~SNUserAppBase",cpp,5,4,22.7
"C:\Users\shinj\OneDrive\ドキュメント\Creation\ソフト開発\WindowsProject\20_SNFramework\51_Application\Component\SNUserAppBase.h","モジュール外",h,26,13,41.3
"C:\Users\shinj\OneDrive\ドキュメント\Creation\ソフト開発\WindowsProject\20_SNFramework\51_Application\Core\SNApplication.cpp","モジュール外",cpp,39,25,27.6
"C:\Users\shinj\OneDrive\ドキュメント\Creation\ソフト開発\WindowsProject\20_SNFramework\51_Application\Core\SNApplication.cpp","Void SNApplication::Initialize",cpp,18,11,17.8
"C:\Users\shinj\OneDrive\ドキュメント\Creation\ソフト開発\WindowsProject\20_SNFramework\51_Application\Core\SNApplication.cpp","Void SNApplication::Startup",cpp,25,14,28.9
"C:\Users\shinj\OneDrive\ドキュメント\Creation\ソフト開発\WindowsProject\20_SNFramework\51_Application\Core\SNApplication.cpp","Void SNApplication::Run",cpp,9,5,40.2
"C:\Users\shinj\OneDrive\ドキュメント\Creation\ソフト開発\WindowsProject\20_SNFramework\51_Application\Core\SNApplication.cpp","Void SNApplication::BeforeTerminate",cpp,15,7,33.4
"C:\Users\shinj\OneDrive\ドキュメント\Creation\ソフト開発\WindowsProject\20_SNFramework\51_Application\Core\SNApplication.cpp","Void SNApplication::Terminate",cpp,9,5,24.5
"C:\Users\shinj\OneDrive\ドキュメント\Creation\ソフト開発\WindowsProject\20_SNFramework\51_Application\Core\SNApplication.cpp","Boolean SNApplication::GetEventInfo",cpp,6,4,15.4
"C:\Users\shinj\OneDrive\ドキュメント\Creation\ソフト開発\WindowsProject\20_SNFramework\51_Application\Core\SNApplication.cpp","Void SNApplication::NotifyEvent",cpp,8,5,11.6
"C:\Users\shinj\OneDrive\ドキュメント\Creation\ソフト開発\WindowsProject\20_SNFramework\51_Application\Core\SNApplication.cpp","UInt32 SNApplication::GetFPS",cpp,6,4,12.1
"C:\Users\shinj\OneDrive\ドキュメント\Creation\ソフト開発\WindowsProject\20_SNFramework\51_Application\Core\SNApplication.cpp","UInt32 SNApplication::GetProcFPS",cpp,6,4,14.8
"C:\Users\shinj\OneDrive\ドキュメント\Creation\ソフト開発\WindowsProject\20_SNFramework\51_Application\Core\SNApplication.cpp","UInt32 SNApplication::GetSkipFrame",cpp,5,4,0.0
"C:\Users\shinj\OneDrive\ドキュメント\Creation\ソフト開発\WindowsProject\20_SNFramework\51_Application\Core\SNApplication.cpp","UInt32 SNApplication::GetProcTime",cpp,6,4,13.8
"C:\Users\shinj\OneDrive\ドキュメント\Creation\ソフト開発\WindowsProject\20_SNFramework\51_Application\Core\SNApplication.cpp","Void SNApplication::UserMain",cpp,111,55,29.0
"C:\Users\shinj\OneDrive\ドキュメント\Creation\ソフト開発\WindowsProject\20_SNFramework\51_Application\Core\SNApplication.cpp","Void SNApplication::Update",cpp,46,28,36.6
"C:\Users\shinj\OneDrive\ドキュメント\Creation\ソフト開発\WindowsProject\20_SNFramework\51_Application\Core\SNApplication.cpp","Boolean SNApplication::EventResultProc",cpp,19,12,29.7
"C:\Users\shinj\OneDrive\ドキュメント\Creation\ソフト開発\WindowsProject\20_SNFramework\51_Application\Core\SNApplication.h","モジュール外",h,104,49,36.4
"C:\Users\shinj\OneDrive\ドキュメント\Creation\ソフト開発\WindowsProject\20_SNFramework\51_Application\Core\SNApplicationThread.cpp","モジュール外",cpp,3,2,0.0
"C:\Users\shinj\OneDrive\ドキュメント\Creation\ソフト開発\WindowsProject\20_SNFramework\51_Application\Core\SNApplicationThread.cpp","Void SNApplicationThread::UserMain",cpp,6,5,27.9
"C:\Users\shinj\OneDrive\ドキュメント\Creation\ソフト開発\WindowsProject\20_SNFramework\51_Application\Core\SNApplicationThread.h","モジュール外",h,14,8,46.4
"C:\Users\shinj\OneDrive\ドキュメント\Creation\ソフト開発\WindowsProject\20_SNFramework\51_Application\Core\SNEvent.cpp","モジュール外",cpp,13,10,11.6
"C:\Users\shinj\OneDrive\ドキュメント\Creation\ソフト開発\WindowsProject\20_SNFramework\51_Application\Core\SNEvent.cpp","Void SNEvent::Initialize",cpp,24,17,5.2
"C:\Users\shinj\OneDrive\ドキュメント\Creation\ソフト開発\WindowsProject\20_SNFramework\51_Application\Core\SNEvent.cpp","Void SNEvent::Terminate",cpp,6,4,18.9
"C:\Users\shinj\OneDrive\ドキュメント\Creation\ソフト開発\WindowsProject\20_SNFramework\51_Application\Core\SNEvent.cpp","Void SNEvent::Update",cpp,68,46,16.1
"C:\Users\shinj\OneDrive\ドキュメント\Creation\ソフト開発\WindowsProject\20_SNFramework\51_Application\Core\SNEvent.h","モジュール外",h,52,34,43.2
"C:\Users\shinj\OneDrive\ドキュメント\Creation\ソフト開発\WindowsProject\20_SNFramework\51_Application\FrameworkApp\01_DebugApp\SNDebugApp.cpp","モジュール外",cpp,8,5,10.8
"C:\Users\shinj\OneDrive\ドキュメント\Creation\ソフト開発\WindowsProject\20_SNFramework\51_Application\FrameworkApp\01_DebugApp\SNDebugApp.cpp","SNDebugApp::SNDebugApp",cpp,6,4,26.9
"C:\Users\shinj\OneDrive\ドキュメント\Creation\ソフト開発\WindowsProject\20_SNFramework\51_Application\FrameworkApp\01_DebugApp\SNDebugApp.cpp","SNDebugApp::~SNDebugApp",cpp,6,4,24.1
"C:\Users\shinj\OneDrive\ドキュメント\Creation\ソフト開発\WindowsProject\20_SNFramework\51_Application\FrameworkApp\01_DebugApp\SNDebugApp.cpp","Void SNDebugApp::OnInitialize",cpp,38,28,8.7
"C:\Users\shinj\OneDrive\ドキュメント\Creation\ソフト開発\WindowsProject\20_SNFramework\51_Application\FrameworkApp\01_DebugApp\SNDebugApp.cpp","Void SNDebugApp::OnTerminate",cpp,8,5,12.0
"C:\Users\shinj\OneDrive\ドキュメント\Creation\ソフト開発\WindowsProject\20_SNFramework\51_Application\FrameworkApp\01_DebugApp\SNDebugApp.cpp","Void SNDebugApp::OnEntry",cpp,9,6,8.0
"C:\Users\shinj\OneDrive\ドキュメント\Creation\ソフト開発\WindowsProject\20_SNFramework\51_Application\FrameworkApp\01_DebugApp\SNDebugApp.cpp","Void SNDebugApp::OnExit",cpp,8,5,9.0
"C:\Users\shinj\OneDrive\ドキュメント\Creation\ソフト開発\WindowsProject\20_SNFramework\51_Application\FrameworkApp\01_DebugApp\SNDebugApp.cpp","Void SNDebugApp::OnCycle",cpp,42,32,14.2
"C:\Users\shinj\OneDrive\ドキュメント\Creation\ソフト開発\WindowsProject\20_SNFramework\51_Application\FrameworkApp\01_DebugApp\SNDebugApp.cpp","Void SNDebugApp::OnPreDraw",cpp,10,5,13.9
"C:\Users\shinj\OneDrive\ドキュメント\Creation\ソフト開発\WindowsProject\20_SNFramework\51_Application\FrameworkApp\01_DebugApp\SNDebugApp.cpp","Void SNDebugApp::OnDraw",cpp,9,5,10.1
"C:\Users\shinj\OneDrive\ドキュメント\Creation\ソフト開発\WindowsProject\20_SNFramework\51_Application\FrameworkApp\01_DebugApp\SNDebugApp.cpp","Void SNDebugApp::OnPostDraw",cpp,7,5,14.6
"C:\Users\shinj\OneDrive\ドキュメント\Creation\ソフト開発\WindowsProject\20_SNFramework\51_Application\FrameworkApp\01_DebugApp\SNDebugApp.h","モジュール外",h,53,27,25.1
"C:\Users\shinj\OneDrive\ドキュメント\Creation\ソフト開発\WindowsProject\20_SNFramework\51_Application\FrameworkApp\02_OverlapApp\SNFocus.cpp","モジュール外",cpp,10,7,0.0
"C:\Users\shinj\OneDrive\ドキュメント\Creation\ソフト開発\WindowsProject\20_SNFramework\51_Application\FrameworkApp\02_OverlapApp\SNFocus.cpp","Void SNFocus::RegisterSysApp",cpp,12,9,13.7
"C:\Users\shinj\OneDrive\ドキュメント\Creation\ソフト開発\WindowsProject\20_SNFramework\51_Application\FrameworkApp\02_OverlapApp\SNFocus.cpp","Void SNFocus::ReleaseSysApp",cpp,12,8,24.4
"C:\Users\shinj\OneDrive\ドキュメント\Creation\ソフト開発\WindowsProject\20_SNFramework\51_Application\FrameworkApp\02_OverlapApp\SNFocus.cpp","Void SNFocus::OnCycle",cpp,10,8,0.0
"C:\Users\shinj\OneDrive\ドキュメント\Creation\ソフト開発\WindowsProject\20_SNFramework\51_Application\FrameworkApp\02_OverlapApp\SNFocus.cpp","Void SNFocus::RegisterUserApp",cpp,12,9,13.4
"C:\Users\shinj\OneDrive\ドキュメント\Creation\ソフト開発\WindowsProject\20_SNFramework\51_Application\FrameworkApp\02_OverlapApp\SNFocus.cpp","Void SNFocus::ReleaseUserApp",cpp,13,8,23.5
"C:\Users\shinj\OneDrive\ドキュメント\Creation\ソフト開発\WindowsProject\20_SNFramework\51_Application\FrameworkApp\02_OverlapApp\SNFocus.cpp","SNFocus::SNFocus",cpp,7,6,0.0
"C:\Users\shinj\OneDrive\ドキュメント\Creation\ソフト開発\WindowsProject\20_SNFramework\51_Application\FrameworkApp\02_OverlapApp\SNFocus.cpp","SNFocus::~SNFocus",cpp,5,4,0.0
"C:\Users\shinj\OneDrive\ドキュメント\Creation\ソフト開発\WindowsProject\20_SNFramework\51_Application\FrameworkApp\02_OverlapApp\SNFocus.cpp","SNFocusGroup* SNFocus::GetTarget",cpp,16,13,0.0
"C:\Users\shinj\OneDrive\ドキュメント\Creation\ソフト開発\WindowsProject\20_SNFramework\51_Application\FrameworkApp\02_OverlapApp\SNFocus.cpp","Boolean SNFocus::OnPointingDevice",cpp,32,26,0.0
"C:\Users\shinj\OneDrive\ドキュメント\Creation\ソフト開発\WindowsProject\20_SNFramework\51_Application\FrameworkApp\02_OverlapApp\SNFocus.cpp","Boolean SNFocus::OnGamePad1",cpp,60,48,0.0
"C:\Users\shinj\OneDrive\ドキュメント\Creation\ソフト開発\WindowsProject\20_SNFramework\51_Application\FrameworkApp\02_OverlapApp\SNFocus.cpp","SNPhaseResult SNFocus::PhaseStepFunc",cpp,21,18,0.0
"C:\Users\shinj\OneDrive\ドキュメント\Creation\ソフト開発\WindowsProject\20_SNFramework\51_Application\FrameworkApp\02_OverlapApp\SNFocus.h","モジュール外",h,40,25,6.4
"C:\Users\shinj\OneDrive\ドキュメント\Creation\ソフト開発\WindowsProject\20_SNFramework\51_Application\FrameworkApp\02_OverlapApp\SNMute.cpp","モジュール外",cpp,14,12,0.0
"C:\Users\shinj\OneDrive\ドキュメント\Creation\ソフト開発\WindowsProject\20_SNFramework\51_Application\FrameworkApp\02_OverlapApp\SNMute.cpp","Void SNMute::SetMute",cpp,11,7,20.9
"C:\Users\shinj\OneDrive\ドキュメント\Creation\ソフト開発\WindowsProject\20_SNFramework\51_Application\FrameworkApp\02_OverlapApp\SNMute.cpp","SNMuteSts SNMute::GetMuteSts",cpp,5,4,0.0
"C:\Users\shinj\OneDrive\ドキュメント\Creation\ソフト開発\WindowsProject\20_SNFramework\51_Application\FrameworkApp\02_OverlapApp\SNMute.cpp","SNMute::SNMute",cpp,6,4,30.9
"C:\Users\shinj\OneDrive\ドキュメント\Creation\ソフト開発\WindowsProject\20_SNFramework\51_Application\FrameworkApp\02_OverlapApp\SNMute.cpp","SNMute::~SNMute",cpp,6,4,27.7
"C:\Users\shinj\OneDrive\ドキュメント\Creation\ソフト開発\WindowsProject\20_SNFramework\51_Application\FrameworkApp\02_OverlapApp\SNMute.cpp","Void SNMute::OnInitialize",cpp,21,13,12.7
"C:\Users\shinj\OneDrive\ドキュメント\Creation\ソフト開発\WindowsProject\20_SNFramework\51_Application\FrameworkApp\02_OverlapApp\SNMute.cpp","Void SNMute::OnTerminate",cpp,8,5,12.5
"C:\Users\shinj\OneDrive\ドキュメント\Creation\ソフト開発\WindowsProject\20_SNFramework\51_Application\FrameworkApp\02_OverlapApp\SNMute.cpp","Void SNMute::OnEntry",cpp,15,11,16.2
"C:\Users\shinj\OneDrive\ドキュメント\Creation\ソフト開発\WindowsProject\20_SNFramework\51_Application\FrameworkApp\02_OverlapApp\SNMute.cpp","Void SNMute::OnExit",cpp,6,4,13.7
"C:\Users\shinj\OneDrive\ドキュメント\Creation\ソフト開発\WindowsProject\20_SNFramework\51_Application\FrameworkApp\02_OverlapApp\SNMute.cpp","Void SNMute::OnCycle",cpp,64,49,7.9
"C:\Users\shinj\OneDrive\ドキュメント\Creation\ソフト開発\WindowsProject\20_SNFramework\51_Application\FrameworkApp\02_OverlapApp\SNMute.cpp","Void SNMute::OnDraw",cpp,23,17,2.2
"C:\Users\shinj\OneDrive\ドキュメント\Creation\ソフト開発\WindowsProject\20_SNFramework\51_Application\FrameworkApp\02_OverlapApp\SNMute.h","モジュール外",h,64,35,16.4
"C:\Users\shinj\OneDrive\ドキュメント\Creation\ソフト開発\WindowsProject\20_SNFramework\51_Application\FrameworkApp\02_OverlapApp\SNOverlapApp.cpp","モジュール外",cpp,3,1,0.0
"C:\Users\shinj\OneDrive\ドキュメント\Creation\ソフト開発\WindowsProject\20_SNFramework\51_Application\FrameworkApp\02_OverlapApp\SNOverlapApp.cpp","SNOverlapApp::SNOverlapApp",cpp,9,7,0.0
"C:\Users\shinj\OneDrive\ドキュメント\Creation\ソフト開発\WindowsProject\20_SNFramework\51_Application\FrameworkApp\02_OverlapApp\SNOverlapApp.cpp","SNOverlapApp::~SNOverlapApp",cpp,4,4,0.0
"C:\Users\shinj\OneDrive\ドキュメント\Creation\ソフト開発\WindowsProject\20_SNFramework\51_Application\FrameworkApp\02_OverlapApp\SNOverlapApp.h","モジュール外",h,19,13,0.0
"C:\Users\shinj\OneDrive\ドキュメント\Creation\ソフト開発\WindowsProject\20_SNFramework\51_Application\FrameworkApp\03_SysApp\SNSysApp.cpp","モジュール外",cpp,3,1,0.0
"C:\Users\shinj\OneDrive\ドキュメント\Creation\ソフト開発\WindowsProject\20_SNFramework\51_Application\FrameworkApp\03_SysApp\SNSysApp.cpp","SNSysApp::SNSysApp",cpp,13,10,17.0
"C:\Users\shinj\OneDrive\ドキュメント\Creation\ソフト開発\WindowsProject\20_SNFramework\51_Application\FrameworkApp\03_SysApp\SNSysApp.cpp","SNSysApp::~SNSysApp",cpp,4,4,0.0
"C:\Users\shinj\OneDrive\ドキュメント\Creation\ソフト開発\WindowsProject\20_SNFramework\51_Application\FrameworkApp\03_SysApp\SNSysApp.h","モジュール外",h,26,19,5.1
"C:\Users\shinj\OneDrive\ドキュメント\Creation\ソフト開発\WindowsProject\20_SNFramework\51_Application\FrameworkApp\03_SysApp\SNSysAppError.cpp","モジュール外",cpp,10,7,0.0
"C:\Users\shinj\OneDrive\ドキュメント\Creation\ソフト開発\WindowsProject\20_SNFramework\51_Application\FrameworkApp\03_SysApp\SNSysAppError.cpp","SNSysAppError::SNSysAppError",cpp,6,4,24.6
"C:\Users\shinj\OneDrive\ドキュメント\Creation\ソフト開発\WindowsProject\20_SNFramework\51_Application\FrameworkApp\03_SysApp\SNSysAppError.cpp","SNSysAppError::~SNSysAppError",cpp,6,4,22.0
"C:\Users\shinj\OneDrive\ドキュメント\Creation\ソフト開発\WindowsProject\20_SNFramework\51_Application\FrameworkApp\03_SysApp\SNSysAppError.cpp","Void SNSysAppError::OnInitialize",cpp,20,11,15.0
"C:\Users\shinj\OneDrive\ドキュメント\Creation\ソフト開発\WindowsProject\20_SNFramework\51_Application\FrameworkApp\03_SysApp\SNSysAppError.cpp","Void SNSysAppError::OnTerminate",cpp,6,4,16.6
"C:\Users\shinj\OneDrive\ドキュメント\Creation\ソフト開発\WindowsProject\20_SNFramework\51_Application\FrameworkApp\03_SysApp\SNSysAppError.cpp","Void SNSysAppError::OnEntry",cpp,9,5,23.8
"C:\Users\shinj\OneDrive\ドキュメント\Creation\ソフト開発\WindowsProject\20_SNFramework\51_Application\FrameworkApp\03_SysApp\SNSysAppError.cpp","Void SNSysAppError::OnExit",cpp,11,6,33.1
"C:\Users\shinj\OneDrive\ドキュメント\Creation\ソフト開発\WindowsProject\20_SNFramework\51_Application\FrameworkApp\03_SysApp\SNSysAppError.cpp","Void SNSysAppError::OnCycle",cpp,14,9,16.8
"C:\Users\shinj\OneDrive\ドキュメント\Creation\ソフト開発\WindowsProject\20_SNFramework\51_Application\FrameworkApp\03_SysApp\SNSysAppError.cpp","SNPhaseResult SNSysAppError::PhaseStepFunc",cpp,14,11,0.0
"C:\Users\shinj\OneDrive\ドキュメント\Creation\ソフト開発\WindowsProject\20_SNFramework\51_Application\FrameworkApp\03_SysApp\SNSysAppError.cpp","SNPhaseResult SNSysAppError::SeqDisp",cpp,14,11,9.5
"C:\Users\shinj\OneDrive\ドキュメント\Creation\ソフト開発\WindowsProject\20_SNFramework\51_Application\FrameworkApp\03_SysApp\SNSysAppError.h","モジュール外",h,51,25,21.8
"C:\Users\shinj\OneDrive\ドキュメント\Creation\ソフト開発\WindowsProject\20_SNFramework\51_Application\FrameworkApp\03_SysApp\SNSysAppIdle.cpp","モジュール外",cpp,7,6,0.0
"C:\Users\shinj\OneDrive\ドキュメント\Creation\ソフト開発\WindowsProject\20_SNFramework\51_Application\FrameworkApp\03_SysApp\SNSysAppIdle.cpp","SNSysAppIdle::SNSysAppIdle",cpp,6,4,25.3
"C:\Users\shinj\OneDrive\ドキュメント\Creation\ソフト開発\WindowsProject\20_SNFramework\51_Application\FrameworkApp\03_SysApp\SNSysAppIdle.cpp","SNSysAppIdle::~SNSysAppIdle",cpp,6,4,22.7
"C:\Users\shinj\OneDrive\ドキュメント\Creation\ソフト開発\WindowsProject\20_SNFramework\51_Application\FrameworkApp\03_SysApp\SNSysAppIdle.cpp","Void SNSysAppIdle::OnEntry",cpp,10,8,5.6
"C:\Users\shinj\OneDrive\ドキュメント\Creation\ソフト開発\WindowsProject\20_SNFramework\51_Application\FrameworkApp\03_SysApp\SNSysAppIdle.cpp","Boolean SNSysAppIdle::OnNotifyEvent",cpp,14,9,21.5
"C:\Users\shinj\OneDrive\ドキュメント\Creation\ソフト開発\WindowsProject\20_SNFramework\51_Application\FrameworkApp\03_SysApp\SNSysAppIdle.h","モジュール外",h,32,14,23.7
"C:\Users\shinj\OneDrive\ドキュメント\Creation\ソフト開発\WindowsProject\20_SNFramework\51_Application\FrameworkApp\03_SysApp\SNSysAppLoading.cpp","モジュール外",cpp,10,7,14.8
"C:\Users\shinj\OneDrive\ドキュメント\Creation\ソフト開発\WindowsProject\20_SNFramework\51_Application\FrameworkApp\03_SysApp\SNSysAppLoading.cpp","SNSysAppLoading::SNSysAppLoading",cpp,6,4,23.2
"C:\Users\shinj\OneDrive\ドキュメント\Creation\ソフト開発\WindowsProject\20_SNFramework\51_Application\FrameworkApp\03_SysApp\SNSysAppLoading.cpp","SNSysAppLoading::~SNSysAppLoading",cpp,6,4,20.8
"C:\Users\shinj\OneDrive\ドキュメント\Creation\ソフト開発\WindowsProject\20_SNFramework\51_Application\FrameworkApp\03_SysApp\SNSysAppLoading.cpp","Void SNSysAppLoading::OnInitialize",cpp,29,19,13.5
"C:\Users\shinj\OneDrive\ドキュメント\Creation\ソフト開発\WindowsProject\20_SNFramework\51_Application\FrameworkApp\03_SysApp\SNSysAppLoading.cpp","Void SNSysAppLoading::OnTerminate",cpp,6,4,16.1
"C:\Users\shinj\OneDrive\ドキュメント\Creation\ソフト開発\WindowsProject\20_SNFramework\51_Application\FrameworkApp\03_SysApp\SNSysAppLoading.cpp","Void SNSysAppLoading::OnEntry",cpp,16,8,19.1
"C:\Users\shinj\OneDrive\ドキュメント\Creation\ソフト開発\WindowsProject\20_SNFramework\51_Application\FrameworkApp\03_SysApp\SNSysAppLoading.cpp","Void SNSysAppLoading::OnExit",cpp,16,8,32.3
"C:\Users\shinj\OneDrive\ドキュメント\Creation\ソフト開発\WindowsProject\20_SNFramework\51_Application\FrameworkApp\03_SysApp\SNSysAppLoading.cpp","Void SNSysAppLoading::OnCycle",cpp,25,17,17.7
"C:\Users\shinj\OneDrive\ドキュメント\Creation\ソフト開発\WindowsProject\20_SNFramework\51_Application\FrameworkApp\03_SysApp\SNSysAppLoading.cpp","SNPhaseResult SNSysAppLoading::PhaseStepFunc",cpp,18,14,0.0
"C:\Users\shinj\OneDrive\ドキュメント\Creation\ソフト開発\WindowsProject\20_SNFramework\51_Application\FrameworkApp\03_SysApp\SNSysAppLoading.cpp","SNPhaseResult SNSysAppLoading::SeqDisp",cpp,56,44,15.9
"C:\Users\shinj\OneDrive\ドキュメント\Creation\ソフト開発\WindowsProject\20_SNFramework\51_Application\FrameworkApp\03_SysApp\SNSysAppLoading.cpp","SNPhaseResult SNSysAppLoading::SeqResLoad",cpp,33,26,16.2
"C:\Users\shinj\OneDrive\ドキュメント\Creation\ソフト開発\WindowsProject\20_SNFramework\51_Application\FrameworkApp\03_SysApp\SNSysAppLoading.h","モジュール外",h,62,32,21.7
"C:\Users\shinj\OneDrive\ドキュメント\Creation\ソフト開発\WindowsProject\20_SNFramework\51_Application\FrameworkApp\03_SysApp\SNSysAppPreClose.cpp","モジュール外",cpp,8,7,0.0
"C:\Users\shinj\OneDrive\ドキュメント\Creation\ソフト開発\WindowsProject\20_SNFramework\51_Application\FrameworkApp\03_SysApp\SNSysAppPreClose.cpp","SNSysAppPreClose::SNSysAppPreClose",cpp,29,20,3.1
"C:\Users\shinj\OneDrive\ドキュメント\Creation\ソフト開発\WindowsProject\20_SNFramework\51_Application\FrameworkApp\03_SysApp\SNSysAppPreClose.cpp","SNSysAppPreClose::~SNSysAppPreClose",cpp,6,4,20.2
"C:\Users\shinj\OneDrive\ドキュメント\Creation\ソフト開発\WindowsProject\20_SNFramework\51_Application\FrameworkApp\03_SysApp\SNSysAppPreClose.cpp","Void SNSysAppPreClose::OnEntry",cpp,18,11,11.4
"C:\Users\shinj\OneDrive\ドキュメント\Creation\ソフト開発\WindowsProject\20_SNFramework\51_Application\FrameworkApp\03_SysApp\SNSysAppPreClose.cpp","Void SNSysAppPreClose::OnExit",cpp,8,5,0.0
"C:\Users\shinj\OneDrive\ドキュメント\Creation\ソフト開発\WindowsProject\20_SNFramework\51_Application\FrameworkApp\03_SysApp\SNSysAppPreClose.cpp","Void SNSysAppPreClose::OnCycle",cpp,25,17,12.7
"C:\Users\shinj\OneDrive\ドキュメント\Creation\ソフト開発\WindowsProject\20_SNFramework\51_Application\FrameworkApp\03_SysApp\SNSysAppPreClose.h","モジュール外",h,34,20,11.6
"C:\Users\shinj\OneDrive\ドキュメント\Creation\ソフト開発\WindowsProject\20_SNFramework\51_Application\FrameworkApp\03_SysApp\SNSysAppStartup.cpp","モジュール外",cpp,10,7,14.3
"C:\Users\shinj\OneDrive\ドキュメント\Creation\ソフト開発\WindowsProject\20_SNFramework\51_Application\FrameworkApp\03_SysApp\SNSysAppStartup.cpp","SNSysAppStartup::SNSysAppStartup",cpp,6,4,23.2
"C:\Users\shinj\OneDrive\ドキュメント\Creation\ソフト開発\WindowsProject\20_SNFramework\51_Application\FrameworkApp\03_SysApp\SNSysAppStartup.cpp","SNSysAppStartup::~SNSysAppStartup",cpp,6,4,20.8
"C:\Users\shinj\OneDrive\ドキュメント\Creation\ソフト開発\WindowsProject\20_SNFramework\51_Application\FrameworkApp\03_SysApp\SNSysAppStartup.cpp","Void SNSysAppStartup::OnInitialize",cpp,37,26,6.3
"C:\Users\shinj\OneDrive\ドキュメント\Creation\ソフト開発\WindowsProject\20_SNFramework\51_Application\FrameworkApp\03_SysApp\SNSysAppStartup.cpp","Void SNSysAppStartup::OnTerminate",cpp,6,4,16.1
"C:\Users\shinj\OneDrive\ドキュメント\Creation\ソフト開発\WindowsProject\20_SNFramework\51_Application\FrameworkApp\03_SysApp\SNSysAppStartup.cpp","Void SNSysAppStartup::OnEntry",cpp,10,6,18.6
"C:\Users\shinj\OneDrive\ドキュメント\Creation\ソフト開発\WindowsProject\20_SNFramework\51_Application\FrameworkApp\03_SysApp\SNSysAppStartup.cpp","Void SNSysAppStartup::OnExit",cpp,14,9,22.2
"C:\Users\shinj\OneDrive\ドキュメント\Creation\ソフト開発\WindowsProject\20_SNFramework\51_Application\FrameworkApp\03_SysApp\SNSysAppStartup.cpp","Void SNSysAppStartup::OnCycle",cpp,26,18,12.1
"C:\Users\shinj\OneDrive\ドキュメント\Creation\ソフト開発\WindowsProject\20_SNFramework\51_Application\FrameworkApp\03_SysApp\SNSysAppStartup.cpp","SNPhaseResult SNSysAppStartup::PhaseStepFunc",cpp,18,14,0.0
"C:\Users\shinj\OneDrive\ドキュメント\Creation\ソフト開発\WindowsProject\20_SNFramework\51_Application\FrameworkApp\03_SysApp\SNSysAppStartup.cpp","SNPhaseResult SNSysAppStartup::SeqDisp",cpp,78,66,10.5
"C:\Users\shinj\OneDrive\ドキュメント\Creation\ソフト開発\WindowsProject\20_SNFramework\51_Application\FrameworkApp\03_SysApp\SNSysAppStartup.cpp","SNPhaseResult SNSysAppStartup::SeqResLoad",cpp,33,26,15.9
"C:\Users\shinj\OneDrive\ドキュメント\Creation\ソフト開発\WindowsProject\20_SNFramework\51_Application\FrameworkApp\03_SysApp\SNSysAppStartup.h","モジュール外",h,62,33,21.8
"C:\Users\shinj\OneDrive\ドキュメント\Creation\ソフト開発\WindowsProject\20_SNFramework\51_Application\FrameworkApp\04_UserApp\SNUserApp.cpp","モジュール外",cpp,3,2,0.0
"C:\Users\shinj\OneDrive\ドキュメント\Creation\ソフト開発\WindowsProject\20_SNFramework\51_Application\FrameworkApp\04_UserApp\SNUserApp.cpp","SNUserApp::SNUserApp",cpp,7,6,0.0
"C:\Users\shinj\OneDrive\ドキュメント\Creation\ソフト開発\WindowsProject\20_SNFramework\51_Application\FrameworkApp\04_UserApp\SNUserApp.cpp","SNUserApp::~SNUserApp",cpp,5,4,0.0
"C:\Users\shinj\OneDrive\ドキュメント\Creation\ソフト開発\WindowsProject\20_SNFramework\51_Application\FrameworkApp\04_UserApp\SNUserApp.cpp","Void SNUserApp::OnPreDraw",cpp,6,5,0.0
"C:\Users\shinj\OneDrive\ドキュメント\Creation\ソフト開発\WindowsProject\20_SNFramework\51_Application\FrameworkApp\04_UserApp\SNUserApp.h","モジュール外",h,18,12,0.0
"C:\Users\shinj\OneDrive\ドキュメント\Creation\ソフト開発\WindowsProject\20_SNFramework\51_Application\FrameworkApp\05_World\SNWorld.cpp","モジュール外",cpp,2,1,0.0
"C:\Users\shinj\OneDrive\ドキュメント\Creation\ソフト開発\WindowsProject\20_SNFramework\51_Application\FrameworkApp\05_World\SNWorld.h","モジュール外",h,11,7,0.0
"C:\Users\shinj\OneDrive\ドキュメント\Creation\ソフト開発\WindowsProject\20_SNFramework\51_Application\FrameworkApp\06_BgApp\SNBgApp.cpp","モジュール外",cpp,7,4,19.2
"C:\Users\shinj\OneDrive\ドキュメント\Creation\ソフト開発\WindowsProject\20_SNFramework\51_Application\FrameworkApp\06_BgApp\SNBgApp.cpp","SNBgApp::SNBgApp",cpp,6,4,29.8
"C:\Users\shinj\OneDrive\ドキュメント\Creation\ソフト開発\WindowsProject\20_SNFramework\51_Application\FrameworkApp\06_BgApp\SNBgApp.cpp","SNBgApp::~SNBgApp",cpp,6,4,26.7
"C:\Users\shinj\OneDrive\ドキュメント\Creation\ソフト開発\WindowsProject\20_SNFramework\51_Application\FrameworkApp\06_BgApp\SNBgApp.cpp","Boolean SNBgApp::OnNotifyEvent",cpp,28,20,8.4
"C:\Users\shinj\OneDrive\ドキュメント\Creation\ソフト開発\WindowsProject\20_SNFramework\51_Application\FrameworkApp\06_BgApp\SNBgApp.h","モジュール外",h,23,12,32.9
"C:\Users\shinj\OneDrive\ドキュメント\Creation\ソフト開発\WindowsProject\20_SNFramework\52_GUI\Component\SNGUIButton.cpp","モジュール外",cpp,6,4,0.0
"C:\Users\shinj\OneDrive\ドキュメント\Creation\ソフト開発\WindowsProject\20_SNFramework\52_GUI\Component\SNGUIButton.cpp","SNGUIButton::SNGUIButton",cpp,18,12,11.2
"C:\Users\shinj\OneDrive\ドキュメント\Creation\ソフト開発\WindowsProject\20_SNFramework\52_GUI\Component\SNGUIButton.cpp","SNGUIButton::~SNGUIButton",cpp,6,4,22.3
"C:\Users\shinj\OneDrive\ドキュメント\Creation\ソフト開発\WindowsProject\20_SNFramework\52_GUI\Component\SNGUIButton.cpp","Boolean SNGUIButton::CheckHover",cpp,13,11,0.0
"C:\Users\shinj\OneDrive\ドキュメント\Creation\ソフト開発\WindowsProject\20_SNFramework\52_GUI\Component\SNGUIButton.cpp","Void SNGUIButton::OnInitialize",cpp,7,5,7.2
"C:\Users\shinj\OneDrive\ドキュメント\Creation\ソフト開発\WindowsProject\20_SNFramework\52_GUI\Component\SNGUIButton.cpp","Void SNGUIButton::OnTerminate",cpp,7,5,8.4
"C:\Users\shinj\OneDrive\ドキュメント\Creation\ソフト開発\WindowsProject\20_SNFramework\52_GUI\Component\SNGUIButton.cpp","Void SNGUIButton::OnCycle",cpp,10,6,0.0
"C:\Users\shinj\OneDrive\ドキュメント\Creation\ソフト開発\WindowsProject\20_SNFramework\52_GUI\Component\SNGUIButton.cpp","Void SNGUIButton::OnDraw",cpp,10,6,8.3
"C:\Users\shinj\OneDrive\ドキュメント\Creation\ソフト開発\WindowsProject\20_SNFramework\52_GUI\Component\SNGUIButton.cpp","Void SNGUIButton::DrawButton",cpp,10,6,5.5
"C:\Users\shinj\OneDrive\ドキュメント\Creation\ソフト開発\WindowsProject\20_SNFramework\52_GUI\Component\SNGUIButton.cpp","Void SNGUIButton::DrawFocus",cpp,10,6,7.0
"C:\Users\shinj\OneDrive\ドキュメント\Creation\ソフト開発\WindowsProject\20_SNFramework\52_GUI\Component\SNGUIButton.cpp","Void SNGUIButton::ButtonTiling",cpp,84,58,6.7
"C:\Users\shinj\OneDrive\ドキュメント\Creation\ソフト開発\WindowsProject\20_SNFramework\52_GUI\Component\SNGUIButton.cpp","SNGUI::ButtonBlockStatus SNGUIButton::JudgeStatus",cpp,28,21,0.0
"C:\Users\shinj\OneDrive\ドキュメント\Creation\ソフト開発\WindowsProject\20_SNFramework\52_GUI\Component\SNGUIButton.cpp","SNGUI::ButtonFocusStatus SNGUIButton::JudgeFocusStatus",cpp,19,17,0.0
"C:\Users\shinj\OneDrive\ドキュメント\Creation\ソフト開発\WindowsProject\20_SNFramework\52_GUI\Component\SNGUIButton.h","モジュール外",h,54,29,11.1
"C:\Users\shinj\OneDrive\ドキュメント\Creation\ソフト開発\WindowsProject\20_SNFramework\52_GUI\Component\SNGUIPicture.cpp","モジュール外",cpp,4,2,0.0
"C:\Users\shinj\OneDrive\ドキュメント\Creation\ソフト開発\WindowsProject\20_SNFramework\52_GUI\Component\SNGUIPicture.cpp","SNGUIPicture::SNGUIPicture",cpp,8,6,14.5
"C:\Users\shinj\OneDrive\ドキュメント\Creation\ソフト開発\WindowsProject\20_SNFramework\52_GUI\Component\SNGUIPicture.cpp","SNGUIPicture::~SNGUIPicture",cpp,6,4,22.7
"C:\Users\shinj\OneDrive\ドキュメント\Creation\ソフト開発\WindowsProject\20_SNFramework\52_GUI\Component\SNGUIPicture.cpp","Void SNGUIPicture::SetBitmap",cpp,7,5,19.0
"C:\Users\shinj\OneDrive\ドキュメント\Creation\ソフト開発\WindowsProject\20_SNFramework\52_GUI\Component\SNGUIPicture.cpp","Void SNGUIPicture::SetScaling",cpp,7,5,17.2
"C:\Users\shinj\OneDrive\ドキュメント\Creation\ソフト開発\WindowsProject\20_SNFramework\52_GUI\Component\SNGUIPicture.cpp","Void SNGUIPicture::OnInitialize",cpp,6,4,14.0
"C:\Users\shinj\OneDrive\ドキュメント\Creation\ソフト開発\WindowsProject\20_SNFramework\52_GUI\Component\SNGUIPicture.cpp","Void SNGUIPicture::OnTerminate",cpp,6,4,16.9
"C:\Users\shinj\OneDrive\ドキュメント\Creation\ソフト開発\WindowsProject\20_SNFramework\52_GUI\Component\SNGUIPicture.cpp","Void SNGUIPicture::OnPreDraw",cpp,6,4,20.0
"C:\Users\shinj\OneDrive\ドキュメント\Creation\ソフト開発\WindowsProject\20_SNFramework\52_GUI\Component\SNGUIPicture.cpp","Void SNGUIPicture::OnDraw",cpp,39,32,1.4
"C:\Users\shinj\OneDrive\ドキュメント\Creation\ソフト開発\WindowsProject\20_SNFramework\52_GUI\Component\SNGUIPicture.cpp","Void SNGUIPicture::OnPostDraw",cpp,5,4,20.3
"C:\Users\shinj\OneDrive\ドキュメント\Creation\ソフト開発\WindowsProject\20_SNFramework\52_GUI\Component\SNGUIPicture.h","モジュール外",h,40,20,19.0
"C:\Users\shinj\OneDrive\ドキュメント\Creation\ソフト開発\WindowsProject\20_SNFramework\52_GUI\Component\SNGUISystemText.cpp","モジュール外",cpp,7,4,10.3
"C:\Users\shinj\OneDrive\ドキュメント\Creation\ソフト開発\WindowsProject\20_SNFramework\52_GUI\Component\SNGUISystemText.cpp","SNGUISystemText::SNGUISystemText",cpp,8,4,32.9
"C:\Users\shinj\OneDrive\ドキュメント\Creation\ソフト開発\WindowsProject\20_SNFramework\52_GUI\Component\SNGUISystemText.cpp","SNGUISystemText::~SNGUISystemText",cpp,6,4,20.8
"C:\Users\shinj\OneDrive\ドキュメント\Creation\ソフト開発\WindowsProject\20_SNFramework\52_GUI\Component\SNGUISystemText.cpp","Void SNGUISystemText::OnInitialize",cpp,11,5,29.9
"C:\Users\shinj\OneDrive\ドキュメント\Creation\ソフト開発\WindowsProject\20_SNFramework\52_GUI\Component\SNGUISystemText.cpp","Void SNGUISystemText::OnTerminate",cpp,7,5,13.0
"C:\Users\shinj\OneDrive\ドキュメント\Creation\ソフト開発\WindowsProject\20_SNFramework\52_GUI\Component\SNGUISystemText.cpp","Void SNGUISystemText::OnDraw",cpp,19,12,8.3
"C:\Users\shinj\OneDrive\ドキュメント\Creation\ソフト開発\WindowsProject\20_SNFramework\52_GUI\Component\SNGUISystemText.cpp","Void SNGUISystemText::SetText(String text)",cpp,17,8,28.4
"C:\Users\shinj\OneDrive\ドキュメント\Creation\ソフト開発\WindowsProject\20_SNFramework\52_GUI\Component\SNGUISystemText.cpp","Void SNGUISystemText::SetText",cpp,16,8,25.1
"C:\Users\shinj\OneDrive\ドキュメント\Creation\ソフト開発\WindowsProject\20_SNFramework\52_GUI\Component\SNGUISystemText.h","モジュール外",h,34,17,22.8
"C:\Users\shinj\OneDrive\ドキュメント\Creation\ソフト開発\WindowsProject\20_SNFramework\52_GUI\Component\SNGUISystemTextEx.cpp","モジュール外",cpp,6,3,12.8
"C:\Users\shinj\OneDrive\ドキュメント\Creation\ソフト開発\WindowsProject\20_SNFramework\52_GUI\Component\SNGUISystemTextEx.cpp","SNGUISystemTextEx::SNGUISystemTextEx",cpp,10,6,24.0
"C:\Users\shinj\OneDrive\ドキュメント\Creation\ソフト開発\WindowsProject\20_SNFramework\52_GUI\Component\SNGUISystemTextEx.cpp","SNGUISystemTextEx::~SNGUISystemTextEx",cpp,6,4,19.7
"C:\Users\shinj\OneDrive\ドキュメント\Creation\ソフト開発\WindowsProject\20_SNFramework\52_GUI\Component\SNGUISystemTextEx.cpp","Void SNGUISystemTextEx::SetText",cpp,15,7,38.9
"C:\Users\shinj\OneDrive\ドキュメント\Creation\ソフト開発\WindowsProject\20_SNFramework\52_GUI\Component\SNGUISystemTextEx.cpp","Void SNGUISystemTextEx::SetValue",cpp,17,9,27.1
"C:\Users\shinj\OneDrive\ドキュメント\Creation\ソフト開発\WindowsProject\20_SNFramework\52_GUI\Component\SNGUISystemTextEx.cpp","Void SNGUISystemTextEx::OnInitialize",cpp,14,8,18.9
"C:\Users\shinj\OneDrive\ドキュメント\Creation\ソフト開発\WindowsProject\20_SNFramework\52_GUI\Component\SNGUISystemTextEx.cpp","Void SNGUISystemTextEx::OnTerminate",cpp,9,5,20.9
"C:\Users\shinj\OneDrive\ドキュメント\Creation\ソフト開発\WindowsProject\20_SNFramework\52_GUI\Component\SNGUISystemTextEx.cpp","Void SNGUISystemTextEx::OnPreDraw",cpp,22,12,25.8
"C:\Users\shinj\OneDrive\ドキュメント\Creation\ソフト開発\WindowsProject\20_SNFramework\52_GUI\Component\SNGUISystemTextEx.h","モジュール外",h,35,19,23.4
"C:\Users\shinj\OneDrive\ドキュメント\Creation\ソフト開発\WindowsProject\20_SNFramework\52_GUI\Component\SNGUIText.cpp","モジュール外",cpp,7,5,0.0
"C:\Users\shinj\OneDrive\ドキュメント\Creation\ソフト開発\WindowsProject\20_SNFramework\52_GUI\Component\SNGUIText.cpp","SNGUIText::SNGUIText",cpp,10,6,19.2
"C:\Users\shinj\OneDrive\ドキュメント\Creation\ソフト開発\WindowsProject\20_SNFramework\52_GUI\Component\SNGUIText.cpp","SNGUIText::~SNGUIText",cpp,6,4,25.0
"C:\Users\shinj\OneDrive\ドキュメント\Creation\ソフト開発\WindowsProject\20_SNFramework\52_GUI\Component\SNGUIText.cpp","Void SNGUIText::OnEntry",cpp,7,5,0.0
"C:\Users\shinj\OneDrive\ドキュメント\Creation\ソフト開発\WindowsProject\20_SNFramework\52_GUI\Component\SNGUIText.cpp","Void SNGUIText::OnExit",cpp,7,5,0.0
"C:\Users\shinj\OneDrive\ドキュメント\Creation\ソフト開発\WindowsProject\20_SNFramework\52_GUI\Component\SNGUIText.cpp","Void SNGUIText::OnPreDraw",cpp,12,8,21.1
"C:\Users\shinj\OneDrive\ドキュメント\Creation\ソフト開発\WindowsProject\20_SNFramework\52_GUI\Component\SNGUIText.cpp","Void SNGUIText::OnDraw",cpp,19,13,16.3
"C:\Users\shinj\OneDrive\ドキュメント\Creation\ソフト開発\WindowsProject\20_SNFramework\52_GUI\Component\SNGUIText.h","モジュール外",h,32,18,13.8
"C:\Users\shinj\OneDrive\ドキュメント\Creation\ソフト開発\WindowsProject\20_SNFramework\52_GUI\Component\SNGUITextEx.cpp","モジュール外",cpp,7,5,0.0
"C:\Users\shinj\OneDrive\ドキュメント\Creation\ソフト開発\WindowsProject\20_SNFramework\52_GUI\Component\SNGUITextEx.cpp","SNGUITextEx::SNGUITextEx",cpp,10,6,18.7
"C:\Users\shinj\OneDrive\ドキュメント\Creation\ソフト開発\WindowsProject\20_SNFramework\52_GUI\Component\SNGUITextEx.cpp","SNGUITextEx::~SNGUITextEx",cpp,6,4,23.4
"C:\Users\shinj\OneDrive\ドキュメント\Creation\ソフト開発\WindowsProject\20_SNFramework\52_GUI\Component\SNGUITextEx.cpp","Void SNGUITextEx::OnEntry",cpp,7,5,0.0
"C:\Users\shinj\OneDrive\ドキュメント\Creation\ソフト開発\WindowsProject\20_SNFramework\52_GUI\Component\SNGUITextEx.cpp","Void SNGUITextEx::OnExit",cpp,7,5,0.0
"C:\Users\shinj\OneDrive\ドキュメント\Creation\ソフト開発\WindowsProject\20_SNFramework\52_GUI\Component\SNGUITextEx.cpp","Void SNGUITextEx::OnPreDraw",cpp,15,9,30.1
"C:\Users\shinj\OneDrive\ドキュメント\Creation\ソフト開発\WindowsProject\20_SNFramework\52_GUI\Component\SNGUITextEx.cpp","Void SNGUITextEx::OnDraw",cpp,19,13,16.2
"C:\Users\shinj\OneDrive\ドキュメント\Creation\ソフト開発\WindowsProject\20_SNFramework\52_GUI\Component\SNGUITextEx.h","モジュール外",h,32,18,13.6
"C:\Users\shinj\OneDrive\ドキュメント\Creation\ソフト開発\WindowsProject\20_SNFramework\52_GUI\Component\SNGUIWindow.cpp","モジュール外",cpp,7,6,0.0
"C:\Users\shinj\OneDrive\ドキュメント\Creation\ソフト開発\WindowsProject\20_SNFramework\52_GUI\Component\SNGUIWindow.cpp","SNGUIWindow::SNGUIWindow",cpp,6,4,26.1
"C:\Users\shinj\OneDrive\ドキュメント\Creation\ソフト開発\WindowsProject\20_SNFramework\52_GUI\Component\SNGUIWindow.cpp","SNGUIWindow::~SNGUIWindow",cpp,6,4,23.4
"C:\Users\shinj\OneDrive\ドキュメント\Creation\ソフト開発\WindowsProject\20_SNFramework\52_GUI\Component\SNGUIWindow.cpp","Void SNGUIWindow::OnInitialize",cpp,7,5,7.5
"C:\Users\shinj\OneDrive\ドキュメント\Creation\ソフト開発\WindowsProject\20_SNFramework\52_GUI\Component\SNGUIWindow.cpp","Void SNGUIWindow::OnTerminate",cpp,8,5,8.7
"C:\Users\shinj\OneDrive\ドキュメント\Creation\ソフト開発\WindowsProject\20_SNFramework\52_GUI\Component\SNGUIWindow.cpp","Void SNGUIWindow::OnDraw",cpp,117,80,7.9
"C:\Users\shinj\OneDrive\ドキュメント\Creation\ソフト開発\WindowsProject\20_SNFramework\52_GUI\Component\SNGUIWindow.h","モジュール外",h,25,13,17.3
"C:\Users\shinj\OneDrive\ドキュメント\Creation\ソフト開発\WindowsProject\20_SNFramework\52_GUI\Core\SNGUI.cpp","モジュール外",cpp,4,3,0.0
"C:\Users\shinj\OneDrive\ドキュメント\Creation\ソフト開発\WindowsProject\20_SNFramework\52_GUI\Core\SNGUI.cpp","Void SNGUI::Tiling",cpp,45,32,1.0
"C:\Users\shinj\OneDrive\ドキュメント\Creation\ソフト開発\WindowsProject\20_SNFramework\52_GUI\Core\SNGUI.cpp","Void SNGUI::Initialize",cpp,6,4,22.0
"C:\Users\shinj\OneDrive\ドキュメント\Creation\ソフト開発\WindowsProject\20_SNFramework\52_GUI\Core\SNGUI.cpp","Void SNGUI::Startup",cpp,6,4,20.3
"C:\Users\shinj\OneDrive\ドキュメント\Creation\ソフト開発\WindowsProject\20_SNFramework\52_GUI\Core\SNGUI.cpp","Void SNGUI::Run",cpp,6,4,15.2
"C:\Users\shinj\OneDrive\ドキュメント\Creation\ソフト開発\WindowsProject\20_SNFramework\52_GUI\Core\SNGUI.cpp","Void SNGUI::BeforeTerminate",cpp,6,4,20.3
"C:\Users\shinj\OneDrive\ドキュメント\Creation\ソフト開発\WindowsProject\20_SNFramework\52_GUI\Core\SNGUI.cpp","Void SNGUI::Terminate",cpp,5,4,14.0
"C:\Users\shinj\OneDrive\ドキュメント\Creation\ソフト開発\WindowsProject\20_SNFramework\52_GUI\Core\SNGUI.h","モジュール外",h,156,107,14.3
"C:\Users\shinj\OneDrive\ドキュメント\Creation\ソフト開発\WindowsProject\20_SNFramework\71_Resource\Resource.h","モジュール外",h,18,2,30.4
"C:\Users\shinj\OneDrive\ドキュメント\Creation\ソフト開発\WindowsProject\20_SNFramework\71_Resource\SNFixedString.h","モジュール外",h,24,19,0.0
"C:\Users\shinj\OneDrive\ドキュメント\Creation\ソフト開発\WindowsProject\20_SNFramework\71_Resource\SNGraphicsResource.h","モジュール外",h,89,55,31.6
"C:\Users\shinj\OneDrive\ドキュメント\Creation\ソフト開発\WindowsProject\20_SNFramework\72_Config\Component\SNSystemConfig.h","モジュール外",h,127,36,42.4
"C:\Users\shinj\OneDrive\ドキュメント\Creation\ソフト開発\WindowsProject\20_SNFramework\72_Config\Component\SNUserConfig.cpp","モジュール外",cpp,9,4,25.8
"C:\Users\shinj\OneDrive\ドキュメント\Creation\ソフト開発\WindowsProject\20_SNFramework\72_Config\Component\SNUserConfig.cpp","Void SNUserConfig::Initialize",cpp,13,6,30.0
"C:\Users\shinj\OneDrive\ドキュメント\Creation\ソフト開発\WindowsProject\20_SNFramework\72_Config\Component\SNUserConfig.cpp","Void SNUserConfig::Terminate",cpp,9,5,26.6
"C:\Users\shinj\OneDrive\ドキュメント\Creation\ソフト開発\WindowsProject\20_SNFramework\72_Config\Component\SNUserConfig.cpp","Void SNUserConfig::LoadUserConfig",cpp,64,35,27.6
"C:\Users\shinj\OneDrive\ドキュメント\Creation\ソフト開発\WindowsProject\20_SNFramework\72_Config\Component\SNUserConfig.cpp","Void SNUserConfig::SaveUserConfig",cpp,27,11,32.6
"C:\Users\shinj\OneDrive\ドキュメント\Creation\ソフト開発\WindowsProject\20_SNFramework\72_Config\Component\SNUserConfig.cpp","UInt32 SNUserConfig::CalcCheckSum",cpp,17,13,20.4
"C:\Users\shinj\OneDrive\ドキュメント\Creation\ソフト開発\WindowsProject\20_SNFramework\72_Config\Component\SNUserConfig.h","モジュール外",h,161,107,48.2
"C:\Users\shinj\OneDrive\ドキュメント\Creation\ソフト開発\WindowsProject\20_SNFramework\72_Config\Core\SNConfig.cpp","モジュール外",cpp,6,3,18.6
"C:\Users\shinj\OneDrive\ドキュメント\Creation\ソフト開発\WindowsProject\20_SNFramework\72_Config\Core\SNConfig.cpp","Void SNConfig::Initialize",cpp,6,4,15.5
"C:\Users\shinj\OneDrive\ドキュメント\Creation\ソフト開発\WindowsProject\20_SNFramework\72_Config\Core\SNConfig.cpp","Void SNConfig::Startup",cpp,10,5,50.0
"C:\Users\shinj\OneDrive\ドキュメント\Creation\ソフト開発\WindowsProject\20_SNFramework\72_Config\Core\SNConfig.cpp","Void SNConfig::Run",cpp,6,4,14.2
"C:\Users\shinj\OneDrive\ドキュメント\Creation\ソフト開発\WindowsProject\20_SNFramework\72_Config\Core\SNConfig.cpp","Void SNConfig::BeforeTerminate",cpp,8,5,13.2
"C:\Users\shinj\OneDrive\ドキュメント\Creation\ソフト開発\WindowsProject\20_SNFramework\72_Config\Core\SNConfig.cpp","Void SNConfig::Terminate",cpp,6,4,12.7
"C:\Users\shinj\OneDrive\ドキュメント\Creation\ソフト開発\WindowsProject\20_SNFramework\72_Config\Core\SNConfig.h","モジュール外",h,27,14,23.1
全ステップ数, , ,24037,17142,13.7

クラス数,83
モジュール数,758
